workerid,proliferate.condition,base_image,category,edit_type,level,novel_word,perturbed_image,rating,response_time_ms,stimulus_id,error
205,Group 8,,,,,,,,,,
205,Group 8,,,,,,,,1700,,
205,Group 8,,,,,,,,3432,,
205,Group 8,,,,,,,7,4749,,
205,Group 8,,,,,,,1,3344,,
205,Group 8,,,,,,,6,3851,,
205,Group 8,,,,,,,,8979,,
205,Group 8,,,,,,,5,1264,,
205,Group 8,,,,,,,,1864,,
205,Group 8,https://raw.githubusercontent.com/adadtur/nvrd-sample/master/known/golden-retriever.png,known,color,20,froatne,https://raw.githubusercontent.com/adadtur/nvrd-sample/master/known/color/golden-retriever_20.png,5,3537,golden-retriever,
205,Group 8,https://raw.githubusercontent.com/adadtur/nvrd-sample/master/modified-shape-shape/crystal_telescope.png,modified/shape-shape,style,8,drublit,https://raw.githubusercontent.com/adadtur/nvrd-sample/master/modified-shape-shape/style/crystal_telescope_8.png,5,2241,crystal_telescope,
205,Group 8,https://raw.githubusercontent.com/adadtur/nvrd-sample/master/modified-shape-texture/checkerboard_tiger.png,modified/shape-texture,add,14,clentrel,https://raw.githubusercontent.com/adadtur/nvrd-sample/master/modified-shape-texture/add/checkerboard_tiger_14.png,5,1764,checkerboard_tiger,
205,Group 8,https://raw.githubusercontent.com/adadtur/nvrd-sample/master/known/corkscrew.png,known,add,17,vorthling,https://raw.githubusercontent.com/adadtur/nvrd-sample/master/known/add/corkscrew_17.png,1,2234,corkscrew,
205,Group 8,https://raw.githubusercontent.com/adadtur/nvrd-sample/master/modified-shape-texture/checkerboard_tiger.png,modified/shape-texture,color,14,clentrel,https://raw.githubusercontent.com/adadtur/nvrd-sample/master/modified-shape-texture/color/checkerboard_tiger_14.png,5,1492,checkerboard_tiger,
205,Group 8,https://raw.githubusercontent.com/adadtur/nvrd-sample/master/modified-shape-shape/crystal_telescope.png,modified/shape-shape,background,20,drublit,https://raw.githubusercontent.com/adadtur/nvrd-sample/master/modified-shape-shape/background/crystal_telescope_20.png,7,3604,crystal_telescope,
205,Group 8,https://raw.githubusercontent.com/adadtur/nvrd-sample/master/modified-shape-shape/drone_dagger.png,modified/shape-shape,color,8,zornett,https://raw.githubusercontent.com/adadtur/nvrd-sample/master/modified-shape-shape/color/drone_dagger_8.png,5,2643,drone_dagger,
205,Group 8,https://raw.githubusercontent.com/adadtur/nvrd-sample/master/modified-shape-shape/drone_dagger.png,modified/shape-shape,style,17,zornett,https://raw.githubusercontent.com/adadtur/nvrd-sample/master/modified-shape-shape/style/drone_dagger_17.png,4,2648,drone_dagger,
205,Group 8,https://raw.githubusercontent.com/adadtur/nvrd-sample/master/known/dolphin.png,known,shape,8,thrimple,https://raw.githubusercontent.com/adadtur/nvrd-sample/master/known/shape/dolphin_8.png,7,1799,dolphin,
205,Group 8,https://raw.githubusercontent.com/adadtur/nvrd-sample/master/known/rabbit.png,known,style,5,wrivlet,https://raw.githubusercontent.com/adadtur/nvrd-sample/master/known/style/rabbit_5.png,5,1397,rabbit,
205,Group 8,https://raw.githubusercontent.com/adadtur/nvrd-sample/master/novel/shape_13.png,novel,style,5,wrimble,https://raw.githubusercontent.com/adadtur/nvrd-sample/master/novel/style/shape_13_5.png,5,1498,shape_13,
205,Group 8,https://raw.githubusercontent.com/adadtur/nvrd-sample/master/novel/shape_24.png,novel,background,17,vraxel,https://raw.githubusercontent.com/adadtur/nvrd-sample/master/novel/background/shape_24_17.png,5,1031,shape_24,
205,Group 8,https://raw.githubusercontent.com/adadtur/nvrd-sample/master/novel/shape_19.png,novel,remove,20,frentish,https://raw.githubusercontent.com/adadtur/nvrd-sample/master/novel/remove/shape_19_20.png,1,1799,shape_19,
205,Group 8,https://raw.githubusercontent.com/adadtur/nvrd-sample/master/known/golden-retriever.png,,,,toma,https://raw.githubusercontent.com/adadtur/nvrd-sample/master/known/corkscrew.png,1,1383,attention_check_1,
205,Group 8,https://raw.githubusercontent.com/adadtur/nvrd-sample/master/modified-shape-shape/bonsai_crystal.png,modified/shape-shape,background,8,cravish,https://raw.githubusercontent.com/adadtur/nvrd-sample/master/modified-shape-shape/background/bonsai_crystal_8.png,1,1197,bonsai_crystal,
205,Group 8,https://raw.githubusercontent.com/adadtur/nvrd-sample/master/modified-shape-shape/crystal_telescope.png,modified/shape-shape,shape,8,drublit,https://raw.githubusercontent.com/adadtur/nvrd-sample/master/modified-shape-shape/shape/crystal_telescope_8.png,1,1200,crystal_telescope,
205,Group 8,https://raw.githubusercontent.com/adadtur/nvrd-sample/master/known/dolphin.png,known,add,14,thrimple,https://raw.githubusercontent.com/adadtur/nvrd-sample/master/known/add/dolphin_14.png,7,1364,dolphin,
205,Group 8,https://raw.githubusercontent.com/adadtur/nvrd-sample/master/known/golden-retriever.png,known,add,2,froatne,https://raw.githubusercontent.com/adadtur/nvrd-sample/master/known/add/golden-retriever_2.png,1,2065,golden-retriever,
205,Group 8,https://raw.githubusercontent.com/adadtur/nvrd-sample/master/modified-shape-texture/checkerboard_tiger.png,modified/shape-texture,background,19,clentrel,https://raw.githubusercontent.com/adadtur/nvrd-sample/master/modified-shape-texture/background/checkerboard_tiger_19.png,1,1332,checkerboard_tiger,
205,Group 8,https://raw.githubusercontent.com/adadtur/nvrd-sample/master/modified-shape-texture/checkerboard_tiger.png,modified/shape-texture,background,20,clentrel,https://raw.githubusercontent.com/adadtur/nvrd-sample/master/modified-shape-texture/background/checkerboard_tiger_20.png,1,2381,checkerboard_tiger,
205,Group 8,https://raw.githubusercontent.com/adadtur/nvrd-sample/master/known/corkscrew.png,known,color,5,vorthling,https://raw.githubusercontent.com/adadtur/nvrd-sample/master/known/color/corkscrew_5.png,5,1549,corkscrew,
205,Group 8,https://raw.githubusercontent.com/adadtur/nvrd-sample/master/known/horse.png,known,texture,11,skelwick,https://raw.githubusercontent.com/adadtur/nvrd-sample/master/known/texture/horse_11.png,3,5546,horse,
205,Group 8,https://raw.githubusercontent.com/adadtur/nvrd-sample/master/modified-shape-texture/bird-feathers_saxophone.png,modified/shape-texture,shape,5,plonwick,https://raw.githubusercontent.com/adadtur/nvrd-sample/master/modified-shape-texture/shape/bird-feathers_saxophone_5.png,1,1530,bird-feathers_saxophone,
205,Group 8,https://raw.githubusercontent.com/adadtur/nvrd-sample/master/modified-shape-texture/checkerboard_tiger.png,modified/shape-texture,add,17,clentrel,https://raw.githubusercontent.com/adadtur/nvrd-sample/master/modified-shape-texture/add/checkerboard_tiger_17.png,1,1700,checkerboard_tiger,
205,Group 8,https://raw.githubusercontent.com/adadtur/nvrd-sample/master/modified-shape-texture/checkerboard_tv-remote.png,modified/shape-texture,remove,5,grestle,https://raw.githubusercontent.com/adadtur/nvrd-sample/master/modified-shape-texture/remove/checkerboard_tv-remote_5.png,1,2533,checkerboard_tv-remote,
205,Group 8,https://raw.githubusercontent.com/adadtur/nvrd-sample/master/modified-shape-shape/crystal_telescope.png,modified/shape-shape,texture,17,drublit,https://raw.githubusercontent.com/adadtur/nvrd-sample/master/modified-shape-shape/texture/crystal_telescope_17.png,1,1278,crystal_telescope,
205,Group 8,https://raw.githubusercontent.com/adadtur/nvrd-sample/master/known/horse.png,known,background,19,skelwick,https://raw.githubusercontent.com/adadtur/nvrd-sample/master/known/background/horse_19.png,5,2049,horse,
205,Group 8,https://raw.githubusercontent.com/adadtur/nvrd-sample/master/known/dolphin.png,,,,blick,https://raw.githubusercontent.com/adadtur/nvrd-sample/master/known/rabbit.png,1,1419,attention_check_2,
205,Group 8,https://raw.githubusercontent.com/adadtur/nvrd-sample/master/known/horse.png,known,style,14,skelwick,https://raw.githubusercontent.com/adadtur/nvrd-sample/master/known/style/horse_14.png,1,1442,horse,
205,Group 8,https://raw.githubusercontent.com/adadtur/nvrd-sample/master/novel/shape_16.png,novel,style,20,sdrindle,https://raw.githubusercontent.com/adadtur/nvrd-sample/master/novel/style/shape_16_20.png,1,981,shape_16,
205,Group 8,https://raw.githubusercontent.com/adadtur/nvrd-sample/master/novel/shape_11.png,novel,remove,11,scradge,https://raw.githubusercontent.com/adadtur/nvrd-sample/master/novel/remove/shape_11_11.png,1,867,shape_11,
205,Group 8,https://raw.githubusercontent.com/adadtur/nvrd-sample/master/known/corkscrew.png,known,background,8,vorthling,https://raw.githubusercontent.com/adadtur/nvrd-sample/master/known/background/corkscrew_8.png,5,2979,corkscrew,
205,Group 8,https://raw.githubusercontent.com/adadtur/nvrd-sample/master/novel/shape_28.png,novel,color,2,frostling,https://raw.githubusercontent.com/adadtur/nvrd-sample/master/novel/color/shape_28_2.png,7,2349,shape_28,
205,Group 8,https://raw.githubusercontent.com/adadtur/nvrd-sample/master/novel/shape_11.png,novel,remove,19,scradge,https://raw.githubusercontent.com/adadtur/nvrd-sample/master/novel/remove/shape_11_19.png,1,1678,shape_11,
205,Group 8,https://raw.githubusercontent.com/adadtur/nvrd-sample/master/novel/shape_13.png,novel,color,8,wrimble,https://raw.githubusercontent.com/adadtur/nvrd-sample/master/novel/color/shape_13_8.png,1,949,shape_13,
205,Group 8,https://raw.githubusercontent.com/adadtur/nvrd-sample/master/known/corkscrew.png,known,remove,8,vorthling,https://raw.githubusercontent.com/adadtur/nvrd-sample/master/known/remove/corkscrew_8.png,1,1597,corkscrew,
205,Group 8,https://raw.githubusercontent.com/adadtur/nvrd-sample/master/known/bee.png,known,background,5,snavish,https://raw.githubusercontent.com/adadtur/nvrd-sample/master/known/background/bee_5.png,1,1067,bee,
205,Group 8,https://raw.githubusercontent.com/adadtur/nvrd-sample/master/modified-shape-texture/checkerboard_tv-remote.png,modified/shape-texture,shape,5,grestle,https://raw.githubusercontent.com/adadtur/nvrd-sample/master/modified-shape-texture/shape/checkerboard_tv-remote_5.png,1,2046,checkerboard_tv-remote,
205,Group 8,https://raw.githubusercontent.com/adadtur/nvrd-sample/master/modified-shape-shape/drone_dagger.png,modified/shape-shape,shape,20,zornett,https://raw.githubusercontent.com/adadtur/nvrd-sample/master/modified-shape-shape/shape/drone_dagger_20.png,1,1797,drone_dagger,
205,Group 8,https://raw.githubusercontent.com/adadtur/nvrd-sample/master/novel/shape_24.png,novel,add,20,vraxel,https://raw.githubusercontent.com/adadtur/nvrd-sample/master/novel/add/shape_24_20.png,1,902,shape_24,
205,Group 8,https://raw.githubusercontent.com/adadtur/nvrd-sample/master/known/bee.png,known,add,14,snavish,https://raw.githubusercontent.com/adadtur/nvrd-sample/master/known/add/bee_14.png,1,1113,bee,
205,Group 8,https://raw.githubusercontent.com/adadtur/nvrd-sample/master/known/rabbit.png,,,,pon,https://raw.githubusercontent.com/adadtur/nvrd-sample/master/known/corkscrew.png,1,948,attention_check_3,
205,Group 8,https://raw.githubusercontent.com/adadtur/nvrd-sample/master/modified-shape-texture/checkerboard_tv-remote.png,modified/shape-texture,style,17,grestle,https://raw.githubusercontent.com/adadtur/nvrd-sample/master/modified-shape-texture/style/checkerboard_tv-remote_17.png,1,1398,checkerboard_tv-remote,
205,Group 8,https://raw.githubusercontent.com/adadtur/nvrd-sample/master/known/golden-retriever.png,known,shape,5,froatne,https://raw.githubusercontent.com/adadtur/nvrd-sample/master/known/shape/golden-retriever_5.png,1,1016,golden-retriever,
205,Group 8,https://raw.githubusercontent.com/adadtur/nvrd-sample/master/known/dolphin.png,known,add,8,thrimple,https://raw.githubusercontent.com/adadtur/nvrd-sample/master/known/add/dolphin_8.png,7,1564,dolphin,
205,Group 8,https://raw.githubusercontent.com/adadtur/nvrd-sample/master/known/rabbit.png,known,texture,20,wrivlet,https://raw.githubusercontent.com/adadtur/nvrd-sample/master/known/texture/rabbit_20.png,3,2481,rabbit,
205,Group 8,https://raw.githubusercontent.com/adadtur/nvrd-sample/master/known/rabbit.png,known,style,8,wrivlet,https://raw.githubusercontent.com/adadtur/nvrd-sample/master/known/style/rabbit_8.png,5,2217,rabbit,
205,Group 8,https://raw.githubusercontent.com/adadtur/nvrd-sample/master/modified-shape-texture/checkerboard_tiger.png,modified/shape-texture,color,20,clentrel,https://raw.githubusercontent.com/adadtur/nvrd-sample/master/modified-shape-texture/color/checkerboard_tiger_20.png,7,1614,checkerboard_tiger,
205,Group 8,https://raw.githubusercontent.com/adadtur/nvrd-sample/master/modified-shape-texture/checkerboard_tv-remote.png,modified/shape-texture,background,8,grestle,https://raw.githubusercontent.com/adadtur/nvrd-sample/master/modified-shape-texture/background/checkerboard_tv-remote_8.png,7,2448,checkerboard_tv-remote,
205,Group 8,https://raw.githubusercontent.com/adadtur/nvrd-sample/master/novel/shape_28.png,novel,color,8,frostling,https://raw.githubusercontent.com/adadtur/nvrd-sample/master/novel/color/shape_28_8.png,7,1768,shape_28,
205,Group 8,https://raw.githubusercontent.com/adadtur/nvrd-sample/master/known/rabbit.png,known,add,2,wrivlet,https://raw.githubusercontent.com/adadtur/nvrd-sample/master/known/add/rabbit_2.png,4,2895,rabbit,
205,Group 8,https://raw.githubusercontent.com/adadtur/nvrd-sample/master/known/corkscrew.png,known,texture,2,vorthling,https://raw.githubusercontent.com/adadtur/nvrd-sample/master/known/texture/corkscrew_2.png,7,1696,corkscrew,
205,Group 8,https://raw.githubusercontent.com/adadtur/nvrd-sample/master/novel/shape_24.png,novel,texture,20,vraxel,https://raw.githubusercontent.com/adadtur/nvrd-sample/master/novel/texture/shape_24_20.png,1,1765,shape_24,
205,Group 8,https://raw.githubusercontent.com/adadtur/nvrd-sample/master/modified-shape-texture/checkerboard_tv-remote.png,modified/shape-texture,texture,19,grestle,https://raw.githubusercontent.com/adadtur/nvrd-sample/master/modified-shape-texture/texture/checkerboard_tv-remote_19.png,1,883,checkerboard_tv-remote,
205,Group 8,https://raw.githubusercontent.com/adadtur/nvrd-sample/master/known/bee.png,known,add,8,snavish,https://raw.githubusercontent.com/adadtur/nvrd-sample/master/known/add/bee_8.png,1,784,bee,
205,Group 8,https://raw.githubusercontent.com/adadtur/nvrd-sample/master/known/corkscrew.png,,,,neb,https://raw.githubusercontent.com/adadtur/nvrd-sample/master/known/golden-retriever.png,1,928,attention_check_4,
205,Group 8,https://raw.githubusercontent.com/adadtur/nvrd-sample/master/modified-shape-texture/checkerboard_tv-remote.png,modified/shape-texture,style,5,grestle,https://raw.githubusercontent.com/adadtur/nvrd-sample/master/modified-shape-texture/style/checkerboard_tv-remote_5.png,1,1165,checkerboard_tv-remote,
205,Group 8,https://raw.githubusercontent.com/adadtur/nvrd-sample/master/known/corkscrew.png,known,background,20,vorthling,https://raw.githubusercontent.com/adadtur/nvrd-sample/master/known/background/corkscrew_20.png,5,2515,corkscrew,
205,Group 8,https://raw.githubusercontent.com/adadtur/nvrd-sample/master/modified-shape-texture/bird-feathers_saxophone.png,modified/shape-texture,add,17,plonwick,https://raw.githubusercontent.com/adadtur/nvrd-sample/master/modified-shape-texture/add/bird-feathers_saxophone_17.png,1,1247,bird-feathers_saxophone,
205,Group 8,https://raw.githubusercontent.com/adadtur/nvrd-sample/master/modified-shape-texture/checkerboard_tiger.png,modified/shape-texture,shape,11,clentrel,https://raw.githubusercontent.com/adadtur/nvrd-sample/master/modified-shape-texture/shape/checkerboard_tiger_11.png,1,898,checkerboard_tiger,
205,Group 8,https://raw.githubusercontent.com/adadtur/nvrd-sample/master/novel/shape_19.png,novel,texture,14,frentish,https://raw.githubusercontent.com/adadtur/nvrd-sample/master/novel/texture/shape_19_14.png,1,783,shape_19,
205,Group 8,https://raw.githubusercontent.com/adadtur/nvrd-sample/master/known/horse.png,known,color,20,skelwick,https://raw.githubusercontent.com/adadtur/nvrd-sample/master/known/color/horse_20.png,5,2531,horse,
205,Group 8,https://raw.githubusercontent.com/adadtur/nvrd-sample/master/known/bee.png,known,remove,14,snavish,https://raw.githubusercontent.com/adadtur/nvrd-sample/master/known/remove/bee_14.png,1,1417,bee,
205,Group 8,https://raw.githubusercontent.com/adadtur/nvrd-sample/master/modified-shape-texture/bird-feathers_saxophone.png,modified/shape-texture,texture,5,plonwick,https://raw.githubusercontent.com/adadtur/nvrd-sample/master/modified-shape-texture/texture/bird-feathers_saxophone_5.png,1,781,bird-feathers_saxophone,
205,Group 8,https://raw.githubusercontent.com/adadtur/nvrd-sample/master/modified-shape-texture/checkerboard_tiger.png,modified/shape-texture,background,8,clentrel,https://raw.githubusercontent.com/adadtur/nvrd-sample/master/modified-shape-texture/background/checkerboard_tiger_8.png,5,1867,checkerboard_tiger,
205,Group 8,https://raw.githubusercontent.com/adadtur/nvrd-sample/master/modified-shape-texture/checkerboard_tv-remote.png,modified/shape-texture,texture,17,grestle,https://raw.githubusercontent.com/adadtur/nvrd-sample/master/modified-shape-texture/texture/checkerboard_tv-remote_17.png,1,1247,checkerboard_tv-remote,
205,Group 8,https://raw.githubusercontent.com/adadtur/nvrd-sample/master/known/corkscrew.png,known,shape,14,vorthling,https://raw.githubusercontent.com/adadtur/nvrd-sample/master/known/shape/corkscrew_14.png,1,1200,corkscrew,
205,Group 8,https://raw.githubusercontent.com/adadtur/nvrd-sample/master/novel/shape_13.png,novel,texture,5,wrimble,https://raw.githubusercontent.com/adadtur/nvrd-sample/master/novel/texture/shape_13_5.png,1,880,shape_13,
205,Group 8,https://raw.githubusercontent.com/adadtur/nvrd-sample/master/known/dolphin.png,,,,rav,https://raw.githubusercontent.com/adadtur/nvrd-sample/master/known/rabbit.png,1,2048,attention_check_5,
205,Group 8,https://raw.githubusercontent.com/adadtur/nvrd-sample/master/known/corkscrew.png,known,shape,20,vorthling,https://raw.githubusercontent.com/adadtur/nvrd-sample/master/known/shape/corkscrew_20.png,1,981,corkscrew,
205,Group 8,https://raw.githubusercontent.com/adadtur/nvrd-sample/master/known/bee.png,known,color,19,snavish,https://raw.githubusercontent.com/adadtur/nvrd-sample/master/known/color/bee_19.png,5,1515,bee,
205,Group 8,https://raw.githubusercontent.com/adadtur/nvrd-sample/master/known/horse.png,known,shape,2,skelwick,https://raw.githubusercontent.com/adadtur/nvrd-sample/master/known/shape/horse_2.png,5,1033,horse,
205,Group 8,https://raw.githubusercontent.com/adadtur/nvrd-sample/master/novel/shape_28.png,novel,style,8,frostling,https://raw.githubusercontent.com/adadtur/nvrd-sample/master/novel/style/shape_28_8.png,5,896,shape_28,
205,Group 8,https://raw.githubusercontent.com/adadtur/nvrd-sample/master/modified-shape-shape/drone_dagger.png,modified/shape-shape,shape,8,zornett,https://raw.githubusercontent.com/adadtur/nvrd-sample/master/modified-shape-shape/shape/drone_dagger_8.png,1,1419,drone_dagger,
205,Group 8,https://raw.githubusercontent.com/adadtur/nvrd-sample/master/known/horse.png,known,style,11,skelwick,https://raw.githubusercontent.com/adadtur/nvrd-sample/master/known/style/horse_11.png,5,1646,horse,
205,Group 8,https://raw.githubusercontent.com/adadtur/nvrd-sample/master/known/corkscrew.png,known,color,8,vorthling,https://raw.githubusercontent.com/adadtur/nvrd-sample/master/known/color/corkscrew_8.png,7,1484,corkscrew,
205,Group 8,https://raw.githubusercontent.com/adadtur/nvrd-sample/master/novel/shape_13.png,novel,remove,17,wrimble,https://raw.githubusercontent.com/adadtur/nvrd-sample/master/novel/remove/shape_13_17.png,1,1079,shape_13,
205,Group 8,https://raw.githubusercontent.com/adadtur/nvrd-sample/master/novel/shape_28.png,novel,remove,19,frostling,https://raw.githubusercontent.com/adadtur/nvrd-sample/master/novel/remove/shape_28_19.png,1,766,shape_28,
205,Group 8,https://raw.githubusercontent.com/adadtur/nvrd-sample/master/modified-shape-shape/drone_dagger.png,modified/shape-shape,texture,11,zornett,https://raw.githubusercontent.com/adadtur/nvrd-sample/master/modified-shape-shape/texture/drone_dagger_11.png,1,797,drone_dagger,
205,Group 8,https://raw.githubusercontent.com/adadtur/nvrd-sample/master/modified-shape-texture/checkerboard_tv-remote.png,modified/shape-texture,remove,14,grestle,https://raw.githubusercontent.com/adadtur/nvrd-sample/master/modified-shape-texture/remove/checkerboard_tv-remote_14.png,1,920,checkerboard_tv-remote,
205,Group 8,https://raw.githubusercontent.com/adadtur/nvrd-sample/master/novel/shape_28.png,novel,remove,17,frostling,https://raw.githubusercontent.com/adadtur/nvrd-sample/master/novel/remove/shape_28_17.png,1,1813,shape_28,
205,Group 8,,,,,,,,1598,,
187,Group 8,,,,,,,,,,
187,Group 8,,,,,,,,8656,,
187,Group 8,,,,,,,,13975,,
187,Group 8,,,,,,,7,7231,,
187,Group 8,,,,,,,1,3679,,
187,Group 8,,,,,,,5,6023,,
187,Group 8,,,,,,,,2207,,
187,Group 8,https://raw.githubusercontent.com/adadtur/nvrd-sample/master/modified-shape-shape/crystal_telescope.png,modified/shape-shape,shape,8,drublit,https://raw.githubusercontent.com/adadtur/nvrd-sample/master/modified-shape-shape/shape/crystal_telescope_8.png,5,7015,crystal_telescope,
187,Group 8,https://raw.githubusercontent.com/adadtur/nvrd-sample/master/modified-shape-texture/checkerboard_tiger.png,modified/shape-texture,shape,11,clentrel,https://raw.githubusercontent.com/adadtur/nvrd-sample/master/modified-shape-texture/shape/checkerboard_tiger_11.png,7,6014,checkerboard_tiger,
187,Group 8,https://raw.githubusercontent.com/adadtur/nvrd-sample/master/modified-shape-shape/crystal_telescope.png,modified/shape-shape,texture,17,drublit,https://raw.githubusercontent.com/adadtur/nvrd-sample/master/modified-shape-shape/texture/crystal_telescope_17.png,7,3383,crystal_telescope,
187,Group 8,https://raw.githubusercontent.com/adadtur/nvrd-sample/master/modified-shape-texture/checkerboard_tv-remote.png,modified/shape-texture,shape,5,grestle,https://raw.githubusercontent.com/adadtur/nvrd-sample/master/modified-shape-texture/shape/checkerboard_tv-remote_5.png,6,4535,checkerboard_tv-remote,
187,Group 8,https://raw.githubusercontent.com/adadtur/nvrd-sample/master/known/horse.png,known,background,19,skelwick,https://raw.githubusercontent.com/adadtur/nvrd-sample/master/known/background/horse_19.png,7,4703,horse,
187,Group 8,https://raw.githubusercontent.com/adadtur/nvrd-sample/master/modified-shape-texture/checkerboard_tv-remote.png,modified/shape-texture,texture,19,grestle,https://raw.githubusercontent.com/adadtur/nvrd-sample/master/modified-shape-texture/texture/checkerboard_tv-remote_19.png,6,9455,checkerboard_tv-remote,
187,Group 8,https://raw.githubusercontent.com/adadtur/nvrd-sample/master/known/golden-retriever.png,known,shape,5,froatne,https://raw.githubusercontent.com/adadtur/nvrd-sample/master/known/shape/golden-retriever_5.png,4,7671,golden-retriever,
187,Group 8,https://raw.githubusercontent.com/adadtur/nvrd-sample/master/novel/shape_13.png,novel,style,5,wrimble,https://raw.githubusercontent.com/adadtur/nvrd-sample/master/novel/style/shape_13_5.png,6,4487,shape_13,
187,Group 8,https://raw.githubusercontent.com/adadtur/nvrd-sample/master/known/bee.png,known,add,14,snavish,https://raw.githubusercontent.com/adadtur/nvrd-sample/master/known/add/bee_14.png,6,7080,bee,
187,Group 8,https://raw.githubusercontent.com/adadtur/nvrd-sample/master/modified-shape-texture/bird-feathers_saxophone.png,modified/shape-texture,texture,5,plonwick,https://raw.githubusercontent.com/adadtur/nvrd-sample/master/modified-shape-texture/texture/bird-feathers_saxophone_5.png,7,4199,bird-feathers_saxophone,
187,Group 8,https://raw.githubusercontent.com/adadtur/nvrd-sample/master/novel/shape_28.png,novel,remove,17,frostling,https://raw.githubusercontent.com/adadtur/nvrd-sample/master/novel/remove/shape_28_17.png,1,3903,shape_28,
187,Group 8,https://raw.githubusercontent.com/adadtur/nvrd-sample/master/novel/shape_16.png,novel,style,20,sdrindle,https://raw.githubusercontent.com/adadtur/nvrd-sample/master/novel/style/shape_16_20.png,1,3671,shape_16,
187,Group 8,https://raw.githubusercontent.com/adadtur/nvrd-sample/master/known/corkscrew.png,known,shape,20,vorthling,https://raw.githubusercontent.com/adadtur/nvrd-sample/master/known/shape/corkscrew_20.png,5,9296,corkscrew,
187,Group 8,https://raw.githubusercontent.com/adadtur/nvrd-sample/master/known/golden-retriever.png,,,,toma,https://raw.githubusercontent.com/adadtur/nvrd-sample/master/known/corkscrew.png,1,2198,attention_check_1,
187,Group 8,https://raw.githubusercontent.com/adadtur/nvrd-sample/master/known/bee.png,known,background,5,snavish,https://raw.githubusercontent.com/adadtur/nvrd-sample/master/known/background/bee_5.png,7,6391,bee,
187,Group 8,https://raw.githubusercontent.com/adadtur/nvrd-sample/master/known/corkscrew.png,known,color,5,vorthling,https://raw.githubusercontent.com/adadtur/nvrd-sample/master/known/color/corkscrew_5.png,7,3511,corkscrew,
187,Group 8,https://raw.githubusercontent.com/adadtur/nvrd-sample/master/known/corkscrew.png,known,background,20,vorthling,https://raw.githubusercontent.com/adadtur/nvrd-sample/master/known/background/corkscrew_20.png,7,4768,corkscrew,
187,Group 8,https://raw.githubusercontent.com/adadtur/nvrd-sample/master/novel/shape_28.png,novel,color,2,frostling,https://raw.githubusercontent.com/adadtur/nvrd-sample/master/novel/color/shape_28_2.png,7,2807,shape_28,
187,Group 8,https://raw.githubusercontent.com/adadtur/nvrd-sample/master/modified-shape-texture/checkerboard_tiger.png,modified/shape-texture,color,20,clentrel,https://raw.githubusercontent.com/adadtur/nvrd-sample/master/modified-shape-texture/color/checkerboard_tiger_20.png,7,4887,checkerboard_tiger,
187,Group 8,https://raw.githubusercontent.com/adadtur/nvrd-sample/master/novel/shape_13.png,novel,remove,17,wrimble,https://raw.githubusercontent.com/adadtur/nvrd-sample/master/novel/remove/shape_13_17.png,1,3599,shape_13,
187,Group 8,https://raw.githubusercontent.com/adadtur/nvrd-sample/master/known/bee.png,known,remove,14,snavish,https://raw.githubusercontent.com/adadtur/nvrd-sample/master/known/remove/bee_14.png,1,2015,bee,
187,Group 8,https://raw.githubusercontent.com/adadtur/nvrd-sample/master/modified-shape-shape/crystal_telescope.png,modified/shape-shape,background,20,drublit,https://raw.githubusercontent.com/adadtur/nvrd-sample/master/modified-shape-shape/background/crystal_telescope_20.png,7,4631,crystal_telescope,
187,Group 8,https://raw.githubusercontent.com/adadtur/nvrd-sample/master/known/corkscrew.png,known,remove,8,vorthling,https://raw.githubusercontent.com/adadtur/nvrd-sample/master/known/remove/corkscrew_8.png,1,2623,corkscrew,
187,Group 8,https://raw.githubusercontent.com/adadtur/nvrd-sample/master/novel/shape_28.png,novel,remove,19,frostling,https://raw.githubusercontent.com/adadtur/nvrd-sample/master/novel/remove/shape_28_19.png,1,1662,shape_28,
187,Group 8,https://raw.githubusercontent.com/adadtur/nvrd-sample/master/novel/shape_19.png,novel,remove,20,frentish,https://raw.githubusercontent.com/adadtur/nvrd-sample/master/novel/remove/shape_19_20.png,4,4464,shape_19,
187,Group 8,https://raw.githubusercontent.com/adadtur/nvrd-sample/master/known/corkscrew.png,known,color,8,vorthling,https://raw.githubusercontent.com/adadtur/nvrd-sample/master/known/color/corkscrew_8.png,7,1831,corkscrew,
187,Group 8,https://raw.githubusercontent.com/adadtur/nvrd-sample/master/modified-shape-shape/drone_dagger.png,modified/shape-shape,texture,11,zornett,https://raw.githubusercontent.com/adadtur/nvrd-sample/master/modified-shape-shape/texture/drone_dagger_11.png,7,2663,drone_dagger,
187,Group 8,https://raw.githubusercontent.com/adadtur/nvrd-sample/master/known/dolphin.png,,,,blick,https://raw.githubusercontent.com/adadtur/nvrd-sample/master/known/rabbit.png,1,1743,attention_check_2,
187,Group 8,https://raw.githubusercontent.com/adadtur/nvrd-sample/master/known/horse.png,known,color,20,skelwick,https://raw.githubusercontent.com/adadtur/nvrd-sample/master/known/color/horse_20.png,7,2479,horse,
187,Group 8,https://raw.githubusercontent.com/adadtur/nvrd-sample/master/modified-shape-texture/checkerboard_tv-remote.png,modified/shape-texture,style,5,grestle,https://raw.githubusercontent.com/adadtur/nvrd-sample/master/modified-shape-texture/style/checkerboard_tv-remote_5.png,7,3695,checkerboard_tv-remote,
187,Group 8,https://raw.githubusercontent.com/adadtur/nvrd-sample/master/modified-shape-texture/checkerboard_tv-remote.png,modified/shape-texture,remove,5,grestle,https://raw.githubusercontent.com/adadtur/nvrd-sample/master/modified-shape-texture/remove/checkerboard_tv-remote_5.png,5,8767,checkerboard_tv-remote,
187,Group 8,https://raw.githubusercontent.com/adadtur/nvrd-sample/master/modified-shape-texture/checkerboard_tiger.png,modified/shape-texture,background,20,clentrel,https://raw.githubusercontent.com/adadtur/nvrd-sample/master/modified-shape-texture/background/checkerboard_tiger_20.png,5,2831,checkerboard_tiger,
187,Group 8,https://raw.githubusercontent.com/adadtur/nvrd-sample/master/novel/shape_13.png,novel,texture,5,wrimble,https://raw.githubusercontent.com/adadtur/nvrd-sample/master/novel/texture/shape_13_5.png,7,3431,shape_13,
187,Group 8,https://raw.githubusercontent.com/adadtur/nvrd-sample/master/known/corkscrew.png,known,shape,14,vorthling,https://raw.githubusercontent.com/adadtur/nvrd-sample/master/known/shape/corkscrew_14.png,3,4711,corkscrew,
187,Group 8,https://raw.githubusercontent.com/adadtur/nvrd-sample/master/novel/shape_13.png,novel,color,8,wrimble,https://raw.githubusercontent.com/adadtur/nvrd-sample/master/novel/color/shape_13_8.png,7,3183,shape_13,
187,Group 8,https://raw.githubusercontent.com/adadtur/nvrd-sample/master/novel/shape_11.png,novel,remove,11,scradge,https://raw.githubusercontent.com/adadtur/nvrd-sample/master/novel/remove/shape_11_11.png,4,10183,shape_11,
187,Group 8,https://raw.githubusercontent.com/adadtur/nvrd-sample/master/modified-shape-texture/checkerboard_tv-remote.png,modified/shape-texture,remove,14,grestle,https://raw.githubusercontent.com/adadtur/nvrd-sample/master/modified-shape-texture/remove/checkerboard_tv-remote_14.png,1,1991,checkerboard_tv-remote,
187,Group 8,https://raw.githubusercontent.com/adadtur/nvrd-sample/master/novel/shape_28.png,novel,color,8,frostling,https://raw.githubusercontent.com/adadtur/nvrd-sample/master/novel/color/shape_28_8.png,7,4055,shape_28,
187,Group 8,https://raw.githubusercontent.com/adadtur/nvrd-sample/master/known/horse.png,known,style,11,skelwick,https://raw.githubusercontent.com/adadtur/nvrd-sample/master/known/style/horse_11.png,7,3742,horse,
187,Group 8,https://raw.githubusercontent.com/adadtur/nvrd-sample/master/modified-shape-texture/checkerboard_tiger.png,modified/shape-texture,add,17,clentrel,https://raw.githubusercontent.com/adadtur/nvrd-sample/master/modified-shape-texture/add/checkerboard_tiger_17.png,7,2496,checkerboard_tiger,
187,Group 8,https://raw.githubusercontent.com/adadtur/nvrd-sample/master/modified-shape-texture/checkerboard_tiger.png,modified/shape-texture,color,14,clentrel,https://raw.githubusercontent.com/adadtur/nvrd-sample/master/modified-shape-texture/color/checkerboard_tiger_14.png,7,1319,checkerboard_tiger,
187,Group 8,https://raw.githubusercontent.com/adadtur/nvrd-sample/master/known/rabbit.png,,,,pon,https://raw.githubusercontent.com/adadtur/nvrd-sample/master/known/corkscrew.png,1,2095,attention_check_3,
187,Group 8,https://raw.githubusercontent.com/adadtur/nvrd-sample/master/modified-shape-shape/bonsai_crystal.png,modified/shape-shape,background,8,cravish,https://raw.githubusercontent.com/adadtur/nvrd-sample/master/modified-shape-shape/background/bonsai_crystal_8.png,7,3927,bonsai_crystal,
187,Group 8,https://raw.githubusercontent.com/adadtur/nvrd-sample/master/modified-shape-shape/drone_dagger.png,modified/shape-shape,color,8,zornett,https://raw.githubusercontent.com/adadtur/nvrd-sample/master/modified-shape-shape/color/drone_dagger_8.png,7,1688,drone_dagger,
187,Group 8,https://raw.githubusercontent.com/adadtur/nvrd-sample/master/novel/shape_24.png,novel,texture,20,vraxel,https://raw.githubusercontent.com/adadtur/nvrd-sample/master/novel/texture/shape_24_20.png,7,3807,shape_24,
187,Group 8,https://raw.githubusercontent.com/adadtur/nvrd-sample/master/known/golden-retriever.png,known,add,2,froatne,https://raw.githubusercontent.com/adadtur/nvrd-sample/master/known/add/golden-retriever_2.png,5,5455,golden-retriever,
187,Group 8,https://raw.githubusercontent.com/adadtur/nvrd-sample/master/modified-shape-texture/checkerboard_tiger.png,modified/shape-texture,background,8,clentrel,https://raw.githubusercontent.com/adadtur/nvrd-sample/master/modified-shape-texture/background/checkerboard_tiger_8.png,7,3095,checkerboard_tiger,
187,Group 8,https://raw.githubusercontent.com/adadtur/nvrd-sample/master/modified-shape-texture/checkerboard_tiger.png,modified/shape-texture,background,19,clentrel,https://raw.githubusercontent.com/adadtur/nvrd-sample/master/modified-shape-texture/background/checkerboard_tiger_19.png,7,1503,checkerboard_tiger,
187,Group 8,https://raw.githubusercontent.com/adadtur/nvrd-sample/master/novel/shape_28.png,novel,style,8,frostling,https://raw.githubusercontent.com/adadtur/nvrd-sample/master/novel/style/shape_28_8.png,7,3055,shape_28,
187,Group 8,https://raw.githubusercontent.com/adadtur/nvrd-sample/master/novel/shape_11.png,novel,remove,19,scradge,https://raw.githubusercontent.com/adadtur/nvrd-sample/master/novel/remove/shape_11_19.png,3,2376,shape_11,
187,Group 8,https://raw.githubusercontent.com/adadtur/nvrd-sample/master/known/corkscrew.png,known,add,17,vorthling,https://raw.githubusercontent.com/adadtur/nvrd-sample/master/known/add/corkscrew_17.png,4,4519,corkscrew,
187,Group 8,https://raw.githubusercontent.com/adadtur/nvrd-sample/master/known/rabbit.png,known,texture,20,wrivlet,https://raw.githubusercontent.com/adadtur/nvrd-sample/master/known/texture/rabbit_20.png,7,2215,rabbit,
187,Group 8,https://raw.githubusercontent.com/adadtur/nvrd-sample/master/modified-shape-texture/checkerboard_tv-remote.png,modified/shape-texture,background,8,grestle,https://raw.githubusercontent.com/adadtur/nvrd-sample/master/modified-shape-texture/background/checkerboard_tv-remote_8.png,7,4007,checkerboard_tv-remote,
187,Group 8,https://raw.githubusercontent.com/adadtur/nvrd-sample/master/known/rabbit.png,known,style,8,wrivlet,https://raw.githubusercontent.com/adadtur/nvrd-sample/master/known/style/rabbit_8.png,7,1934,rabbit,
187,Group 8,https://raw.githubusercontent.com/adadtur/nvrd-sample/master/modified-shape-shape/drone_dagger.png,modified/shape-shape,shape,8,zornett,https://raw.githubusercontent.com/adadtur/nvrd-sample/master/modified-shape-shape/shape/drone_dagger_8.png,7,855,drone_dagger,
187,Group 8,https://raw.githubusercontent.com/adadtur/nvrd-sample/master/known/corkscrew.png,,,,neb,https://raw.githubusercontent.com/adadtur/nvrd-sample/master/known/golden-retriever.png,1,1808,attention_check_4,
187,Group 8,https://raw.githubusercontent.com/adadtur/nvrd-sample/master/known/dolphin.png,known,shape,8,thrimple,https://raw.githubusercontent.com/adadtur/nvrd-sample/master/known/shape/dolphin_8.png,7,2040,dolphin,
187,Group 8,https://raw.githubusercontent.com/adadtur/nvrd-sample/master/modified-shape-shape/drone_dagger.png,modified/shape-shape,style,17,zornett,https://raw.githubusercontent.com/adadtur/nvrd-sample/master/modified-shape-shape/style/drone_dagger_17.png,7,4895,drone_dagger,
187,Group 8,https://raw.githubusercontent.com/adadtur/nvrd-sample/master/known/corkscrew.png,known,background,8,vorthling,https://raw.githubusercontent.com/adadtur/nvrd-sample/master/known/background/corkscrew_8.png,7,1679,corkscrew,
187,Group 8,https://raw.githubusercontent.com/adadtur/nvrd-sample/master/modified-shape-shape/drone_dagger.png,modified/shape-shape,shape,20,zornett,https://raw.githubusercontent.com/adadtur/nvrd-sample/master/modified-shape-shape/shape/drone_dagger_20.png,5,3911,drone_dagger,
187,Group 8,https://raw.githubusercontent.com/adadtur/nvrd-sample/master/novel/shape_24.png,novel,add,20,vraxel,https://raw.githubusercontent.com/adadtur/nvrd-sample/master/novel/add/shape_24_20.png,4,5016,shape_24,
187,Group 8,https://raw.githubusercontent.com/adadtur/nvrd-sample/master/modified-shape-shape/crystal_telescope.png,modified/shape-shape,style,8,drublit,https://raw.githubusercontent.com/adadtur/nvrd-sample/master/modified-shape-shape/style/crystal_telescope_8.png,7,3951,crystal_telescope,
187,Group 8,https://raw.githubusercontent.com/adadtur/nvrd-sample/master/known/corkscrew.png,known,texture,2,vorthling,https://raw.githubusercontent.com/adadtur/nvrd-sample/master/known/texture/corkscrew_2.png,7,2103,corkscrew,
187,Group 8,https://raw.githubusercontent.com/adadtur/nvrd-sample/master/modified-shape-texture/checkerboard_tv-remote.png,modified/shape-texture,texture,17,grestle,https://raw.githubusercontent.com/adadtur/nvrd-sample/master/modified-shape-texture/texture/checkerboard_tv-remote_17.png,7,4687,checkerboard_tv-remote,
187,Group 8,https://raw.githubusercontent.com/adadtur/nvrd-sample/master/known/horse.png,known,texture,11,skelwick,https://raw.githubusercontent.com/adadtur/nvrd-sample/master/known/texture/horse_11.png,7,1127,horse,
187,Group 8,https://raw.githubusercontent.com/adadtur/nvrd-sample/master/known/horse.png,known,shape,2,skelwick,https://raw.githubusercontent.com/adadtur/nvrd-sample/master/known/shape/horse_2.png,5,4879,horse,
187,Group 8,https://raw.githubusercontent.com/adadtur/nvrd-sample/master/known/golden-retriever.png,known,color,20,froatne,https://raw.githubusercontent.com/adadtur/nvrd-sample/master/known/color/golden-retriever_20.png,7,2791,golden-retriever,
187,Group 8,https://raw.githubusercontent.com/adadtur/nvrd-sample/master/novel/shape_24.png,novel,background,17,vraxel,https://raw.githubusercontent.com/adadtur/nvrd-sample/master/novel/background/shape_24_17.png,7,2039,shape_24,
187,Group 8,https://raw.githubusercontent.com/adadtur/nvrd-sample/master/known/dolphin.png,,,,rav,https://raw.githubusercontent.com/adadtur/nvrd-sample/master/known/rabbit.png,1,2071,attention_check_5,
187,Group 8,https://raw.githubusercontent.com/adadtur/nvrd-sample/master/known/dolphin.png,known,add,14,thrimple,https://raw.githubusercontent.com/adadtur/nvrd-sample/master/known/add/dolphin_14.png,7,2343,dolphin,
187,Group 8,https://raw.githubusercontent.com/adadtur/nvrd-sample/master/known/bee.png,known,add,8,snavish,https://raw.githubusercontent.com/adadtur/nvrd-sample/master/known/add/bee_8.png,6,6623,bee,
187,Group 8,https://raw.githubusercontent.com/adadtur/nvrd-sample/master/novel/shape_19.png,novel,texture,14,frentish,https://raw.githubusercontent.com/adadtur/nvrd-sample/master/novel/texture/shape_19_14.png,7,3023,shape_19,
187,Group 8,https://raw.githubusercontent.com/adadtur/nvrd-sample/master/modified-shape-texture/checkerboard_tv-remote.png,modified/shape-texture,style,17,grestle,https://raw.githubusercontent.com/adadtur/nvrd-sample/master/modified-shape-texture/style/checkerboard_tv-remote_17.png,1,5479,checkerboard_tv-remote,
187,Group 8,https://raw.githubusercontent.com/adadtur/nvrd-sample/master/known/horse.png,known,style,14,skelwick,https://raw.githubusercontent.com/adadtur/nvrd-sample/master/known/style/horse_14.png,7,1759,horse,
187,Group 8,https://raw.githubusercontent.com/adadtur/nvrd-sample/master/modified-shape-texture/bird-feathers_saxophone.png,modified/shape-texture,shape,5,plonwick,https://raw.githubusercontent.com/adadtur/nvrd-sample/master/modified-shape-texture/shape/bird-feathers_saxophone_5.png,6,5319,bird-feathers_saxophone,
187,Group 8,https://raw.githubusercontent.com/adadtur/nvrd-sample/master/modified-shape-texture/checkerboard_tiger.png,modified/shape-texture,add,14,clentrel,https://raw.githubusercontent.com/adadtur/nvrd-sample/master/modified-shape-texture/add/checkerboard_tiger_14.png,7,2207,checkerboard_tiger,
187,Group 8,https://raw.githubusercontent.com/adadtur/nvrd-sample/master/known/bee.png,known,color,19,snavish,https://raw.githubusercontent.com/adadtur/nvrd-sample/master/known/color/bee_19.png,7,1432,bee,
187,Group 8,https://raw.githubusercontent.com/adadtur/nvrd-sample/master/modified-shape-texture/bird-feathers_saxophone.png,modified/shape-texture,add,17,plonwick,https://raw.githubusercontent.com/adadtur/nvrd-sample/master/modified-shape-texture/add/bird-feathers_saxophone_17.png,7,6335,bird-feathers_saxophone,
187,Group 8,https://raw.githubusercontent.com/adadtur/nvrd-sample/master/known/rabbit.png,known,style,5,wrivlet,https://raw.githubusercontent.com/adadtur/nvrd-sample/master/known/style/rabbit_5.png,7,1431,rabbit,
187,Group 8,https://raw.githubusercontent.com/adadtur/nvrd-sample/master/known/dolphin.png,known,add,8,thrimple,https://raw.githubusercontent.com/adadtur/nvrd-sample/master/known/add/dolphin_8.png,7,888,dolphin,
187,Group 8,https://raw.githubusercontent.com/adadtur/nvrd-sample/master/known/rabbit.png,known,add,2,wrivlet,https://raw.githubusercontent.com/adadtur/nvrd-sample/master/known/add/rabbit_2.png,5,5607,rabbit,
187,Group 8,,,,,,,,5894,,
199,Group 8,,,,,,,,,,
199,Group 8,,,,,,,,1979,,
199,Group 8,,,,,,,,17675,,
199,Group 8,,,,,,,7,4139,,
199,Group 8,,,,,,,1,1721,,
199,Group 8,,,,,,,6,2940,,
199,Group 8,,,,,,,,7965,,
199,Group 8,,,,,,,5,1265,,
199,Group 8,,,,,,,,1559,,
199,Group 8,https://raw.githubusercontent.com/adadtur/nvrd-sample/master/known/horse.png,known,style,11,skelwick,https://raw.githubusercontent.com/adadtur/nvrd-sample/master/known/style/horse_11.png,5,1691,horse,
199,Group 8,https://raw.githubusercontent.com/adadtur/nvrd-sample/master/modified-shape-texture/checkerboard_tv-remote.png,modified/shape-texture,texture,19,grestle,https://raw.githubusercontent.com/adadtur/nvrd-sample/master/modified-shape-texture/texture/checkerboard_tv-remote_19.png,5,2919,checkerboard_tv-remote,
199,Group 8,https://raw.githubusercontent.com/adadtur/nvrd-sample/master/known/golden-retriever.png,known,add,2,froatne,https://raw.githubusercontent.com/adadtur/nvrd-sample/master/known/add/golden-retriever_2.png,3,4046,golden-retriever,
199,Group 8,https://raw.githubusercontent.com/adadtur/nvrd-sample/master/known/horse.png,known,background,19,skelwick,https://raw.githubusercontent.com/adadtur/nvrd-sample/master/known/background/horse_19.png,5,2824,horse,
199,Group 8,https://raw.githubusercontent.com/adadtur/nvrd-sample/master/novel/shape_13.png,novel,texture,5,wrimble,https://raw.githubusercontent.com/adadtur/nvrd-sample/master/novel/texture/shape_13_5.png,5,2069,shape_13,
199,Group 8,https://raw.githubusercontent.com/adadtur/nvrd-sample/master/modified-shape-texture/checkerboard_tiger.png,modified/shape-texture,color,20,clentrel,https://raw.githubusercontent.com/adadtur/nvrd-sample/master/modified-shape-texture/color/checkerboard_tiger_20.png,3,2595,checkerboard_tiger,
199,Group 8,https://raw.githubusercontent.com/adadtur/nvrd-sample/master/known/corkscrew.png,known,background,8,vorthling,https://raw.githubusercontent.com/adadtur/nvrd-sample/master/known/background/corkscrew_8.png,5,1986,corkscrew,
199,Group 8,https://raw.githubusercontent.com/adadtur/nvrd-sample/master/known/bee.png,known,add,14,snavish,https://raw.githubusercontent.com/adadtur/nvrd-sample/master/known/add/bee_14.png,6,4756,bee,
199,Group 8,https://raw.githubusercontent.com/adadtur/nvrd-sample/master/modified-shape-texture/bird-feathers_saxophone.png,modified/shape-texture,texture,5,plonwick,https://raw.githubusercontent.com/adadtur/nvrd-sample/master/modified-shape-texture/texture/bird-feathers_saxophone_5.png,5,3638,bird-feathers_saxophone,
199,Group 8,https://raw.githubusercontent.com/adadtur/nvrd-sample/master/novel/shape_19.png,novel,remove,20,frentish,https://raw.githubusercontent.com/adadtur/nvrd-sample/master/novel/remove/shape_19_20.png,1,2477,shape_19,
199,Group 8,https://raw.githubusercontent.com/adadtur/nvrd-sample/master/known/bee.png,known,color,19,snavish,https://raw.githubusercontent.com/adadtur/nvrd-sample/master/known/color/bee_19.png,3,2046,bee,
199,Group 8,https://raw.githubusercontent.com/adadtur/nvrd-sample/master/known/bee.png,known,background,5,snavish,https://raw.githubusercontent.com/adadtur/nvrd-sample/master/known/background/bee_5.png,5,4076,bee,
199,Group 8,https://raw.githubusercontent.com/adadtur/nvrd-sample/master/known/rabbit.png,known,style,8,wrivlet,https://raw.githubusercontent.com/adadtur/nvrd-sample/master/known/style/rabbit_8.png,4,2992,rabbit,
199,Group 8,https://raw.githubusercontent.com/adadtur/nvrd-sample/master/known/golden-retriever.png,,,,toma,https://raw.githubusercontent.com/adadtur/nvrd-sample/master/known/corkscrew.png,1,1569,attention_check_1,
199,Group 8,https://raw.githubusercontent.com/adadtur/nvrd-sample/master/known/rabbit.png,known,add,2,wrivlet,https://raw.githubusercontent.com/adadtur/nvrd-sample/master/known/add/rabbit_2.png,5,2143,rabbit,
199,Group 8,https://raw.githubusercontent.com/adadtur/nvrd-sample/master/modified-shape-texture/checkerboard_tiger.png,modified/shape-texture,color,14,clentrel,https://raw.githubusercontent.com/adadtur/nvrd-sample/master/modified-shape-texture/color/checkerboard_tiger_14.png,3,1736,checkerboard_tiger,
199,Group 8,https://raw.githubusercontent.com/adadtur/nvrd-sample/master/novel/shape_28.png,novel,remove,19,frostling,https://raw.githubusercontent.com/adadtur/nvrd-sample/master/novel/remove/shape_28_19.png,1,1783,shape_28,
199,Group 8,https://raw.githubusercontent.com/adadtur/nvrd-sample/master/novel/shape_24.png,novel,texture,20,vraxel,https://raw.githubusercontent.com/adadtur/nvrd-sample/master/novel/texture/shape_24_20.png,5,3660,shape_24,
199,Group 8,https://raw.githubusercontent.com/adadtur/nvrd-sample/master/modified-shape-texture/checkerboard_tv-remote.png,modified/shape-texture,style,5,grestle,https://raw.githubusercontent.com/adadtur/nvrd-sample/master/modified-shape-texture/style/checkerboard_tv-remote_5.png,5,3277,checkerboard_tv-remote,
199,Group 8,https://raw.githubusercontent.com/adadtur/nvrd-sample/master/novel/shape_13.png,novel,remove,17,wrimble,https://raw.githubusercontent.com/adadtur/nvrd-sample/master/novel/remove/shape_13_17.png,2,3128,shape_13,
199,Group 8,https://raw.githubusercontent.com/adadtur/nvrd-sample/master/novel/shape_16.png,novel,style,20,sdrindle,https://raw.githubusercontent.com/adadtur/nvrd-sample/master/novel/style/shape_16_20.png,1,2127,shape_16,
199,Group 8,https://raw.githubusercontent.com/adadtur/nvrd-sample/master/known/corkscrew.png,known,shape,20,vorthling,https://raw.githubusercontent.com/adadtur/nvrd-sample/master/known/shape/corkscrew_20.png,2,1946,corkscrew,
199,Group 8,https://raw.githubusercontent.com/adadtur/nvrd-sample/master/novel/shape_28.png,novel,color,8,frostling,https://raw.githubusercontent.com/adadtur/nvrd-sample/master/novel/color/shape_28_8.png,5,1723,shape_28,
199,Group 8,https://raw.githubusercontent.com/adadtur/nvrd-sample/master/known/rabbit.png,known,style,5,wrivlet,https://raw.githubusercontent.com/adadtur/nvrd-sample/master/known/style/rabbit_5.png,5,2177,rabbit,
199,Group 8,https://raw.githubusercontent.com/adadtur/nvrd-sample/master/known/bee.png,known,add,8,snavish,https://raw.githubusercontent.com/adadtur/nvrd-sample/master/known/add/bee_8.png,5,2469,bee,
199,Group 8,https://raw.githubusercontent.com/adadtur/nvrd-sample/master/modified-shape-texture/bird-feathers_saxophone.png,modified/shape-texture,add,17,plonwick,https://raw.githubusercontent.com/adadtur/nvrd-sample/master/modified-shape-texture/add/bird-feathers_saxophone_17.png,4,3870,bird-feathers_saxophone,
199,Group 8,https://raw.githubusercontent.com/adadtur/nvrd-sample/master/modified-shape-texture/checkerboard_tv-remote.png,modified/shape-texture,shape,5,grestle,https://raw.githubusercontent.com/adadtur/nvrd-sample/master/modified-shape-texture/shape/checkerboard_tv-remote_5.png,3,2310,checkerboard_tv-remote,
199,Group 8,https://raw.githubusercontent.com/adadtur/nvrd-sample/master/known/dolphin.png,,,,blick,https://raw.githubusercontent.com/adadtur/nvrd-sample/master/known/rabbit.png,1,1417,attention_check_2,
199,Group 8,https://raw.githubusercontent.com/adadtur/nvrd-sample/master/known/corkscrew.png,known,remove,8,vorthling,https://raw.githubusercontent.com/adadtur/nvrd-sample/master/known/remove/corkscrew_8.png,2,3305,corkscrew,
199,Group 8,https://raw.githubusercontent.com/adadtur/nvrd-sample/master/novel/shape_11.png,novel,remove,19,scradge,https://raw.githubusercontent.com/adadtur/nvrd-sample/master/novel/remove/shape_11_19.png,3,4447,shape_11,
199,Group 8,https://raw.githubusercontent.com/adadtur/nvrd-sample/master/novel/shape_28.png,novel,style,8,frostling,https://raw.githubusercontent.com/adadtur/nvrd-sample/master/novel/style/shape_28_8.png,3,4075,shape_28,
199,Group 8,https://raw.githubusercontent.com/adadtur/nvrd-sample/master/known/dolphin.png,known,add,8,thrimple,https://raw.githubusercontent.com/adadtur/nvrd-sample/master/known/add/dolphin_8.png,5,1977,dolphin,
199,Group 8,https://raw.githubusercontent.com/adadtur/nvrd-sample/master/modified-shape-texture/checkerboard_tv-remote.png,modified/shape-texture,texture,17,grestle,https://raw.githubusercontent.com/adadtur/nvrd-sample/master/modified-shape-texture/texture/checkerboard_tv-remote_17.png,3,2782,checkerboard_tv-remote,
199,Group 8,https://raw.githubusercontent.com/adadtur/nvrd-sample/master/modified-shape-texture/checkerboard_tiger.png,modified/shape-texture,add,14,clentrel,https://raw.githubusercontent.com/adadtur/nvrd-sample/master/modified-shape-texture/add/checkerboard_tiger_14.png,6,3676,checkerboard_tiger,
199,Group 8,https://raw.githubusercontent.com/adadtur/nvrd-sample/master/known/dolphin.png,known,shape,8,thrimple,https://raw.githubusercontent.com/adadtur/nvrd-sample/master/known/shape/dolphin_8.png,6,5017,dolphin,
199,Group 8,https://raw.githubusercontent.com/adadtur/nvrd-sample/master/known/corkscrew.png,known,color,8,vorthling,https://raw.githubusercontent.com/adadtur/nvrd-sample/master/known/color/corkscrew_8.png,4,2828,corkscrew,
199,Group 8,https://raw.githubusercontent.com/adadtur/nvrd-sample/master/modified-shape-shape/bonsai_crystal.png,modified/shape-shape,background,8,cravish,https://raw.githubusercontent.com/adadtur/nvrd-sample/master/modified-shape-shape/background/bonsai_crystal_8.png,3,1497,bonsai_crystal,
199,Group 8,https://raw.githubusercontent.com/adadtur/nvrd-sample/master/modified-shape-texture/checkerboard_tv-remote.png,modified/shape-texture,style,17,grestle,https://raw.githubusercontent.com/adadtur/nvrd-sample/master/modified-shape-texture/style/checkerboard_tv-remote_17.png,1,1761,checkerboard_tv-remote,
199,Group 8,https://raw.githubusercontent.com/adadtur/nvrd-sample/master/known/golden-retriever.png,known,color,20,froatne,https://raw.githubusercontent.com/adadtur/nvrd-sample/master/known/color/golden-retriever_20.png,2,1463,golden-retriever,
199,Group 8,https://raw.githubusercontent.com/adadtur/nvrd-sample/master/known/corkscrew.png,known,background,20,vorthling,https://raw.githubusercontent.com/adadtur/nvrd-sample/master/known/background/corkscrew_20.png,3,2306,corkscrew,
199,Group 8,https://raw.githubusercontent.com/adadtur/nvrd-sample/master/modified-shape-shape/crystal_telescope.png,modified/shape-shape,style,8,drublit,https://raw.githubusercontent.com/adadtur/nvrd-sample/master/modified-shape-shape/style/crystal_telescope_8.png,3,3258,crystal_telescope,
199,Group 8,https://raw.githubusercontent.com/adadtur/nvrd-sample/master/known/rabbit.png,,,,pon,https://raw.githubusercontent.com/adadtur/nvrd-sample/master/known/corkscrew.png,1,1248,attention_check_3,
199,Group 8,https://raw.githubusercontent.com/adadtur/nvrd-sample/master/modified-shape-texture/checkerboard_tv-remote.png,modified/shape-texture,remove,5,grestle,https://raw.githubusercontent.com/adadtur/nvrd-sample/master/modified-shape-texture/remove/checkerboard_tv-remote_5.png,3,4266,checkerboard_tv-remote,
199,Group 8,https://raw.githubusercontent.com/adadtur/nvrd-sample/master/modified-shape-texture/checkerboard_tiger.png,modified/shape-texture,background,8,clentrel,https://raw.githubusercontent.com/adadtur/nvrd-sample/master/modified-shape-texture/background/checkerboard_tiger_8.png,5,2958,checkerboard_tiger,
199,Group 8,https://raw.githubusercontent.com/adadtur/nvrd-sample/master/known/golden-retriever.png,known,shape,5,froatne,https://raw.githubusercontent.com/adadtur/nvrd-sample/master/known/shape/golden-retriever_5.png,2,1432,golden-retriever,
199,Group 8,https://raw.githubusercontent.com/adadtur/nvrd-sample/master/modified-shape-shape/drone_dagger.png,modified/shape-shape,shape,20,zornett,https://raw.githubusercontent.com/adadtur/nvrd-sample/master/modified-shape-shape/shape/drone_dagger_20.png,2,2233,drone_dagger,
199,Group 8,https://raw.githubusercontent.com/adadtur/nvrd-sample/master/novel/shape_24.png,novel,background,17,vraxel,https://raw.githubusercontent.com/adadtur/nvrd-sample/master/novel/background/shape_24_17.png,5,1539,shape_24,
199,Group 8,https://raw.githubusercontent.com/adadtur/nvrd-sample/master/modified-shape-shape/crystal_telescope.png,modified/shape-shape,texture,17,drublit,https://raw.githubusercontent.com/adadtur/nvrd-sample/master/modified-shape-shape/texture/crystal_telescope_17.png,5,3081,crystal_telescope,
199,Group 8,https://raw.githubusercontent.com/adadtur/nvrd-sample/master/known/horse.png,known,color,20,skelwick,https://raw.githubusercontent.com/adadtur/nvrd-sample/master/known/color/horse_20.png,3,1355,horse,
199,Group 8,https://raw.githubusercontent.com/adadtur/nvrd-sample/master/modified-shape-shape/drone_dagger.png,modified/shape-shape,shape,8,zornett,https://raw.githubusercontent.com/adadtur/nvrd-sample/master/modified-shape-shape/shape/drone_dagger_8.png,3,2271,drone_dagger,
199,Group 8,https://raw.githubusercontent.com/adadtur/nvrd-sample/master/novel/shape_28.png,novel,remove,17,frostling,https://raw.githubusercontent.com/adadtur/nvrd-sample/master/novel/remove/shape_28_17.png,2,1560,shape_28,
199,Group 8,https://raw.githubusercontent.com/adadtur/nvrd-sample/master/known/dolphin.png,known,add,14,thrimple,https://raw.githubusercontent.com/adadtur/nvrd-sample/master/known/add/dolphin_14.png,5,1734,dolphin,
199,Group 8,https://raw.githubusercontent.com/adadtur/nvrd-sample/master/modified-shape-texture/checkerboard_tiger.png,modified/shape-texture,add,17,clentrel,https://raw.githubusercontent.com/adadtur/nvrd-sample/master/modified-shape-texture/add/checkerboard_tiger_17.png,6,1790,checkerboard_tiger,
199,Group 8,https://raw.githubusercontent.com/adadtur/nvrd-sample/master/novel/shape_13.png,novel,style,5,wrimble,https://raw.githubusercontent.com/adadtur/nvrd-sample/master/novel/style/shape_13_5.png,3,2716,shape_13,
199,Group 8,https://raw.githubusercontent.com/adadtur/nvrd-sample/master/known/corkscrew.png,known,add,17,vorthling,https://raw.githubusercontent.com/adadtur/nvrd-sample/master/known/add/corkscrew_17.png,2,1458,corkscrew,
199,Group 8,https://raw.githubusercontent.com/adadtur/nvrd-sample/master/known/corkscrew.png,,,,neb,https://raw.githubusercontent.com/adadtur/nvrd-sample/master/known/golden-retriever.png,1,1155,attention_check_4,
199,Group 8,https://raw.githubusercontent.com/adadtur/nvrd-sample/master/modified-shape-shape/crystal_telescope.png,modified/shape-shape,background,20,drublit,https://raw.githubusercontent.com/adadtur/nvrd-sample/master/modified-shape-shape/background/crystal_telescope_20.png,5,1675,crystal_telescope,
199,Group 8,https://raw.githubusercontent.com/adadtur/nvrd-sample/master/modified-shape-texture/checkerboard_tiger.png,modified/shape-texture,background,19,clentrel,https://raw.githubusercontent.com/adadtur/nvrd-sample/master/modified-shape-texture/background/checkerboard_tiger_19.png,3,2539,checkerboard_tiger,
199,Group 8,https://raw.githubusercontent.com/adadtur/nvrd-sample/master/modified-shape-texture/checkerboard_tiger.png,modified/shape-texture,shape,11,clentrel,https://raw.githubusercontent.com/adadtur/nvrd-sample/master/modified-shape-texture/shape/checkerboard_tiger_11.png,3,2531,checkerboard_tiger,
199,Group 8,https://raw.githubusercontent.com/adadtur/nvrd-sample/master/novel/shape_24.png,novel,add,20,vraxel,https://raw.githubusercontent.com/adadtur/nvrd-sample/master/novel/add/shape_24_20.png,2,1307,shape_24,
199,Group 8,https://raw.githubusercontent.com/adadtur/nvrd-sample/master/novel/shape_11.png,novel,remove,11,scradge,https://raw.githubusercontent.com/adadtur/nvrd-sample/master/novel/remove/shape_11_11.png,2,1837,shape_11,
199,Group 8,https://raw.githubusercontent.com/adadtur/nvrd-sample/master/known/corkscrew.png,known,shape,14,vorthling,https://raw.githubusercontent.com/adadtur/nvrd-sample/master/known/shape/corkscrew_14.png,1,1670,corkscrew,
199,Group 8,https://raw.githubusercontent.com/adadtur/nvrd-sample/master/known/horse.png,known,style,14,skelwick,https://raw.githubusercontent.com/adadtur/nvrd-sample/master/known/style/horse_14.png,5,1845,horse,
199,Group 8,https://raw.githubusercontent.com/adadtur/nvrd-sample/master/modified-shape-shape/crystal_telescope.png,modified/shape-shape,shape,8,drublit,https://raw.githubusercontent.com/adadtur/nvrd-sample/master/modified-shape-shape/shape/crystal_telescope_8.png,2,2233,crystal_telescope,
199,Group 8,https://raw.githubusercontent.com/adadtur/nvrd-sample/master/modified-shape-shape/drone_dagger.png,modified/shape-shape,texture,11,zornett,https://raw.githubusercontent.com/adadtur/nvrd-sample/master/modified-shape-shape/texture/drone_dagger_11.png,5,2033,drone_dagger,
199,Group 8,https://raw.githubusercontent.com/adadtur/nvrd-sample/master/modified-shape-shape/drone_dagger.png,modified/shape-shape,color,8,zornett,https://raw.githubusercontent.com/adadtur/nvrd-sample/master/modified-shape-shape/color/drone_dagger_8.png,3,1462,drone_dagger,
199,Group 8,https://raw.githubusercontent.com/adadtur/nvrd-sample/master/known/horse.png,known,texture,11,skelwick,https://raw.githubusercontent.com/adadtur/nvrd-sample/master/known/texture/horse_11.png,3,2636,horse,
199,Group 8,https://raw.githubusercontent.com/adadtur/nvrd-sample/master/modified-shape-texture/checkerboard_tv-remote.png,modified/shape-texture,background,8,grestle,https://raw.githubusercontent.com/adadtur/nvrd-sample/master/modified-shape-texture/background/checkerboard_tv-remote_8.png,5,1460,checkerboard_tv-remote,
199,Group 8,https://raw.githubusercontent.com/adadtur/nvrd-sample/master/known/dolphin.png,,,,rav,https://raw.githubusercontent.com/adadtur/nvrd-sample/master/known/rabbit.png,1,1812,attention_check_5,
199,Group 8,https://raw.githubusercontent.com/adadtur/nvrd-sample/master/novel/shape_19.png,novel,texture,14,frentish,https://raw.githubusercontent.com/adadtur/nvrd-sample/master/novel/texture/shape_19_14.png,3,9899,shape_19,
199,Group 8,https://raw.githubusercontent.com/adadtur/nvrd-sample/master/known/corkscrew.png,known,color,5,vorthling,https://raw.githubusercontent.com/adadtur/nvrd-sample/master/known/color/corkscrew_5.png,5,1332,corkscrew,
199,Group 8,https://raw.githubusercontent.com/adadtur/nvrd-sample/master/known/bee.png,known,remove,14,snavish,https://raw.githubusercontent.com/adadtur/nvrd-sample/master/known/remove/bee_14.png,2,1337,bee,
199,Group 8,https://raw.githubusercontent.com/adadtur/nvrd-sample/master/modified-shape-shape/drone_dagger.png,modified/shape-shape,style,17,zornett,https://raw.githubusercontent.com/adadtur/nvrd-sample/master/modified-shape-shape/style/drone_dagger_17.png,2,1477,drone_dagger,
199,Group 8,https://raw.githubusercontent.com/adadtur/nvrd-sample/master/modified-shape-texture/checkerboard_tv-remote.png,modified/shape-texture,remove,14,grestle,https://raw.githubusercontent.com/adadtur/nvrd-sample/master/modified-shape-texture/remove/checkerboard_tv-remote_14.png,1,1245,checkerboard_tv-remote,
199,Group 8,https://raw.githubusercontent.com/adadtur/nvrd-sample/master/novel/shape_13.png,novel,color,8,wrimble,https://raw.githubusercontent.com/adadtur/nvrd-sample/master/novel/color/shape_13_8.png,5,2314,shape_13,
199,Group 8,https://raw.githubusercontent.com/adadtur/nvrd-sample/master/known/corkscrew.png,known,texture,2,vorthling,https://raw.githubusercontent.com/adadtur/nvrd-sample/master/known/texture/corkscrew_2.png,7,4404,corkscrew,
199,Group 8,https://raw.githubusercontent.com/adadtur/nvrd-sample/master/modified-shape-texture/checkerboard_tiger.png,modified/shape-texture,background,20,clentrel,https://raw.githubusercontent.com/adadtur/nvrd-sample/master/modified-shape-texture/background/checkerboard_tiger_20.png,3,2537,checkerboard_tiger,
199,Group 8,https://raw.githubusercontent.com/adadtur/nvrd-sample/master/known/rabbit.png,known,texture,20,wrivlet,https://raw.githubusercontent.com/adadtur/nvrd-sample/master/known/texture/rabbit_20.png,3,2153,rabbit,
199,Group 8,https://raw.githubusercontent.com/adadtur/nvrd-sample/master/known/horse.png,known,shape,2,skelwick,https://raw.githubusercontent.com/adadtur/nvrd-sample/master/known/shape/horse_2.png,2,1618,horse,
199,Group 8,https://raw.githubusercontent.com/adadtur/nvrd-sample/master/modified-shape-texture/bird-feathers_saxophone.png,modified/shape-texture,shape,5,plonwick,https://raw.githubusercontent.com/adadtur/nvrd-sample/master/modified-shape-texture/shape/bird-feathers_saxophone_5.png,2,1275,bird-feathers_saxophone,
199,Group 8,https://raw.githubusercontent.com/adadtur/nvrd-sample/master/novel/shape_28.png,novel,color,2,frostling,https://raw.githubusercontent.com/adadtur/nvrd-sample/master/novel/color/shape_28_2.png,5,2037,shape_28,
199,Group 8,,,,,,,,4715,,
194,Group 4,,,,,,,,,,
194,Group 4,,,,,,,,12625,,
194,Group 4,,,,,,,,31784,,
194,Group 4,,,,,,,6,5788,,
194,Group 4,,,,,,,,6325,,
194,Group 4,,,,,,,7,1378,,
194,Group 4,,,,,,,1,1783,,
194,Group 4,,,,,,,2,2193,,
194,Group 4,,,,,,,,4925,,
194,Group 4,,,,,,,5,2084,,
194,Group 4,,,,,,,,1355,,
194,Group 4,https://raw.githubusercontent.com/adadtur/nvrd-sample/master/novel/shape_28.png,novel,remove,8,frostling,https://raw.githubusercontent.com/adadtur/nvrd-sample/master/novel/remove/shape_28_8.png,1,6232,shape_28,
194,Group 4,https://raw.githubusercontent.com/adadtur/nvrd-sample/master/known/golden-retriever.png,known,shape,2,froatne,https://raw.githubusercontent.com/adadtur/nvrd-sample/master/known/shape/golden-retriever_2.png,1,5377,golden-retriever,
194,Group 4,https://raw.githubusercontent.com/adadtur/nvrd-sample/master/known/golden-retriever.png,known,style,5,froatne,https://raw.githubusercontent.com/adadtur/nvrd-sample/master/known/style/golden-retriever_5.png,5,2535,golden-retriever,
194,Group 4,https://raw.githubusercontent.com/adadtur/nvrd-sample/master/modified-shape-shape/drone_dagger.png,modified/shape-shape,shape,2,zornett,https://raw.githubusercontent.com/adadtur/nvrd-sample/master/modified-shape-shape/shape/drone_dagger_2.png,1,4704,drone_dagger,
194,Group 4,https://raw.githubusercontent.com/adadtur/nvrd-sample/master/known/dolphin.png,known,style,8,thrimple,https://raw.githubusercontent.com/adadtur/nvrd-sample/master/known/style/dolphin_8.png,5,3732,dolphin,
194,Group 4,https://raw.githubusercontent.com/adadtur/nvrd-sample/master/modified-shape-texture/bird-feathers_saxophone.png,modified/shape-texture,shape,20,plonwick,https://raw.githubusercontent.com/adadtur/nvrd-sample/master/modified-shape-texture/shape/bird-feathers_saxophone_20.png,5,4110,bird-feathers_saxophone,
194,Group 4,https://raw.githubusercontent.com/adadtur/nvrd-sample/master/novel/shape_11.png,novel,color,14,scradge,https://raw.githubusercontent.com/adadtur/nvrd-sample/master/novel/color/shape_11_14.png,3,7738,shape_11,
194,Group 4,https://raw.githubusercontent.com/adadtur/nvrd-sample/master/known/bee.png,known,style,8,snavish,https://raw.githubusercontent.com/adadtur/nvrd-sample/master/known/style/bee_8.png,1,6994,bee,
194,Group 4,https://raw.githubusercontent.com/adadtur/nvrd-sample/master/modified-shape-shape/bonsai_crystal.png,modified/shape-shape,shape,8,cravish,https://raw.githubusercontent.com/adadtur/nvrd-sample/master/modified-shape-shape/shape/bonsai_crystal_8.png,5,5391,bonsai_crystal,
194,Group 4,https://raw.githubusercontent.com/adadtur/nvrd-sample/master/known/corkscrew.png,known,color,19,vorthling,https://raw.githubusercontent.com/adadtur/nvrd-sample/master/known/color/corkscrew_19.png,3,4110,corkscrew,
194,Group 4,https://raw.githubusercontent.com/adadtur/nvrd-sample/master/known/bee.png,known,shape,20,snavish,https://raw.githubusercontent.com/adadtur/nvrd-sample/master/known/shape/bee_20.png,5,4415,bee,
194,Group 4,https://raw.githubusercontent.com/adadtur/nvrd-sample/master/modified-shape-texture/checkerboard_tv-remote.png,modified/shape-texture,color,8,grestle,https://raw.githubusercontent.com/adadtur/nvrd-sample/master/modified-shape-texture/color/checkerboard_tv-remote_8.png,5,4109,checkerboard_tv-remote,
194,Group 4,https://raw.githubusercontent.com/adadtur/nvrd-sample/master/modified-shape-texture/checkerboard_tv-remote.png,modified/shape-texture,color,14,grestle,https://raw.githubusercontent.com/adadtur/nvrd-sample/master/modified-shape-texture/color/checkerboard_tv-remote_14.png,5,6150,checkerboard_tv-remote,
194,Group 4,https://raw.githubusercontent.com/adadtur/nvrd-sample/master/modified-shape-shape/crystal_telescope.png,modified/shape-shape,shape,20,drublit,https://raw.githubusercontent.com/adadtur/nvrd-sample/master/modified-shape-shape/shape/crystal_telescope_20.png,1,1993,crystal_telescope,
194,Group 4,https://raw.githubusercontent.com/adadtur/nvrd-sample/master/known/golden-retriever.png,,,,toma,https://raw.githubusercontent.com/adadtur/nvrd-sample/master/known/corkscrew.png,1,2179,attention_check_1,
194,Group 4,https://raw.githubusercontent.com/adadtur/nvrd-sample/master/modified-shape-shape/crystal_telescope.png,modified/shape-shape,color,8,drublit,https://raw.githubusercontent.com/adadtur/nvrd-sample/master/modified-shape-shape/color/crystal_telescope_8.png,5,2876,crystal_telescope,
194,Group 4,https://raw.githubusercontent.com/adadtur/nvrd-sample/master/known/horse.png,known,background,2,skelwick,https://raw.githubusercontent.com/adadtur/nvrd-sample/master/known/background/horse_2.png,7,8486,horse,
194,Group 4,https://raw.githubusercontent.com/adadtur/nvrd-sample/master/novel/shape_24.png,novel,background,8,vraxel,https://raw.githubusercontent.com/adadtur/nvrd-sample/master/novel/background/shape_24_8.png,7,1522,shape_24,
194,Group 4,https://raw.githubusercontent.com/adadtur/nvrd-sample/master/novel/shape_24.png,novel,texture,8,vraxel,https://raw.githubusercontent.com/adadtur/nvrd-sample/master/novel/texture/shape_24_8.png,7,4171,shape_24,
194,Group 4,https://raw.githubusercontent.com/adadtur/nvrd-sample/master/known/golden-retriever.png,known,remove,8,froatne,https://raw.githubusercontent.com/adadtur/nvrd-sample/master/known/remove/golden-retriever_8.png,1,2570,golden-retriever,
194,Group 4,https://raw.githubusercontent.com/adadtur/nvrd-sample/master/modified-shape-shape/drone_dagger.png,modified/shape-shape,remove,11,zornett,https://raw.githubusercontent.com/adadtur/nvrd-sample/master/modified-shape-shape/remove/drone_dagger_11.png,1,1294,drone_dagger,
194,Group 4,https://raw.githubusercontent.com/adadtur/nvrd-sample/master/novel/shape_19.png,novel,color,19,frentish,https://raw.githubusercontent.com/adadtur/nvrd-sample/master/novel/color/shape_19_19.png,5,3388,shape_19,
194,Group 4,https://raw.githubusercontent.com/adadtur/nvrd-sample/master/novel/shape_24.png,novel,add,8,vraxel,https://raw.githubusercontent.com/adadtur/nvrd-sample/master/novel/add/shape_24_8.png,1,1678,shape_24,
194,Group 4,https://raw.githubusercontent.com/adadtur/nvrd-sample/master/modified-shape-texture/checkerboard_tv-remote.png,modified/shape-texture,add,11,grestle,https://raw.githubusercontent.com/adadtur/nvrd-sample/master/modified-shape-texture/add/checkerboard_tv-remote_11.png,1,2022,checkerboard_tv-remote,
194,Group 4,https://raw.githubusercontent.com/adadtur/nvrd-sample/master/modified-shape-texture/bird-feathers_saxophone.png,modified/shape-texture,remove,14,plonwick,https://raw.githubusercontent.com/adadtur/nvrd-sample/master/modified-shape-texture/remove/bird-feathers_saxophone_14.png,1,2150,bird-feathers_saxophone,
194,Group 4,https://raw.githubusercontent.com/adadtur/nvrd-sample/master/novel/shape_19.png,novel,remove,17,frentish,https://raw.githubusercontent.com/adadtur/nvrd-sample/master/novel/remove/shape_19_17.png,1,5197,shape_19,
194,Group 4,https://raw.githubusercontent.com/adadtur/nvrd-sample/master/modified-shape-shape/bonsai_crystal.png,modified/shape-shape,texture,17,cravish,https://raw.githubusercontent.com/adadtur/nvrd-sample/master/modified-shape-shape/texture/bonsai_crystal_17.png,5,4499,bonsai_crystal,
194,Group 4,https://raw.githubusercontent.com/adadtur/nvrd-sample/master/novel/shape_24.png,novel,background,5,vraxel,https://raw.githubusercontent.com/adadtur/nvrd-sample/master/novel/background/shape_24_5.png,7,1924,shape_24,
194,Group 4,https://raw.githubusercontent.com/adadtur/nvrd-sample/master/modified-shape-shape/bonsai_crystal.png,modified/shape-shape,add,14,cravish,https://raw.githubusercontent.com/adadtur/nvrd-sample/master/modified-shape-shape/add/bonsai_crystal_14.png,1,3435,bonsai_crystal,
194,Group 4,https://raw.githubusercontent.com/adadtur/nvrd-sample/master/known/dolphin.png,,,,blick,https://raw.githubusercontent.com/adadtur/nvrd-sample/master/known/rabbit.png,1,1533,attention_check_2,
194,Group 4,https://raw.githubusercontent.com/adadtur/nvrd-sample/master/modified-shape-texture/bird-feathers_saxophone.png,modified/shape-texture,add,5,plonwick,https://raw.githubusercontent.com/adadtur/nvrd-sample/master/modified-shape-texture/add/bird-feathers_saxophone_5.png,1,6364,bird-feathers_saxophone,
194,Group 4,https://raw.githubusercontent.com/adadtur/nvrd-sample/master/novel/shape_24.png,novel,remove,17,vraxel,https://raw.githubusercontent.com/adadtur/nvrd-sample/master/novel/remove/shape_24_17.png,1,2863,shape_24,
194,Group 4,https://raw.githubusercontent.com/adadtur/nvrd-sample/master/modified-shape-shape/drone_dagger.png,modified/shape-shape,add,8,zornett,https://raw.githubusercontent.com/adadtur/nvrd-sample/master/modified-shape-shape/add/drone_dagger_8.png,1,2423,drone_dagger,
194,Group 4,https://raw.githubusercontent.com/adadtur/nvrd-sample/master/modified-shape-shape/drone_dagger.png,modified/shape-shape,remove,5,zornett,https://raw.githubusercontent.com/adadtur/nvrd-sample/master/modified-shape-shape/remove/drone_dagger_5.png,1,1915,drone_dagger,
194,Group 4,https://raw.githubusercontent.com/adadtur/nvrd-sample/master/modified-shape-texture/checkerboard_tiger.png,modified/shape-texture,texture,5,clentrel,https://raw.githubusercontent.com/adadtur/nvrd-sample/master/modified-shape-texture/texture/checkerboard_tiger_5.png,4,3505,checkerboard_tiger,
194,Group 4,https://raw.githubusercontent.com/adadtur/nvrd-sample/master/modified-shape-texture/checkerboard_tv-remote.png,modified/shape-texture,style,8,grestle,https://raw.githubusercontent.com/adadtur/nvrd-sample/master/modified-shape-texture/style/checkerboard_tv-remote_8.png,4,4097,checkerboard_tv-remote,
194,Group 4,https://raw.githubusercontent.com/adadtur/nvrd-sample/master/known/golden-retriever.png,known,shape,8,froatne,https://raw.githubusercontent.com/adadtur/nvrd-sample/master/known/shape/golden-retriever_8.png,1,2225,golden-retriever,
194,Group 4,https://raw.githubusercontent.com/adadtur/nvrd-sample/master/modified-shape-shape/crystal_telescope.png,modified/shape-shape,shape,2,drublit,https://raw.githubusercontent.com/adadtur/nvrd-sample/master/modified-shape-shape/shape/crystal_telescope_2.png,4,4185,crystal_telescope,
194,Group 4,https://raw.githubusercontent.com/adadtur/nvrd-sample/master/modified-shape-texture/bird-feathers_saxophone.png,modified/shape-texture,add,11,plonwick,https://raw.githubusercontent.com/adadtur/nvrd-sample/master/modified-shape-texture/add/bird-feathers_saxophone_11.png,1,6791,bird-feathers_saxophone,
194,Group 4,https://raw.githubusercontent.com/adadtur/nvrd-sample/master/novel/shape_19.png,novel,add,20,frentish,https://raw.githubusercontent.com/adadtur/nvrd-sample/master/novel/add/shape_19_20.png,1,1868,shape_19,
194,Group 4,https://raw.githubusercontent.com/adadtur/nvrd-sample/master/modified-shape-shape/drone_dagger.png,modified/shape-shape,add,19,zornett,https://raw.githubusercontent.com/adadtur/nvrd-sample/master/modified-shape-shape/add/drone_dagger_19.png,1,10079,drone_dagger,
194,Group 4,https://raw.githubusercontent.com/adadtur/nvrd-sample/master/novel/shape_11.png,novel,color,2,scradge,https://raw.githubusercontent.com/adadtur/nvrd-sample/master/novel/color/shape_11_2.png,4,1538,shape_11,
194,Group 4,https://raw.githubusercontent.com/adadtur/nvrd-sample/master/modified-shape-shape/drone_dagger.png,modified/shape-shape,add,17,zornett,https://raw.githubusercontent.com/adadtur/nvrd-sample/master/modified-shape-shape/add/drone_dagger_17.png,1,1154,drone_dagger,
194,Group 4,https://raw.githubusercontent.com/adadtur/nvrd-sample/master/modified-shape-shape/crystal_telescope.png,modified/shape-shape,remove,8,drublit,https://raw.githubusercontent.com/adadtur/nvrd-sample/master/modified-shape-shape/remove/crystal_telescope_8.png,1,1199,crystal_telescope,
194,Group 4,https://raw.githubusercontent.com/adadtur/nvrd-sample/master/known/rabbit.png,,,,pon,https://raw.githubusercontent.com/adadtur/nvrd-sample/master/known/corkscrew.png,1,1273,attention_check_3,
194,Group 4,https://raw.githubusercontent.com/adadtur/nvrd-sample/master/known/corkscrew.png,known,background,14,vorthling,https://raw.githubusercontent.com/adadtur/nvrd-sample/master/known/background/corkscrew_14.png,4,2170,corkscrew,
194,Group 4,https://raw.githubusercontent.com/adadtur/nvrd-sample/master/modified-shape-texture/checkerboard_tiger.png,modified/shape-texture,texture,11,clentrel,https://raw.githubusercontent.com/adadtur/nvrd-sample/master/modified-shape-texture/texture/checkerboard_tiger_11.png,4,1471,checkerboard_tiger,
194,Group 4,https://raw.githubusercontent.com/adadtur/nvrd-sample/master/novel/shape_28.png,novel,add,11,frostling,https://raw.githubusercontent.com/adadtur/nvrd-sample/master/novel/add/shape_28_11.png,1,1831,shape_28,
194,Group 4,https://raw.githubusercontent.com/adadtur/nvrd-sample/master/novel/shape_13.png,novel,background,11,wrimble,https://raw.githubusercontent.com/adadtur/nvrd-sample/master/novel/background/shape_13_11.png,4,1917,shape_13,
194,Group 4,https://raw.githubusercontent.com/adadtur/nvrd-sample/master/novel/shape_28.png,novel,style,2,frostling,https://raw.githubusercontent.com/adadtur/nvrd-sample/master/novel/style/shape_28_2.png,5,2571,shape_28,
194,Group 4,https://raw.githubusercontent.com/adadtur/nvrd-sample/master/novel/shape_13.png,novel,style,2,wrimble,https://raw.githubusercontent.com/adadtur/nvrd-sample/master/novel/style/shape_13_2.png,4,1875,shape_13,
194,Group 4,https://raw.githubusercontent.com/adadtur/nvrd-sample/master/novel/shape_28.png,novel,add,5,frostling,https://raw.githubusercontent.com/adadtur/nvrd-sample/master/novel/add/shape_28_5.png,1,1765,shape_28,
194,Group 4,https://raw.githubusercontent.com/adadtur/nvrd-sample/master/modified-shape-texture/checkerboard_tiger.png,modified/shape-texture,color,11,clentrel,https://raw.githubusercontent.com/adadtur/nvrd-sample/master/modified-shape-texture/color/checkerboard_tiger_11.png,4,1896,checkerboard_tiger,
194,Group 4,https://raw.githubusercontent.com/adadtur/nvrd-sample/master/modified-shape-texture/bird-feathers_saxophone.png,modified/shape-texture,background,19,plonwick,https://raw.githubusercontent.com/adadtur/nvrd-sample/master/modified-shape-texture/background/bird-feathers_saxophone_19.png,7,5110,bird-feathers_saxophone,
194,Group 4,https://raw.githubusercontent.com/adadtur/nvrd-sample/master/modified-shape-texture/bird-feathers_saxophone.png,modified/shape-texture,color,5,plonwick,https://raw.githubusercontent.com/adadtur/nvrd-sample/master/modified-shape-texture/color/bird-feathers_saxophone_5.png,7,3319,bird-feathers_saxophone,
194,Group 4,https://raw.githubusercontent.com/adadtur/nvrd-sample/master/modified-shape-texture/checkerboard_tiger.png,modified/shape-texture,style,5,clentrel,https://raw.githubusercontent.com/adadtur/nvrd-sample/master/modified-shape-texture/style/checkerboard_tiger_5.png,4,1518,checkerboard_tiger,
194,Group 4,https://raw.githubusercontent.com/adadtur/nvrd-sample/master/modified-shape-texture/bird-feathers_saxophone.png,modified/shape-texture,texture,2,plonwick,https://raw.githubusercontent.com/adadtur/nvrd-sample/master/modified-shape-texture/texture/bird-feathers_saxophone_2.png,4,6525,bird-feathers_saxophone,
194,Group 4,https://raw.githubusercontent.com/adadtur/nvrd-sample/master/modified-shape-shape/bonsai_crystal.png,modified/shape-shape,remove,11,cravish,https://raw.githubusercontent.com/adadtur/nvrd-sample/master/modified-shape-shape/remove/bonsai_crystal_11.png,1,1463,bonsai_crystal,
194,Group 4,https://raw.githubusercontent.com/adadtur/nvrd-sample/master/known/golden-retriever.png,known,texture,2,froatne,https://raw.githubusercontent.com/adadtur/nvrd-sample/master/known/texture/golden-retriever_2.png,7,2631,golden-retriever,
194,Group 4,https://raw.githubusercontent.com/adadtur/nvrd-sample/master/known/corkscrew.png,,,,neb,https://raw.githubusercontent.com/adadtur/nvrd-sample/master/known/golden-retriever.png,1,2078,attention_check_4,
194,Group 4,https://raw.githubusercontent.com/adadtur/nvrd-sample/master/known/bee.png,known,texture,8,snavish,https://raw.githubusercontent.com/adadtur/nvrd-sample/master/known/texture/bee_8.png,4,2865,bee,
194,Group 4,https://raw.githubusercontent.com/adadtur/nvrd-sample/master/novel/shape_19.png,novel,style,20,frentish,https://raw.githubusercontent.com/adadtur/nvrd-sample/master/novel/style/shape_19_20.png,1,1383,shape_19,
194,Group 4,https://raw.githubusercontent.com/adadtur/nvrd-sample/master/novel/shape_19.png,novel,shape,11,frentish,https://raw.githubusercontent.com/adadtur/nvrd-sample/master/novel/shape/shape_19_11.png,1,1325,shape_19,
194,Group 4,https://raw.githubusercontent.com/adadtur/nvrd-sample/master/novel/shape_11.png,novel,color,19,scradge,https://raw.githubusercontent.com/adadtur/nvrd-sample/master/novel/color/shape_11_19.png,4,1578,shape_11,
194,Group 4,https://raw.githubusercontent.com/adadtur/nvrd-sample/master/novel/shape_28.png,novel,style,19,frostling,https://raw.githubusercontent.com/adadtur/nvrd-sample/master/novel/style/shape_28_19.png,1,1359,shape_28,
194,Group 4,https://raw.githubusercontent.com/adadtur/nvrd-sample/master/known/dolphin.png,known,texture,19,thrimple,https://raw.githubusercontent.com/adadtur/nvrd-sample/master/known/texture/dolphin_19.png,1,1585,dolphin,
194,Group 4,https://raw.githubusercontent.com/adadtur/nvrd-sample/master/known/golden-retriever.png,known,add,11,froatne,https://raw.githubusercontent.com/adadtur/nvrd-sample/master/known/add/golden-retriever_11.png,1,2167,golden-retriever,
194,Group 4,https://raw.githubusercontent.com/adadtur/nvrd-sample/master/modified-shape-shape/drone_dagger.png,modified/shape-shape,texture,20,zornett,https://raw.githubusercontent.com/adadtur/nvrd-sample/master/modified-shape-shape/texture/drone_dagger_20.png,4,2811,drone_dagger,
194,Group 4,https://raw.githubusercontent.com/adadtur/nvrd-sample/master/modified-shape-texture/checkerboard_tv-remote.png,modified/shape-texture,background,14,grestle,https://raw.githubusercontent.com/adadtur/nvrd-sample/master/modified-shape-texture/background/checkerboard_tv-remote_14.png,4,1604,checkerboard_tv-remote,
194,Group 4,https://raw.githubusercontent.com/adadtur/nvrd-sample/master/known/horse.png,known,texture,19,skelwick,https://raw.githubusercontent.com/adadtur/nvrd-sample/master/known/texture/horse_19.png,4,2219,horse,
194,Group 4,https://raw.githubusercontent.com/adadtur/nvrd-sample/master/known/dolphin.png,known,shape,2,thrimple,https://raw.githubusercontent.com/adadtur/nvrd-sample/master/known/shape/dolphin_2.png,7,1534,dolphin,
194,Group 4,https://raw.githubusercontent.com/adadtur/nvrd-sample/master/known/golden-retriever.png,known,background,19,froatne,https://raw.githubusercontent.com/adadtur/nvrd-sample/master/known/background/golden-retriever_19.png,7,2664,golden-retriever,
194,Group 4,https://raw.githubusercontent.com/adadtur/nvrd-sample/master/modified-shape-texture/bird-feathers_saxophone.png,modified/shape-texture,style,2,plonwick,https://raw.githubusercontent.com/adadtur/nvrd-sample/master/modified-shape-texture/style/bird-feathers_saxophone_2.png,7,2462,bird-feathers_saxophone,
194,Group 4,https://raw.githubusercontent.com/adadtur/nvrd-sample/master/modified-shape-texture/bird-feathers_saxophone.png,modified/shape-texture,color,14,plonwick,https://raw.githubusercontent.com/adadtur/nvrd-sample/master/modified-shape-texture/color/bird-feathers_saxophone_14.png,4,1298,bird-feathers_saxophone,
194,Group 4,https://raw.githubusercontent.com/adadtur/nvrd-sample/master/known/dolphin.png,,,,rav,https://raw.githubusercontent.com/adadtur/nvrd-sample/master/known/rabbit.png,1,1754,attention_check_5,
194,Group 4,https://raw.githubusercontent.com/adadtur/nvrd-sample/master/novel/shape_11.png,novel,color,17,scradge,https://raw.githubusercontent.com/adadtur/nvrd-sample/master/novel/color/shape_11_17.png,4,1739,shape_11,
194,Group 4,https://raw.githubusercontent.com/adadtur/nvrd-sample/master/novel/shape_28.png,novel,style,5,frostling,https://raw.githubusercontent.com/adadtur/nvrd-sample/master/novel/style/shape_28_5.png,7,4318,shape_28,
194,Group 4,https://raw.githubusercontent.com/adadtur/nvrd-sample/master/novel/shape_13.png,novel,texture,17,wrimble,https://raw.githubusercontent.com/adadtur/nvrd-sample/master/novel/texture/shape_13_17.png,4,2373,shape_13,
194,Group 4,https://raw.githubusercontent.com/adadtur/nvrd-sample/master/modified-shape-shape/drone_dagger.png,modified/shape-shape,background,5,zornett,https://raw.githubusercontent.com/adadtur/nvrd-sample/master/modified-shape-shape/background/drone_dagger_5.png,7,4538,drone_dagger,
194,Group 4,https://raw.githubusercontent.com/adadtur/nvrd-sample/master/known/corkscrew.png,known,background,19,vorthling,https://raw.githubusercontent.com/adadtur/nvrd-sample/master/known/background/corkscrew_19.png,7,1683,corkscrew,
194,Group 4,https://raw.githubusercontent.com/adadtur/nvrd-sample/master/novel/shape_16.png,novel,background,20,sdrindle,https://raw.githubusercontent.com/adadtur/nvrd-sample/master/novel/background/shape_16_20.png,7,1495,shape_16,
194,Group 4,https://raw.githubusercontent.com/adadtur/nvrd-sample/master/novel/shape_19.png,novel,remove,19,frentish,https://raw.githubusercontent.com/adadtur/nvrd-sample/master/novel/remove/shape_19_19.png,1,1964,shape_19,
194,Group 4,https://raw.githubusercontent.com/adadtur/nvrd-sample/master/modified-shape-texture/checkerboard_tiger.png,modified/shape-texture,background,17,clentrel,https://raw.githubusercontent.com/adadtur/nvrd-sample/master/modified-shape-texture/background/checkerboard_tiger_17.png,6,4217,checkerboard_tiger,
194,Group 4,https://raw.githubusercontent.com/adadtur/nvrd-sample/master/modified-shape-shape/crystal_telescope.png,modified/shape-shape,remove,2,drublit,https://raw.githubusercontent.com/adadtur/nvrd-sample/master/modified-shape-shape/remove/crystal_telescope_2.png,1,1374,crystal_telescope,
194,Group 4,https://raw.githubusercontent.com/adadtur/nvrd-sample/master/novel/shape_11.png,novel,shape,2,scradge,https://raw.githubusercontent.com/adadtur/nvrd-sample/master/novel/shape/shape_11_2.png,1,2495,shape_11,
194,Group 4,https://raw.githubusercontent.com/adadtur/nvrd-sample/master/known/dolphin.png,known,style,2,thrimple,https://raw.githubusercontent.com/adadtur/nvrd-sample/master/known/style/dolphin_2.png,7,1424,dolphin,
194,Group 4,https://raw.githubusercontent.com/adadtur/nvrd-sample/master/novel/shape_16.png,novel,texture,2,sdrindle,https://raw.githubusercontent.com/adadtur/nvrd-sample/master/novel/texture/shape_16_2.png,7,2820,shape_16,
194,Group 4,https://raw.githubusercontent.com/adadtur/nvrd-sample/master/known/corkscrew.png,known,shape,8,vorthling,https://raw.githubusercontent.com/adadtur/nvrd-sample/master/known/shape/corkscrew_8.png,1,2343,corkscrew,
194,Group 4,,,,,,,,2260,,
188,Group 4,,,,,,,,,,
188,Group 4,,,,,,,,5012,,
188,Group 4,,,,,,,,29754,,
188,Group 4,,,,,,,7,7364,,
188,Group 4,,,,,,,1,3883,,
188,Group 4,,,,,,,5,7225,,
188,Group 4,,,,,,,,2085,,
188,Group 4,https://raw.githubusercontent.com/adadtur/nvrd-sample/master/modified-shape-texture/checkerboard_tiger.png,modified/shape-texture,texture,5,clentrel,https://raw.githubusercontent.com/adadtur/nvrd-sample/master/modified-shape-texture/texture/checkerboard_tiger_5.png,7,8219,checkerboard_tiger,
188,Group 4,https://raw.githubusercontent.com/adadtur/nvrd-sample/master/modified-shape-shape/crystal_telescope.png,modified/shape-shape,shape,20,drublit,https://raw.githubusercontent.com/adadtur/nvrd-sample/master/modified-shape-shape/shape/crystal_telescope_20.png,6,3150,crystal_telescope,
188,Group 4,https://raw.githubusercontent.com/adadtur/nvrd-sample/master/modified-shape-texture/bird-feathers_saxophone.png,modified/shape-texture,remove,14,plonwick,https://raw.githubusercontent.com/adadtur/nvrd-sample/master/modified-shape-texture/remove/bird-feathers_saxophone_14.png,1,1904,bird-feathers_saxophone,
188,Group 4,https://raw.githubusercontent.com/adadtur/nvrd-sample/master/known/bee.png,known,shape,20,snavish,https://raw.githubusercontent.com/adadtur/nvrd-sample/master/known/shape/bee_20.png,7,3546,bee,
188,Group 4,https://raw.githubusercontent.com/adadtur/nvrd-sample/master/novel/shape_19.png,novel,color,19,frentish,https://raw.githubusercontent.com/adadtur/nvrd-sample/master/novel/color/shape_19_19.png,5,1812,shape_19,
188,Group 4,https://raw.githubusercontent.com/adadtur/nvrd-sample/master/known/dolphin.png,known,texture,19,thrimple,https://raw.githubusercontent.com/adadtur/nvrd-sample/master/known/texture/dolphin_19.png,5,1242,dolphin,
188,Group 4,https://raw.githubusercontent.com/adadtur/nvrd-sample/master/known/golden-retriever.png,known,texture,2,froatne,https://raw.githubusercontent.com/adadtur/nvrd-sample/master/known/texture/golden-retriever_2.png,7,1893,golden-retriever,
188,Group 4,https://raw.githubusercontent.com/adadtur/nvrd-sample/master/novel/shape_28.png,novel,style,5,frostling,https://raw.githubusercontent.com/adadtur/nvrd-sample/master/novel/style/shape_28_5.png,5,3970,shape_28,
188,Group 4,https://raw.githubusercontent.com/adadtur/nvrd-sample/master/modified-shape-shape/drone_dagger.png,modified/shape-shape,texture,20,zornett,https://raw.githubusercontent.com/adadtur/nvrd-sample/master/modified-shape-shape/texture/drone_dagger_20.png,6,3172,drone_dagger,
188,Group 4,https://raw.githubusercontent.com/adadtur/nvrd-sample/master/modified-shape-shape/drone_dagger.png,modified/shape-shape,background,5,zornett,https://raw.githubusercontent.com/adadtur/nvrd-sample/master/modified-shape-shape/background/drone_dagger_5.png,6,2092,drone_dagger,
188,Group 4,https://raw.githubusercontent.com/adadtur/nvrd-sample/master/modified-shape-shape/crystal_telescope.png,modified/shape-shape,remove,8,drublit,https://raw.githubusercontent.com/adadtur/nvrd-sample/master/modified-shape-shape/remove/crystal_telescope_8.png,1,4650,crystal_telescope,
188,Group 4,https://raw.githubusercontent.com/adadtur/nvrd-sample/master/known/corkscrew.png,known,background,14,vorthling,https://raw.githubusercontent.com/adadtur/nvrd-sample/master/known/background/corkscrew_14.png,7,5187,corkscrew,
188,Group 4,https://raw.githubusercontent.com/adadtur/nvrd-sample/master/modified-shape-shape/crystal_telescope.png,modified/shape-shape,shape,2,drublit,https://raw.githubusercontent.com/adadtur/nvrd-sample/master/modified-shape-shape/shape/crystal_telescope_2.png,7,1842,crystal_telescope,
188,Group 4,https://raw.githubusercontent.com/adadtur/nvrd-sample/master/known/bee.png,known,texture,8,snavish,https://raw.githubusercontent.com/adadtur/nvrd-sample/master/known/texture/bee_8.png,7,3296,bee,
188,Group 4,https://raw.githubusercontent.com/adadtur/nvrd-sample/master/known/golden-retriever.png,,,,toma,https://raw.githubusercontent.com/adadtur/nvrd-sample/master/known/corkscrew.png,1,1971,attention_check_1,
188,Group 4,https://raw.githubusercontent.com/adadtur/nvrd-sample/master/known/horse.png,known,background,2,skelwick,https://raw.githubusercontent.com/adadtur/nvrd-sample/master/known/background/horse_2.png,7,3143,horse,
188,Group 4,https://raw.githubusercontent.com/adadtur/nvrd-sample/master/novel/shape_11.png,novel,color,14,scradge,https://raw.githubusercontent.com/adadtur/nvrd-sample/master/novel/color/shape_11_14.png,6,3423,shape_11,
188,Group 4,https://raw.githubusercontent.com/adadtur/nvrd-sample/master/known/golden-retriever.png,known,shape,8,froatne,https://raw.githubusercontent.com/adadtur/nvrd-sample/master/known/shape/golden-retriever_8.png,5,4599,golden-retriever,
188,Group 4,https://raw.githubusercontent.com/adadtur/nvrd-sample/master/known/golden-retriever.png,known,remove,8,froatne,https://raw.githubusercontent.com/adadtur/nvrd-sample/master/known/remove/golden-retriever_8.png,1,3628,golden-retriever,
188,Group 4,https://raw.githubusercontent.com/adadtur/nvrd-sample/master/known/golden-retriever.png,known,shape,2,froatne,https://raw.githubusercontent.com/adadtur/nvrd-sample/master/known/shape/golden-retriever_2.png,5,1574,golden-retriever,
188,Group 4,https://raw.githubusercontent.com/adadtur/nvrd-sample/master/modified-shape-texture/bird-feathers_saxophone.png,modified/shape-texture,add,5,plonwick,https://raw.githubusercontent.com/adadtur/nvrd-sample/master/modified-shape-texture/add/bird-feathers_saxophone_5.png,5,2736,bird-feathers_saxophone,
188,Group 4,https://raw.githubusercontent.com/adadtur/nvrd-sample/master/novel/shape_24.png,novel,add,8,vraxel,https://raw.githubusercontent.com/adadtur/nvrd-sample/master/novel/add/shape_24_8.png,6,5208,shape_24,
188,Group 4,https://raw.githubusercontent.com/adadtur/nvrd-sample/master/known/golden-retriever.png,known,background,19,froatne,https://raw.githubusercontent.com/adadtur/nvrd-sample/master/known/background/golden-retriever_19.png,6,2035,golden-retriever,
188,Group 4,https://raw.githubusercontent.com/adadtur/nvrd-sample/master/novel/shape_28.png,novel,style,2,frostling,https://raw.githubusercontent.com/adadtur/nvrd-sample/master/novel/style/shape_28_2.png,5,3296,shape_28,
188,Group 4,https://raw.githubusercontent.com/adadtur/nvrd-sample/master/known/horse.png,known,texture,19,skelwick,https://raw.githubusercontent.com/adadtur/nvrd-sample/master/known/texture/horse_19.png,5,3025,horse,
188,Group 4,https://raw.githubusercontent.com/adadtur/nvrd-sample/master/modified-shape-texture/bird-feathers_saxophone.png,modified/shape-texture,style,2,plonwick,https://raw.githubusercontent.com/adadtur/nvrd-sample/master/modified-shape-texture/style/bird-feathers_saxophone_2.png,7,2445,bird-feathers_saxophone,
188,Group 4,https://raw.githubusercontent.com/adadtur/nvrd-sample/master/modified-shape-shape/bonsai_crystal.png,modified/shape-shape,remove,11,cravish,https://raw.githubusercontent.com/adadtur/nvrd-sample/master/modified-shape-shape/remove/bonsai_crystal_11.png,2,4069,bonsai_crystal,
188,Group 4,https://raw.githubusercontent.com/adadtur/nvrd-sample/master/novel/shape_28.png,novel,remove,8,frostling,https://raw.githubusercontent.com/adadtur/nvrd-sample/master/novel/remove/shape_28_8.png,2,1727,shape_28,
188,Group 4,https://raw.githubusercontent.com/adadtur/nvrd-sample/master/novel/shape_28.png,novel,style,19,frostling,https://raw.githubusercontent.com/adadtur/nvrd-sample/master/novel/style/shape_28_19.png,3,2811,shape_28,
188,Group 4,https://raw.githubusercontent.com/adadtur/nvrd-sample/master/known/dolphin.png,,,,blick,https://raw.githubusercontent.com/adadtur/nvrd-sample/master/known/rabbit.png,1,1610,attention_check_2,
188,Group 4,https://raw.githubusercontent.com/adadtur/nvrd-sample/master/modified-shape-texture/checkerboard_tiger.png,modified/shape-texture,color,11,clentrel,https://raw.githubusercontent.com/adadtur/nvrd-sample/master/modified-shape-texture/color/checkerboard_tiger_11.png,6,2761,checkerboard_tiger,
188,Group 4,https://raw.githubusercontent.com/adadtur/nvrd-sample/master/novel/shape_19.png,novel,shape,11,frentish,https://raw.githubusercontent.com/adadtur/nvrd-sample/master/novel/shape/shape_19_11.png,3,4530,shape_19,
188,Group 4,https://raw.githubusercontent.com/adadtur/nvrd-sample/master/novel/shape_11.png,novel,color,2,scradge,https://raw.githubusercontent.com/adadtur/nvrd-sample/master/novel/color/shape_11_2.png,6,5723,shape_11,
188,Group 4,https://raw.githubusercontent.com/adadtur/nvrd-sample/master/known/dolphin.png,known,shape,2,thrimple,https://raw.githubusercontent.com/adadtur/nvrd-sample/master/known/shape/dolphin_2.png,7,1337,dolphin,
188,Group 4,https://raw.githubusercontent.com/adadtur/nvrd-sample/master/novel/shape_24.png,novel,texture,8,vraxel,https://raw.githubusercontent.com/adadtur/nvrd-sample/master/novel/texture/shape_24_8.png,6,1548,shape_24,
188,Group 4,https://raw.githubusercontent.com/adadtur/nvrd-sample/master/modified-shape-shape/crystal_telescope.png,modified/shape-shape,color,8,drublit,https://raw.githubusercontent.com/adadtur/nvrd-sample/master/modified-shape-shape/color/crystal_telescope_8.png,6,2364,crystal_telescope,
188,Group 4,https://raw.githubusercontent.com/adadtur/nvrd-sample/master/known/bee.png,known,style,8,snavish,https://raw.githubusercontent.com/adadtur/nvrd-sample/master/known/style/bee_8.png,5,3765,bee,
188,Group 4,https://raw.githubusercontent.com/adadtur/nvrd-sample/master/novel/shape_19.png,novel,style,20,frentish,https://raw.githubusercontent.com/adadtur/nvrd-sample/master/novel/style/shape_19_20.png,1,2196,shape_19,
188,Group 4,https://raw.githubusercontent.com/adadtur/nvrd-sample/master/modified-shape-texture/checkerboard_tiger.png,modified/shape-texture,background,17,clentrel,https://raw.githubusercontent.com/adadtur/nvrd-sample/master/modified-shape-texture/background/checkerboard_tiger_17.png,6,3596,checkerboard_tiger,
188,Group 4,https://raw.githubusercontent.com/adadtur/nvrd-sample/master/modified-shape-shape/drone_dagger.png,modified/shape-shape,shape,2,zornett,https://raw.githubusercontent.com/adadtur/nvrd-sample/master/modified-shape-shape/shape/drone_dagger_2.png,5,5023,drone_dagger,
188,Group 4,https://raw.githubusercontent.com/adadtur/nvrd-sample/master/modified-shape-texture/bird-feathers_saxophone.png,modified/shape-texture,color,5,plonwick,https://raw.githubusercontent.com/adadtur/nvrd-sample/master/modified-shape-texture/color/bird-feathers_saxophone_5.png,6,1946,bird-feathers_saxophone,
188,Group 4,https://raw.githubusercontent.com/adadtur/nvrd-sample/master/novel/shape_19.png,novel,add,20,frentish,https://raw.githubusercontent.com/adadtur/nvrd-sample/master/novel/add/shape_19_20.png,5,4529,shape_19,
188,Group 4,https://raw.githubusercontent.com/adadtur/nvrd-sample/master/modified-shape-texture/checkerboard_tv-remote.png,modified/shape-texture,add,11,grestle,https://raw.githubusercontent.com/adadtur/nvrd-sample/master/modified-shape-texture/add/checkerboard_tv-remote_11.png,5,3065,checkerboard_tv-remote,
188,Group 4,https://raw.githubusercontent.com/adadtur/nvrd-sample/master/novel/shape_19.png,novel,remove,17,frentish,https://raw.githubusercontent.com/adadtur/nvrd-sample/master/novel/remove/shape_19_17.png,1,2356,shape_19,
188,Group 4,https://raw.githubusercontent.com/adadtur/nvrd-sample/master/known/rabbit.png,,,,pon,https://raw.githubusercontent.com/adadtur/nvrd-sample/master/known/corkscrew.png,1,1184,attention_check_3,
188,Group 4,https://raw.githubusercontent.com/adadtur/nvrd-sample/master/modified-shape-shape/drone_dagger.png,modified/shape-shape,add,8,zornett,https://raw.githubusercontent.com/adadtur/nvrd-sample/master/modified-shape-shape/add/drone_dagger_8.png,5,2360,drone_dagger,
188,Group 4,https://raw.githubusercontent.com/adadtur/nvrd-sample/master/novel/shape_16.png,novel,texture,2,sdrindle,https://raw.githubusercontent.com/adadtur/nvrd-sample/master/novel/texture/shape_16_2.png,7,1782,shape_16,
188,Group 4,https://raw.githubusercontent.com/adadtur/nvrd-sample/master/known/dolphin.png,known,style,8,thrimple,https://raw.githubusercontent.com/adadtur/nvrd-sample/master/known/style/dolphin_8.png,5,3571,dolphin,
188,Group 4,https://raw.githubusercontent.com/adadtur/nvrd-sample/master/modified-shape-shape/bonsai_crystal.png,modified/shape-shape,texture,17,cravish,https://raw.githubusercontent.com/adadtur/nvrd-sample/master/modified-shape-shape/texture/bonsai_crystal_17.png,5,1229,bonsai_crystal,
188,Group 4,https://raw.githubusercontent.com/adadtur/nvrd-sample/master/known/corkscrew.png,known,color,19,vorthling,https://raw.githubusercontent.com/adadtur/nvrd-sample/master/known/color/corkscrew_19.png,5,2559,corkscrew,
188,Group 4,https://raw.githubusercontent.com/adadtur/nvrd-sample/master/novel/shape_24.png,novel,background,5,vraxel,https://raw.githubusercontent.com/adadtur/nvrd-sample/master/novel/background/shape_24_5.png,5,972,shape_24,
188,Group 4,https://raw.githubusercontent.com/adadtur/nvrd-sample/master/modified-shape-texture/checkerboard_tv-remote.png,modified/shape-texture,color,14,grestle,https://raw.githubusercontent.com/adadtur/nvrd-sample/master/modified-shape-texture/color/checkerboard_tv-remote_14.png,5,1095,checkerboard_tv-remote,
188,Group 4,https://raw.githubusercontent.com/adadtur/nvrd-sample/master/modified-shape-shape/bonsai_crystal.png,modified/shape-shape,add,14,cravish,https://raw.githubusercontent.com/adadtur/nvrd-sample/master/modified-shape-shape/add/bonsai_crystal_14.png,6,1491,bonsai_crystal,
188,Group 4,https://raw.githubusercontent.com/adadtur/nvrd-sample/master/modified-shape-texture/checkerboard_tv-remote.png,modified/shape-texture,color,8,grestle,https://raw.githubusercontent.com/adadtur/nvrd-sample/master/modified-shape-texture/color/checkerboard_tv-remote_8.png,6,1291,checkerboard_tv-remote,
188,Group 4,https://raw.githubusercontent.com/adadtur/nvrd-sample/master/known/corkscrew.png,known,shape,8,vorthling,https://raw.githubusercontent.com/adadtur/nvrd-sample/master/known/shape/corkscrew_8.png,5,2291,corkscrew,
188,Group 4,https://raw.githubusercontent.com/adadtur/nvrd-sample/master/novel/shape_19.png,novel,remove,19,frentish,https://raw.githubusercontent.com/adadtur/nvrd-sample/master/novel/remove/shape_19_19.png,1,1964,shape_19,
188,Group 4,https://raw.githubusercontent.com/adadtur/nvrd-sample/master/modified-shape-texture/bird-feathers_saxophone.png,modified/shape-texture,texture,2,plonwick,https://raw.githubusercontent.com/adadtur/nvrd-sample/master/modified-shape-texture/texture/bird-feathers_saxophone_2.png,7,2199,bird-feathers_saxophone,
188,Group 4,https://raw.githubusercontent.com/adadtur/nvrd-sample/master/modified-shape-shape/crystal_telescope.png,modified/shape-shape,remove,2,drublit,https://raw.githubusercontent.com/adadtur/nvrd-sample/master/modified-shape-shape/remove/crystal_telescope_2.png,3,3695,crystal_telescope,
188,Group 4,https://raw.githubusercontent.com/adadtur/nvrd-sample/master/modified-shape-texture/checkerboard_tv-remote.png,modified/shape-texture,background,14,grestle,https://raw.githubusercontent.com/adadtur/nvrd-sample/master/modified-shape-texture/background/checkerboard_tv-remote_14.png,6,2572,checkerboard_tv-remote,
188,Group 4,https://raw.githubusercontent.com/adadtur/nvrd-sample/master/known/corkscrew.png,,,,neb,https://raw.githubusercontent.com/adadtur/nvrd-sample/master/known/golden-retriever.png,1,2093,attention_check_4,
188,Group 4,https://raw.githubusercontent.com/adadtur/nvrd-sample/master/modified-shape-shape/bonsai_crystal.png,modified/shape-shape,shape,8,cravish,https://raw.githubusercontent.com/adadtur/nvrd-sample/master/modified-shape-shape/shape/bonsai_crystal_8.png,5,2995,bonsai_crystal,
188,Group 4,https://raw.githubusercontent.com/adadtur/nvrd-sample/master/novel/shape_11.png,novel,shape,2,scradge,https://raw.githubusercontent.com/adadtur/nvrd-sample/master/novel/shape/shape_11_2.png,6,3913,shape_11,
188,Group 4,https://raw.githubusercontent.com/adadtur/nvrd-sample/master/novel/shape_28.png,novel,add,5,frostling,https://raw.githubusercontent.com/adadtur/nvrd-sample/master/novel/add/shape_28_5.png,6,1942,shape_28,
188,Group 4,https://raw.githubusercontent.com/adadtur/nvrd-sample/master/novel/shape_28.png,novel,add,11,frostling,https://raw.githubusercontent.com/adadtur/nvrd-sample/master/novel/add/shape_28_11.png,3,2385,shape_28,
188,Group 4,https://raw.githubusercontent.com/adadtur/nvrd-sample/master/novel/shape_13.png,novel,style,2,wrimble,https://raw.githubusercontent.com/adadtur/nvrd-sample/master/novel/style/shape_13_2.png,6,3657,shape_13,
188,Group 4,https://raw.githubusercontent.com/adadtur/nvrd-sample/master/known/corkscrew.png,known,background,19,vorthling,https://raw.githubusercontent.com/adadtur/nvrd-sample/master/known/background/corkscrew_19.png,7,2856,corkscrew,
188,Group 4,https://raw.githubusercontent.com/adadtur/nvrd-sample/master/novel/shape_13.png,novel,texture,17,wrimble,https://raw.githubusercontent.com/adadtur/nvrd-sample/master/novel/texture/shape_13_17.png,5,2902,shape_13,
188,Group 4,https://raw.githubusercontent.com/adadtur/nvrd-sample/master/modified-shape-texture/bird-feathers_saxophone.png,modified/shape-texture,add,11,plonwick,https://raw.githubusercontent.com/adadtur/nvrd-sample/master/modified-shape-texture/add/bird-feathers_saxophone_11.png,5,2984,bird-feathers_saxophone,
188,Group 4,https://raw.githubusercontent.com/adadtur/nvrd-sample/master/novel/shape_16.png,novel,background,20,sdrindle,https://raw.githubusercontent.com/adadtur/nvrd-sample/master/novel/background/shape_16_20.png,6,3031,shape_16,
188,Group 4,https://raw.githubusercontent.com/adadtur/nvrd-sample/master/modified-shape-shape/drone_dagger.png,modified/shape-shape,add,17,zornett,https://raw.githubusercontent.com/adadtur/nvrd-sample/master/modified-shape-shape/add/drone_dagger_17.png,6,2466,drone_dagger,
188,Group 4,https://raw.githubusercontent.com/adadtur/nvrd-sample/master/novel/shape_24.png,novel,background,8,vraxel,https://raw.githubusercontent.com/adadtur/nvrd-sample/master/novel/background/shape_24_8.png,6,1101,shape_24,
188,Group 4,https://raw.githubusercontent.com/adadtur/nvrd-sample/master/modified-shape-shape/drone_dagger.png,modified/shape-shape,remove,11,zornett,https://raw.githubusercontent.com/adadtur/nvrd-sample/master/modified-shape-shape/remove/drone_dagger_11.png,1,1858,drone_dagger,
188,Group 4,https://raw.githubusercontent.com/adadtur/nvrd-sample/master/known/dolphin.png,known,style,2,thrimple,https://raw.githubusercontent.com/adadtur/nvrd-sample/master/known/style/dolphin_2.png,7,1868,dolphin,
188,Group 4,https://raw.githubusercontent.com/adadtur/nvrd-sample/master/modified-shape-texture/bird-feathers_saxophone.png,modified/shape-texture,background,19,plonwick,https://raw.githubusercontent.com/adadtur/nvrd-sample/master/modified-shape-texture/background/bird-feathers_saxophone_19.png,7,1463,bird-feathers_saxophone,
188,Group 4,https://raw.githubusercontent.com/adadtur/nvrd-sample/master/known/dolphin.png,,,,rav,https://raw.githubusercontent.com/adadtur/nvrd-sample/master/known/rabbit.png,1,1464,attention_check_5,
188,Group 4,https://raw.githubusercontent.com/adadtur/nvrd-sample/master/modified-shape-shape/drone_dagger.png,modified/shape-shape,add,19,zornett,https://raw.githubusercontent.com/adadtur/nvrd-sample/master/modified-shape-shape/add/drone_dagger_19.png,6,2353,drone_dagger,
188,Group 4,https://raw.githubusercontent.com/adadtur/nvrd-sample/master/novel/shape_13.png,novel,background,11,wrimble,https://raw.githubusercontent.com/adadtur/nvrd-sample/master/novel/background/shape_13_11.png,5,2300,shape_13,
188,Group 4,https://raw.githubusercontent.com/adadtur/nvrd-sample/master/modified-shape-texture/checkerboard_tv-remote.png,modified/shape-texture,style,8,grestle,https://raw.githubusercontent.com/adadtur/nvrd-sample/master/modified-shape-texture/style/checkerboard_tv-remote_8.png,5,2769,checkerboard_tv-remote,
188,Group 4,https://raw.githubusercontent.com/adadtur/nvrd-sample/master/known/golden-retriever.png,known,style,5,froatne,https://raw.githubusercontent.com/adadtur/nvrd-sample/master/known/style/golden-retriever_5.png,6,2144,golden-retriever,
188,Group 4,https://raw.githubusercontent.com/adadtur/nvrd-sample/master/novel/shape_11.png,novel,color,17,scradge,https://raw.githubusercontent.com/adadtur/nvrd-sample/master/novel/color/shape_11_17.png,6,2176,shape_11,
188,Group 4,https://raw.githubusercontent.com/adadtur/nvrd-sample/master/known/golden-retriever.png,known,add,11,froatne,https://raw.githubusercontent.com/adadtur/nvrd-sample/master/known/add/golden-retriever_11.png,1,2323,golden-retriever,
188,Group 4,https://raw.githubusercontent.com/adadtur/nvrd-sample/master/novel/shape_11.png,novel,color,19,scradge,https://raw.githubusercontent.com/adadtur/nvrd-sample/master/novel/color/shape_11_19.png,6,3885,shape_11,
188,Group 4,https://raw.githubusercontent.com/adadtur/nvrd-sample/master/modified-shape-texture/bird-feathers_saxophone.png,modified/shape-texture,color,14,plonwick,https://raw.githubusercontent.com/adadtur/nvrd-sample/master/modified-shape-texture/color/bird-feathers_saxophone_14.png,6,1008,bird-feathers_saxophone,
188,Group 4,https://raw.githubusercontent.com/adadtur/nvrd-sample/master/modified-shape-texture/checkerboard_tiger.png,modified/shape-texture,style,5,clentrel,https://raw.githubusercontent.com/adadtur/nvrd-sample/master/modified-shape-texture/style/checkerboard_tiger_5.png,6,3340,checkerboard_tiger,
188,Group 4,https://raw.githubusercontent.com/adadtur/nvrd-sample/master/modified-shape-shape/drone_dagger.png,modified/shape-shape,remove,5,zornett,https://raw.githubusercontent.com/adadtur/nvrd-sample/master/modified-shape-shape/remove/drone_dagger_5.png,2,4368,drone_dagger,
188,Group 4,https://raw.githubusercontent.com/adadtur/nvrd-sample/master/novel/shape_24.png,novel,remove,17,vraxel,https://raw.githubusercontent.com/adadtur/nvrd-sample/master/novel/remove/shape_24_17.png,1,1675,shape_24,
188,Group 4,https://raw.githubusercontent.com/adadtur/nvrd-sample/master/modified-shape-texture/bird-feathers_saxophone.png,modified/shape-texture,shape,20,plonwick,https://raw.githubusercontent.com/adadtur/nvrd-sample/master/modified-shape-texture/shape/bird-feathers_saxophone_20.png,5,2962,bird-feathers_saxophone,
188,Group 4,https://raw.githubusercontent.com/adadtur/nvrd-sample/master/modified-shape-texture/checkerboard_tiger.png,modified/shape-texture,texture,11,clentrel,https://raw.githubusercontent.com/adadtur/nvrd-sample/master/modified-shape-texture/texture/checkerboard_tiger_11.png,6,2153,checkerboard_tiger,
188,Group 4,,,,,,,,8577,,
207,Group 4,,,,,,,,,,
207,Group 4,,,,,,,,14382,,
207,Group 4,,,,,,,,35229,,
207,Group 4,,,,,,,7,11780,,
207,Group 4,,,,,,,1,4744,,
207,Group 4,,,,,,,5,5023,,
207,Group 4,,,,,,,,4679,,
207,Group 4,https://raw.githubusercontent.com/adadtur/nvrd-sample/master/modified-shape-shape/drone_dagger.png,modified/shape-shape,remove,11,zornett,https://raw.githubusercontent.com/adadtur/nvrd-sample/master/modified-shape-shape/remove/drone_dagger_11.png,1,9104,drone_dagger,
207,Group 4,https://raw.githubusercontent.com/adadtur/nvrd-sample/master/modified-shape-texture/bird-feathers_saxophone.png,modified/shape-texture,background,19,plonwick,https://raw.githubusercontent.com/adadtur/nvrd-sample/master/modified-shape-texture/background/bird-feathers_saxophone_19.png,7,9232,bird-feathers_saxophone,
207,Group 4,https://raw.githubusercontent.com/adadtur/nvrd-sample/master/novel/shape_13.png,novel,style,2,wrimble,https://raw.githubusercontent.com/adadtur/nvrd-sample/master/novel/style/shape_13_2.png,5,7062,shape_13,
207,Group 4,https://raw.githubusercontent.com/adadtur/nvrd-sample/master/novel/shape_28.png,novel,style,5,frostling,https://raw.githubusercontent.com/adadtur/nvrd-sample/master/novel/style/shape_28_5.png,5,4659,shape_28,
207,Group 4,https://raw.githubusercontent.com/adadtur/nvrd-sample/master/modified-shape-shape/crystal_telescope.png,modified/shape-shape,color,8,drublit,https://raw.githubusercontent.com/adadtur/nvrd-sample/master/modified-shape-shape/color/crystal_telescope_8.png,7,5954,crystal_telescope,
207,Group 4,https://raw.githubusercontent.com/adadtur/nvrd-sample/master/novel/shape_11.png,novel,color,17,scradge,https://raw.githubusercontent.com/adadtur/nvrd-sample/master/novel/color/shape_11_17.png,7,5313,shape_11,
207,Group 4,https://raw.githubusercontent.com/adadtur/nvrd-sample/master/modified-shape-shape/drone_dagger.png,modified/shape-shape,add,8,zornett,https://raw.githubusercontent.com/adadtur/nvrd-sample/master/modified-shape-shape/add/drone_dagger_8.png,5,17623,drone_dagger,
207,Group 4,https://raw.githubusercontent.com/adadtur/nvrd-sample/master/modified-shape-shape/bonsai_crystal.png,modified/shape-shape,remove,11,cravish,https://raw.githubusercontent.com/adadtur/nvrd-sample/master/modified-shape-shape/remove/bonsai_crystal_11.png,5,7481,bonsai_crystal,
207,Group 4,https://raw.githubusercontent.com/adadtur/nvrd-sample/master/novel/shape_11.png,novel,color,2,scradge,https://raw.githubusercontent.com/adadtur/nvrd-sample/master/novel/color/shape_11_2.png,7,4484,shape_11,
207,Group 4,https://raw.githubusercontent.com/adadtur/nvrd-sample/master/modified-shape-shape/crystal_telescope.png,modified/shape-shape,remove,8,drublit,https://raw.githubusercontent.com/adadtur/nvrd-sample/master/modified-shape-shape/remove/crystal_telescope_8.png,2,4998,crystal_telescope,
207,Group 4,https://raw.githubusercontent.com/adadtur/nvrd-sample/master/modified-shape-shape/crystal_telescope.png,modified/shape-shape,remove,2,drublit,https://raw.githubusercontent.com/adadtur/nvrd-sample/master/modified-shape-shape/remove/crystal_telescope_2.png,2,6687,crystal_telescope,
207,Group 4,https://raw.githubusercontent.com/adadtur/nvrd-sample/master/novel/shape_24.png,novel,add,8,vraxel,https://raw.githubusercontent.com/adadtur/nvrd-sample/master/novel/add/shape_24_8.png,2,7158,shape_24,
207,Group 4,https://raw.githubusercontent.com/adadtur/nvrd-sample/master/novel/shape_11.png,novel,shape,2,scradge,https://raw.githubusercontent.com/adadtur/nvrd-sample/master/novel/shape/shape_11_2.png,2,4826,shape_11,
207,Group 4,https://raw.githubusercontent.com/adadtur/nvrd-sample/master/modified-shape-shape/drone_dagger.png,modified/shape-shape,remove,5,zornett,https://raw.githubusercontent.com/adadtur/nvrd-sample/master/modified-shape-shape/remove/drone_dagger_5.png,3,10245,drone_dagger,
207,Group 4,https://raw.githubusercontent.com/adadtur/nvrd-sample/master/known/golden-retriever.png,,,,toma,https://raw.githubusercontent.com/adadtur/nvrd-sample/master/known/corkscrew.png,1,5021,attention_check_1,
207,Group 4,https://raw.githubusercontent.com/adadtur/nvrd-sample/master/novel/shape_19.png,novel,style,20,frentish,https://raw.githubusercontent.com/adadtur/nvrd-sample/master/novel/style/shape_19_20.png,1,8364,shape_19,
207,Group 4,https://raw.githubusercontent.com/adadtur/nvrd-sample/master/known/dolphin.png,known,style,8,thrimple,https://raw.githubusercontent.com/adadtur/nvrd-sample/master/known/style/dolphin_8.png,6,7087,dolphin,
207,Group 4,https://raw.githubusercontent.com/adadtur/nvrd-sample/master/known/dolphin.png,known,style,2,thrimple,https://raw.githubusercontent.com/adadtur/nvrd-sample/master/known/style/dolphin_2.png,7,3196,dolphin,
207,Group 4,https://raw.githubusercontent.com/adadtur/nvrd-sample/master/novel/shape_11.png,novel,color,19,scradge,https://raw.githubusercontent.com/adadtur/nvrd-sample/master/novel/color/shape_11_19.png,5,10702,shape_11,
207,Group 4,https://raw.githubusercontent.com/adadtur/nvrd-sample/master/known/bee.png,known,shape,20,snavish,https://raw.githubusercontent.com/adadtur/nvrd-sample/master/known/shape/bee_20.png,7,6991,bee,
207,Group 4,https://raw.githubusercontent.com/adadtur/nvrd-sample/master/novel/shape_28.png,novel,style,19,frostling,https://raw.githubusercontent.com/adadtur/nvrd-sample/master/novel/style/shape_28_19.png,1,4955,shape_28,
207,Group 4,https://raw.githubusercontent.com/adadtur/nvrd-sample/master/modified-shape-shape/drone_dagger.png,modified/shape-shape,background,5,zornett,https://raw.githubusercontent.com/adadtur/nvrd-sample/master/modified-shape-shape/background/drone_dagger_5.png,7,5592,drone_dagger,
207,Group 4,https://raw.githubusercontent.com/adadtur/nvrd-sample/master/known/corkscrew.png,known,background,19,vorthling,https://raw.githubusercontent.com/adadtur/nvrd-sample/master/known/background/corkscrew_19.png,7,8285,corkscrew,
207,Group 4,https://raw.githubusercontent.com/adadtur/nvrd-sample/master/known/bee.png,known,style,8,snavish,https://raw.githubusercontent.com/adadtur/nvrd-sample/master/known/style/bee_8.png,6,3159,bee,
207,Group 4,https://raw.githubusercontent.com/adadtur/nvrd-sample/master/modified-shape-texture/bird-feathers_saxophone.png,modified/shape-texture,texture,2,plonwick,https://raw.githubusercontent.com/adadtur/nvrd-sample/master/modified-shape-texture/texture/bird-feathers_saxophone_2.png,7,4728,bird-feathers_saxophone,
207,Group 4,https://raw.githubusercontent.com/adadtur/nvrd-sample/master/novel/shape_24.png,novel,background,5,vraxel,https://raw.githubusercontent.com/adadtur/nvrd-sample/master/novel/background/shape_24_5.png,7,3082,shape_24,
207,Group 4,https://raw.githubusercontent.com/adadtur/nvrd-sample/master/modified-shape-texture/checkerboard_tiger.png,modified/shape-texture,color,11,clentrel,https://raw.githubusercontent.com/adadtur/nvrd-sample/master/modified-shape-texture/color/checkerboard_tiger_11.png,7,3876,checkerboard_tiger,
207,Group 4,https://raw.githubusercontent.com/adadtur/nvrd-sample/master/modified-shape-shape/crystal_telescope.png,modified/shape-shape,shape,2,drublit,https://raw.githubusercontent.com/adadtur/nvrd-sample/master/modified-shape-shape/shape/crystal_telescope_2.png,6,7055,crystal_telescope,
207,Group 4,https://raw.githubusercontent.com/adadtur/nvrd-sample/master/known/golden-retriever.png,known,shape,8,froatne,https://raw.githubusercontent.com/adadtur/nvrd-sample/master/known/shape/golden-retriever_8.png,5,7964,golden-retriever,
207,Group 4,https://raw.githubusercontent.com/adadtur/nvrd-sample/master/known/dolphin.png,,,,blick,https://raw.githubusercontent.com/adadtur/nvrd-sample/master/known/rabbit.png,1,3889,attention_check_2,
207,Group 4,https://raw.githubusercontent.com/adadtur/nvrd-sample/master/known/dolphin.png,known,shape,2,thrimple,https://raw.githubusercontent.com/adadtur/nvrd-sample/master/known/shape/dolphin_2.png,7,3946,dolphin,
207,Group 4,https://raw.githubusercontent.com/adadtur/nvrd-sample/master/novel/shape_28.png,novel,remove,8,frostling,https://raw.githubusercontent.com/adadtur/nvrd-sample/master/novel/remove/shape_28_8.png,5,4056,shape_28,
207,Group 4,https://raw.githubusercontent.com/adadtur/nvrd-sample/master/known/corkscrew.png,known,background,14,vorthling,https://raw.githubusercontent.com/adadtur/nvrd-sample/master/known/background/corkscrew_14.png,7,4384,corkscrew,
207,Group 4,https://raw.githubusercontent.com/adadtur/nvrd-sample/master/novel/shape_28.png,novel,add,5,frostling,https://raw.githubusercontent.com/adadtur/nvrd-sample/master/novel/add/shape_28_5.png,6,3910,shape_28,
207,Group 4,https://raw.githubusercontent.com/adadtur/nvrd-sample/master/modified-shape-texture/checkerboard_tiger.png,modified/shape-texture,style,5,clentrel,https://raw.githubusercontent.com/adadtur/nvrd-sample/master/modified-shape-texture/style/checkerboard_tiger_5.png,5,3950,checkerboard_tiger,
207,Group 4,https://raw.githubusercontent.com/adadtur/nvrd-sample/master/modified-shape-texture/bird-feathers_saxophone.png,modified/shape-texture,color,14,plonwick,https://raw.githubusercontent.com/adadtur/nvrd-sample/master/modified-shape-texture/color/bird-feathers_saxophone_14.png,7,5538,bird-feathers_saxophone,
207,Group 4,https://raw.githubusercontent.com/adadtur/nvrd-sample/master/modified-shape-texture/bird-feathers_saxophone.png,modified/shape-texture,shape,20,plonwick,https://raw.githubusercontent.com/adadtur/nvrd-sample/master/modified-shape-texture/shape/bird-feathers_saxophone_20.png,5,8149,bird-feathers_saxophone,
207,Group 4,https://raw.githubusercontent.com/adadtur/nvrd-sample/master/modified-shape-shape/bonsai_crystal.png,modified/shape-shape,shape,8,cravish,https://raw.githubusercontent.com/adadtur/nvrd-sample/master/modified-shape-shape/shape/bonsai_crystal_8.png,3,5092,bonsai_crystal,
207,Group 4,https://raw.githubusercontent.com/adadtur/nvrd-sample/master/known/golden-retriever.png,known,shape,2,froatne,https://raw.githubusercontent.com/adadtur/nvrd-sample/master/known/shape/golden-retriever_2.png,3,3219,golden-retriever,
207,Group 4,https://raw.githubusercontent.com/adadtur/nvrd-sample/master/modified-shape-texture/checkerboard_tiger.png,modified/shape-texture,texture,5,clentrel,https://raw.githubusercontent.com/adadtur/nvrd-sample/master/modified-shape-texture/texture/checkerboard_tiger_5.png,6,4237,checkerboard_tiger,
207,Group 4,https://raw.githubusercontent.com/adadtur/nvrd-sample/master/known/horse.png,known,texture,19,skelwick,https://raw.githubusercontent.com/adadtur/nvrd-sample/master/known/texture/horse_19.png,2,4873,horse,
207,Group 4,https://raw.githubusercontent.com/adadtur/nvrd-sample/master/modified-shape-texture/checkerboard_tv-remote.png,modified/shape-texture,add,11,grestle,https://raw.githubusercontent.com/adadtur/nvrd-sample/master/modified-shape-texture/add/checkerboard_tv-remote_11.png,5,6154,checkerboard_tv-remote,
207,Group 4,https://raw.githubusercontent.com/adadtur/nvrd-sample/master/known/corkscrew.png,known,color,19,vorthling,https://raw.githubusercontent.com/adadtur/nvrd-sample/master/known/color/corkscrew_19.png,6,3475,corkscrew,
207,Group 4,https://raw.githubusercontent.com/adadtur/nvrd-sample/master/novel/shape_19.png,novel,remove,17,frentish,https://raw.githubusercontent.com/adadtur/nvrd-sample/master/novel/remove/shape_19_17.png,1,4914,shape_19,
207,Group 4,https://raw.githubusercontent.com/adadtur/nvrd-sample/master/known/rabbit.png,,,,pon,https://raw.githubusercontent.com/adadtur/nvrd-sample/master/known/corkscrew.png,1,3093,attention_check_3,
207,Group 4,https://raw.githubusercontent.com/adadtur/nvrd-sample/master/modified-shape-shape/drone_dagger.png,modified/shape-shape,add,19,zornett,https://raw.githubusercontent.com/adadtur/nvrd-sample/master/modified-shape-shape/add/drone_dagger_19.png,5,8839,drone_dagger,
207,Group 4,https://raw.githubusercontent.com/adadtur/nvrd-sample/master/modified-shape-texture/bird-feathers_saxophone.png,modified/shape-texture,remove,14,plonwick,https://raw.githubusercontent.com/adadtur/nvrd-sample/master/modified-shape-texture/remove/bird-feathers_saxophone_14.png,1,4628,bird-feathers_saxophone,
207,Group 4,https://raw.githubusercontent.com/adadtur/nvrd-sample/master/novel/shape_13.png,novel,texture,17,wrimble,https://raw.githubusercontent.com/adadtur/nvrd-sample/master/novel/texture/shape_13_17.png,3,4284,shape_13,
207,Group 4,https://raw.githubusercontent.com/adadtur/nvrd-sample/master/known/golden-retriever.png,known,background,19,froatne,https://raw.githubusercontent.com/adadtur/nvrd-sample/master/known/background/golden-retriever_19.png,7,4533,golden-retriever,
207,Group 4,https://raw.githubusercontent.com/adadtur/nvrd-sample/master/modified-shape-texture/bird-feathers_saxophone.png,modified/shape-texture,add,5,plonwick,https://raw.githubusercontent.com/adadtur/nvrd-sample/master/modified-shape-texture/add/bird-feathers_saxophone_5.png,6,4185,bird-feathers_saxophone,
207,Group 4,https://raw.githubusercontent.com/adadtur/nvrd-sample/master/novel/shape_11.png,novel,color,14,scradge,https://raw.githubusercontent.com/adadtur/nvrd-sample/master/novel/color/shape_11_14.png,7,5990,shape_11,
207,Group 4,https://raw.githubusercontent.com/adadtur/nvrd-sample/master/known/dolphin.png,known,texture,19,thrimple,https://raw.githubusercontent.com/adadtur/nvrd-sample/master/known/texture/dolphin_19.png,2,5439,dolphin,
207,Group 4,https://raw.githubusercontent.com/adadtur/nvrd-sample/master/modified-shape-shape/drone_dagger.png,modified/shape-shape,texture,20,zornett,https://raw.githubusercontent.com/adadtur/nvrd-sample/master/modified-shape-shape/texture/drone_dagger_20.png,6,3079,drone_dagger,
207,Group 4,https://raw.githubusercontent.com/adadtur/nvrd-sample/master/novel/shape_24.png,novel,background,8,vraxel,https://raw.githubusercontent.com/adadtur/nvrd-sample/master/novel/background/shape_24_8.png,7,3202,shape_24,
207,Group 4,https://raw.githubusercontent.com/adadtur/nvrd-sample/master/modified-shape-texture/checkerboard_tiger.png,modified/shape-texture,texture,11,clentrel,https://raw.githubusercontent.com/adadtur/nvrd-sample/master/modified-shape-texture/texture/checkerboard_tiger_11.png,6,5397,checkerboard_tiger,
207,Group 4,https://raw.githubusercontent.com/adadtur/nvrd-sample/master/modified-shape-shape/bonsai_crystal.png,modified/shape-shape,add,14,cravish,https://raw.githubusercontent.com/adadtur/nvrd-sample/master/modified-shape-shape/add/bonsai_crystal_14.png,5,3371,bonsai_crystal,
207,Group 4,https://raw.githubusercontent.com/adadtur/nvrd-sample/master/known/corkscrew.png,known,shape,8,vorthling,https://raw.githubusercontent.com/adadtur/nvrd-sample/master/known/shape/corkscrew_8.png,6,4741,corkscrew,
207,Group 4,https://raw.githubusercontent.com/adadtur/nvrd-sample/master/modified-shape-texture/bird-feathers_saxophone.png,modified/shape-texture,style,2,plonwick,https://raw.githubusercontent.com/adadtur/nvrd-sample/master/modified-shape-texture/style/bird-feathers_saxophone_2.png,6,6434,bird-feathers_saxophone,
207,Group 4,https://raw.githubusercontent.com/adadtur/nvrd-sample/master/novel/shape_19.png,novel,shape,11,frentish,https://raw.githubusercontent.com/adadtur/nvrd-sample/master/novel/shape/shape_19_11.png,2,7793,shape_19,
207,Group 4,https://raw.githubusercontent.com/adadtur/nvrd-sample/master/known/corkscrew.png,,,,neb,https://raw.githubusercontent.com/adadtur/nvrd-sample/master/known/golden-retriever.png,1,3723,attention_check_4,
207,Group 4,https://raw.githubusercontent.com/adadtur/nvrd-sample/master/modified-shape-texture/checkerboard_tv-remote.png,modified/shape-texture,style,8,grestle,https://raw.githubusercontent.com/adadtur/nvrd-sample/master/modified-shape-texture/style/checkerboard_tv-remote_8.png,5,15975,checkerboard_tv-remote,
207,Group 4,https://raw.githubusercontent.com/adadtur/nvrd-sample/master/modified-shape-shape/drone_dagger.png,modified/shape-shape,shape,2,zornett,https://raw.githubusercontent.com/adadtur/nvrd-sample/master/modified-shape-shape/shape/drone_dagger_2.png,3,4112,drone_dagger,
207,Group 4,https://raw.githubusercontent.com/adadtur/nvrd-sample/master/known/golden-retriever.png,known,add,11,froatne,https://raw.githubusercontent.com/adadtur/nvrd-sample/master/known/add/golden-retriever_11.png,1,4217,golden-retriever,
207,Group 4,https://raw.githubusercontent.com/adadtur/nvrd-sample/master/known/golden-retriever.png,known,texture,2,froatne,https://raw.githubusercontent.com/adadtur/nvrd-sample/master/known/texture/golden-retriever_2.png,7,5027,golden-retriever,
207,Group 4,https://raw.githubusercontent.com/adadtur/nvrd-sample/master/novel/shape_19.png,novel,remove,19,frentish,https://raw.githubusercontent.com/adadtur/nvrd-sample/master/novel/remove/shape_19_19.png,1,3026,shape_19,
207,Group 4,https://raw.githubusercontent.com/adadtur/nvrd-sample/master/novel/shape_19.png,novel,color,19,frentish,https://raw.githubusercontent.com/adadtur/nvrd-sample/master/novel/color/shape_19_19.png,6,5715,shape_19,
207,Group 4,https://raw.githubusercontent.com/adadtur/nvrd-sample/master/novel/shape_16.png,novel,texture,2,sdrindle,https://raw.githubusercontent.com/adadtur/nvrd-sample/master/novel/texture/shape_16_2.png,7,3534,shape_16,
207,Group 4,https://raw.githubusercontent.com/adadtur/nvrd-sample/master/novel/shape_13.png,novel,background,11,wrimble,https://raw.githubusercontent.com/adadtur/nvrd-sample/master/novel/background/shape_13_11.png,7,9816,shape_13,
207,Group 4,https://raw.githubusercontent.com/adadtur/nvrd-sample/master/modified-shape-shape/crystal_telescope.png,modified/shape-shape,shape,20,drublit,https://raw.githubusercontent.com/adadtur/nvrd-sample/master/modified-shape-shape/shape/crystal_telescope_20.png,1,8558,crystal_telescope,
207,Group 4,https://raw.githubusercontent.com/adadtur/nvrd-sample/master/known/golden-retriever.png,known,remove,8,froatne,https://raw.githubusercontent.com/adadtur/nvrd-sample/master/known/remove/golden-retriever_8.png,2,6310,golden-retriever,
207,Group 4,https://raw.githubusercontent.com/adadtur/nvrd-sample/master/novel/shape_16.png,novel,background,20,sdrindle,https://raw.githubusercontent.com/adadtur/nvrd-sample/master/novel/background/shape_16_20.png,7,5493,shape_16,
207,Group 4,https://raw.githubusercontent.com/adadtur/nvrd-sample/master/novel/shape_28.png,novel,add,11,frostling,https://raw.githubusercontent.com/adadtur/nvrd-sample/master/novel/add/shape_28_11.png,2,7416,shape_28,
207,Group 4,https://raw.githubusercontent.com/adadtur/nvrd-sample/master/modified-shape-texture/bird-feathers_saxophone.png,modified/shape-texture,color,5,plonwick,https://raw.githubusercontent.com/adadtur/nvrd-sample/master/modified-shape-texture/color/bird-feathers_saxophone_5.png,7,3749,bird-feathers_saxophone,
207,Group 4,https://raw.githubusercontent.com/adadtur/nvrd-sample/master/novel/shape_24.png,novel,texture,8,vraxel,https://raw.githubusercontent.com/adadtur/nvrd-sample/master/novel/texture/shape_24_8.png,5,3396,shape_24,
207,Group 4,https://raw.githubusercontent.com/adadtur/nvrd-sample/master/known/dolphin.png,,,,rav,https://raw.githubusercontent.com/adadtur/nvrd-sample/master/known/rabbit.png,1,2422,attention_check_5,
207,Group 4,https://raw.githubusercontent.com/adadtur/nvrd-sample/master/modified-shape-texture/checkerboard_tv-remote.png,modified/shape-texture,background,14,grestle,https://raw.githubusercontent.com/adadtur/nvrd-sample/master/modified-shape-texture/background/checkerboard_tv-remote_14.png,6,4107,checkerboard_tv-remote,
207,Group 4,https://raw.githubusercontent.com/adadtur/nvrd-sample/master/modified-shape-texture/bird-feathers_saxophone.png,modified/shape-texture,add,11,plonwick,https://raw.githubusercontent.com/adadtur/nvrd-sample/master/modified-shape-texture/add/bird-feathers_saxophone_11.png,6,2656,bird-feathers_saxophone,
207,Group 4,https://raw.githubusercontent.com/adadtur/nvrd-sample/master/modified-shape-texture/checkerboard_tv-remote.png,modified/shape-texture,color,14,grestle,https://raw.githubusercontent.com/adadtur/nvrd-sample/master/modified-shape-texture/color/checkerboard_tv-remote_14.png,7,4794,checkerboard_tv-remote,
207,Group 4,https://raw.githubusercontent.com/adadtur/nvrd-sample/master/known/bee.png,known,texture,8,snavish,https://raw.githubusercontent.com/adadtur/nvrd-sample/master/known/texture/bee_8.png,5,6579,bee,
207,Group 4,https://raw.githubusercontent.com/adadtur/nvrd-sample/master/novel/shape_28.png,novel,style,2,frostling,https://raw.githubusercontent.com/adadtur/nvrd-sample/master/novel/style/shape_28_2.png,5,5239,shape_28,
207,Group 4,https://raw.githubusercontent.com/adadtur/nvrd-sample/master/modified-shape-texture/checkerboard_tiger.png,modified/shape-texture,background,17,clentrel,https://raw.githubusercontent.com/adadtur/nvrd-sample/master/modified-shape-texture/background/checkerboard_tiger_17.png,6,2660,checkerboard_tiger,
207,Group 4,https://raw.githubusercontent.com/adadtur/nvrd-sample/master/known/golden-retriever.png,known,style,5,froatne,https://raw.githubusercontent.com/adadtur/nvrd-sample/master/known/style/golden-retriever_5.png,6,2659,golden-retriever,
207,Group 4,https://raw.githubusercontent.com/adadtur/nvrd-sample/master/modified-shape-shape/drone_dagger.png,modified/shape-shape,add,17,zornett,https://raw.githubusercontent.com/adadtur/nvrd-sample/master/modified-shape-shape/add/drone_dagger_17.png,5,2656,drone_dagger,
207,Group 4,https://raw.githubusercontent.com/adadtur/nvrd-sample/master/known/horse.png,known,background,2,skelwick,https://raw.githubusercontent.com/adadtur/nvrd-sample/master/known/background/horse_2.png,7,2637,horse,
207,Group 4,https://raw.githubusercontent.com/adadtur/nvrd-sample/master/novel/shape_19.png,novel,add,20,frentish,https://raw.githubusercontent.com/adadtur/nvrd-sample/master/novel/add/shape_19_20.png,3,4676,shape_19,
207,Group 4,https://raw.githubusercontent.com/adadtur/nvrd-sample/master/modified-shape-texture/checkerboard_tv-remote.png,modified/shape-texture,color,8,grestle,https://raw.githubusercontent.com/adadtur/nvrd-sample/master/modified-shape-texture/color/checkerboard_tv-remote_8.png,7,5100,checkerboard_tv-remote,
207,Group 4,https://raw.githubusercontent.com/adadtur/nvrd-sample/master/modified-shape-shape/bonsai_crystal.png,modified/shape-shape,texture,17,cravish,https://raw.githubusercontent.com/adadtur/nvrd-sample/master/modified-shape-shape/texture/bonsai_crystal_17.png,2,3461,bonsai_crystal,
207,Group 4,https://raw.githubusercontent.com/adadtur/nvrd-sample/master/novel/shape_24.png,novel,remove,17,vraxel,https://raw.githubusercontent.com/adadtur/nvrd-sample/master/novel/remove/shape_24_17.png,1,3036,shape_24,
207,Group 4,,,,,,,,36452,,
195,Group 5,,,,,,,,,,
195,Group 5,,,,,,,,4523,,
195,Group 5,,,,,,,,21995,,
195,Group 5,,,,,,,6,14851,,
195,Group 5,,,,,,,,8663,,
195,Group 5,,,,,,,7,2873,,
195,Group 5,,,,,,,1,3854,,
195,Group 5,,,,,,,6,12769,,
195,Group 5,,,,,,,,8131,,
195,Group 5,,,,,,,4,6593,,
195,Group 5,,,,,,,,1863,,
195,Group 5,https://raw.githubusercontent.com/adadtur/nvrd-sample/master/novel/shape_28.png,novel,background,19,frostling,https://raw.githubusercontent.com/adadtur/nvrd-sample/master/novel/background/shape_28_19.png,7,7271,shape_28,
195,Group 5,https://raw.githubusercontent.com/adadtur/nvrd-sample/master/novel/shape_16.png,novel,remove,2,sdrindle,https://raw.githubusercontent.com/adadtur/nvrd-sample/master/novel/remove/shape_16_2.png,3,5731,shape_16,
195,Group 5,https://raw.githubusercontent.com/adadtur/nvrd-sample/master/novel/shape_19.png,novel,texture,5,frentish,https://raw.githubusercontent.com/adadtur/nvrd-sample/master/novel/texture/shape_19_5.png,5,13911,shape_19,
195,Group 5,https://raw.githubusercontent.com/adadtur/nvrd-sample/master/novel/shape_24.png,novel,texture,11,vraxel,https://raw.githubusercontent.com/adadtur/nvrd-sample/master/novel/texture/shape_24_11.png,4,5999,shape_24,
195,Group 5,https://raw.githubusercontent.com/adadtur/nvrd-sample/master/modified-shape-shape/bonsai_crystal.png,modified/shape-shape,shape,20,cravish,https://raw.githubusercontent.com/adadtur/nvrd-sample/master/modified-shape-shape/shape/bonsai_crystal_20.png,3,3600,bonsai_crystal,
195,Group 5,https://raw.githubusercontent.com/adadtur/nvrd-sample/master/modified-shape-texture/bird-feathers_saxophone.png,modified/shape-texture,background,14,plonwick,https://raw.githubusercontent.com/adadtur/nvrd-sample/master/modified-shape-texture/background/bird-feathers_saxophone_14.png,7,5107,bird-feathers_saxophone,
195,Group 5,https://raw.githubusercontent.com/adadtur/nvrd-sample/master/modified-shape-shape/bonsai_crystal.png,modified/shape-shape,remove,5,cravish,https://raw.githubusercontent.com/adadtur/nvrd-sample/master/modified-shape-shape/remove/bonsai_crystal_5.png,2,2402,bonsai_crystal,
195,Group 5,https://raw.githubusercontent.com/adadtur/nvrd-sample/master/known/rabbit.png,known,color,11,wrivlet,https://raw.githubusercontent.com/adadtur/nvrd-sample/master/known/color/rabbit_11.png,4,3108,rabbit,
195,Group 5,https://raw.githubusercontent.com/adadtur/nvrd-sample/master/modified-shape-texture/bird-feathers_saxophone.png,modified/shape-texture,texture,20,plonwick,https://raw.githubusercontent.com/adadtur/nvrd-sample/master/modified-shape-texture/texture/bird-feathers_saxophone_20.png,4,8688,bird-feathers_saxophone,
195,Group 5,https://raw.githubusercontent.com/adadtur/nvrd-sample/master/modified-shape-shape/crystal_telescope.png,modified/shape-shape,texture,5,drublit,https://raw.githubusercontent.com/adadtur/nvrd-sample/master/modified-shape-shape/texture/crystal_telescope_5.png,7,9239,crystal_telescope,
195,Group 5,https://raw.githubusercontent.com/adadtur/nvrd-sample/master/modified-shape-texture/bird-feathers_saxophone.png,modified/shape-texture,remove,11,plonwick,https://raw.githubusercontent.com/adadtur/nvrd-sample/master/modified-shape-texture/remove/bird-feathers_saxophone_11.png,1,2163,bird-feathers_saxophone,
195,Group 5,https://raw.githubusercontent.com/adadtur/nvrd-sample/master/modified-shape-shape/drone_dagger.png,modified/shape-shape,color,17,zornett,https://raw.githubusercontent.com/adadtur/nvrd-sample/master/modified-shape-shape/color/drone_dagger_17.png,4,4933,drone_dagger,
195,Group 5,https://raw.githubusercontent.com/adadtur/nvrd-sample/master/novel/shape_11.png,novel,texture,8,scradge,https://raw.githubusercontent.com/adadtur/nvrd-sample/master/novel/texture/shape_11_8.png,3,5338,shape_11,
195,Group 5,https://raw.githubusercontent.com/adadtur/nvrd-sample/master/known/corkscrew.png,known,add,8,vorthling,https://raw.githubusercontent.com/adadtur/nvrd-sample/master/known/add/corkscrew_8.png,3,3359,corkscrew,
195,Group 5,https://raw.githubusercontent.com/adadtur/nvrd-sample/master/known/golden-retriever.png,,,,toma,https://raw.githubusercontent.com/adadtur/nvrd-sample/master/known/corkscrew.png,1,2117,attention_check_1,
195,Group 5,https://raw.githubusercontent.com/adadtur/nvrd-sample/master/known/bee.png,known,style,2,snavish,https://raw.githubusercontent.com/adadtur/nvrd-sample/master/known/style/bee_2.png,7,7797,bee,
195,Group 5,https://raw.githubusercontent.com/adadtur/nvrd-sample/master/known/bee.png,known,add,20,snavish,https://raw.githubusercontent.com/adadtur/nvrd-sample/master/known/add/bee_20.png,7,7089,bee,
195,Group 5,https://raw.githubusercontent.com/adadtur/nvrd-sample/master/modified-shape-shape/bonsai_crystal.png,modified/shape-shape,texture,2,cravish,https://raw.githubusercontent.com/adadtur/nvrd-sample/master/modified-shape-shape/texture/bonsai_crystal_2.png,7,3947,bonsai_crystal,
195,Group 5,https://raw.githubusercontent.com/adadtur/nvrd-sample/master/novel/shape_11.png,novel,remove,17,scradge,https://raw.githubusercontent.com/adadtur/nvrd-sample/master/novel/remove/shape_11_17.png,2,1990,shape_11,
195,Group 5,https://raw.githubusercontent.com/adadtur/nvrd-sample/master/known/dolphin.png,known,add,2,thrimple,https://raw.githubusercontent.com/adadtur/nvrd-sample/master/known/add/dolphin_2.png,7,5007,dolphin,
195,Group 5,https://raw.githubusercontent.com/adadtur/nvrd-sample/master/modified-shape-shape/crystal_telescope.png,modified/shape-shape,style,5,drublit,https://raw.githubusercontent.com/adadtur/nvrd-sample/master/modified-shape-shape/style/crystal_telescope_5.png,5,3428,crystal_telescope,
195,Group 5,https://raw.githubusercontent.com/adadtur/nvrd-sample/master/modified-shape-texture/checkerboard_tv-remote.png,modified/shape-texture,texture,11,grestle,https://raw.githubusercontent.com/adadtur/nvrd-sample/master/modified-shape-texture/texture/checkerboard_tv-remote_11.png,4,6770,checkerboard_tv-remote,
195,Group 5,https://raw.githubusercontent.com/adadtur/nvrd-sample/master/novel/shape_28.png,novel,shape,14,frostling,https://raw.githubusercontent.com/adadtur/nvrd-sample/master/novel/shape/shape_28_14.png,3,4337,shape_28,
195,Group 5,https://raw.githubusercontent.com/adadtur/nvrd-sample/master/modified-shape-texture/checkerboard_tv-remote.png,modified/shape-texture,remove,19,grestle,https://raw.githubusercontent.com/adadtur/nvrd-sample/master/modified-shape-texture/remove/checkerboard_tv-remote_19.png,1,2126,checkerboard_tv-remote,
195,Group 5,https://raw.githubusercontent.com/adadtur/nvrd-sample/master/known/horse.png,known,shape,5,skelwick,https://raw.githubusercontent.com/adadtur/nvrd-sample/master/known/shape/horse_5.png,4,6467,horse,
195,Group 5,https://raw.githubusercontent.com/adadtur/nvrd-sample/master/novel/shape_13.png,novel,remove,5,wrimble,https://raw.githubusercontent.com/adadtur/nvrd-sample/master/novel/remove/shape_13_5.png,1,3549,shape_13,
195,Group 5,https://raw.githubusercontent.com/adadtur/nvrd-sample/master/modified-shape-texture/checkerboard_tiger.png,modified/shape-texture,style,11,clentrel,https://raw.githubusercontent.com/adadtur/nvrd-sample/master/modified-shape-texture/style/checkerboard_tiger_11.png,2,3109,checkerboard_tiger,
195,Group 5,https://raw.githubusercontent.com/adadtur/nvrd-sample/master/modified-shape-shape/crystal_telescope.png,modified/shape-shape,shape,14,drublit,https://raw.githubusercontent.com/adadtur/nvrd-sample/master/modified-shape-shape/shape/crystal_telescope_14.png,2,3726,crystal_telescope,
195,Group 5,https://raw.githubusercontent.com/adadtur/nvrd-sample/master/known/dolphin.png,,,,blick,https://raw.githubusercontent.com/adadtur/nvrd-sample/master/known/rabbit.png,1,2869,attention_check_2,
195,Group 5,https://raw.githubusercontent.com/adadtur/nvrd-sample/master/novel/shape_11.png,novel,shape,14,scradge,https://raw.githubusercontent.com/adadtur/nvrd-sample/master/novel/shape/shape_11_14.png,1,2486,shape_11,
195,Group 5,https://raw.githubusercontent.com/adadtur/nvrd-sample/master/novel/shape_11.png,novel,style,17,scradge,https://raw.githubusercontent.com/adadtur/nvrd-sample/master/novel/style/shape_11_17.png,2,2702,shape_11,
195,Group 5,https://raw.githubusercontent.com/adadtur/nvrd-sample/master/novel/shape_16.png,novel,color,20,sdrindle,https://raw.githubusercontent.com/adadtur/nvrd-sample/master/novel/color/shape_16_20.png,4,6041,shape_16,
195,Group 5,https://raw.githubusercontent.com/adadtur/nvrd-sample/master/novel/shape_13.png,novel,add,11,wrimble,https://raw.githubusercontent.com/adadtur/nvrd-sample/master/novel/add/shape_13_11.png,3,4209,shape_13,
195,Group 5,https://raw.githubusercontent.com/adadtur/nvrd-sample/master/known/horse.png,known,add,20,skelwick,https://raw.githubusercontent.com/adadtur/nvrd-sample/master/known/add/horse_20.png,1,3492,horse,
195,Group 5,https://raw.githubusercontent.com/adadtur/nvrd-sample/master/modified-shape-shape/drone_dagger.png,modified/shape-shape,background,14,zornett,https://raw.githubusercontent.com/adadtur/nvrd-sample/master/modified-shape-shape/background/drone_dagger_14.png,4,4173,drone_dagger,
195,Group 5,https://raw.githubusercontent.com/adadtur/nvrd-sample/master/novel/shape_19.png,novel,remove,11,frentish,https://raw.githubusercontent.com/adadtur/nvrd-sample/master/novel/remove/shape_19_11.png,1,2577,shape_19,
195,Group 5,https://raw.githubusercontent.com/adadtur/nvrd-sample/master/known/dolphin.png,known,style,5,thrimple,https://raw.githubusercontent.com/adadtur/nvrd-sample/master/known/style/dolphin_5.png,6,3504,dolphin,
195,Group 5,https://raw.githubusercontent.com/adadtur/nvrd-sample/master/known/rabbit.png,known,add,20,wrivlet,https://raw.githubusercontent.com/adadtur/nvrd-sample/master/known/add/rabbit_20.png,2,2256,rabbit,
195,Group 5,https://raw.githubusercontent.com/adadtur/nvrd-sample/master/novel/shape_24.png,novel,add,5,vraxel,https://raw.githubusercontent.com/adadtur/nvrd-sample/master/novel/add/shape_24_5.png,2,2057,shape_24,
195,Group 5,https://raw.githubusercontent.com/adadtur/nvrd-sample/master/known/golden-retriever.png,known,style,2,froatne,https://raw.githubusercontent.com/adadtur/nvrd-sample/master/known/style/golden-retriever_2.png,7,7002,golden-retriever,
195,Group 5,https://raw.githubusercontent.com/adadtur/nvrd-sample/master/known/corkscrew.png,known,style,17,vorthling,https://raw.githubusercontent.com/adadtur/nvrd-sample/master/known/style/corkscrew_17.png,2,2168,corkscrew,
195,Group 5,https://raw.githubusercontent.com/adadtur/nvrd-sample/master/novel/shape_28.png,novel,color,14,frostling,https://raw.githubusercontent.com/adadtur/nvrd-sample/master/novel/color/shape_28_14.png,4,2791,shape_28,
195,Group 5,https://raw.githubusercontent.com/adadtur/nvrd-sample/master/known/rabbit.png,,,,pon,https://raw.githubusercontent.com/adadtur/nvrd-sample/master/known/corkscrew.png,1,3412,attention_check_3,
195,Group 5,https://raw.githubusercontent.com/adadtur/nvrd-sample/master/modified-shape-shape/bonsai_crystal.png,modified/shape-shape,shape,11,cravish,https://raw.githubusercontent.com/adadtur/nvrd-sample/master/modified-shape-shape/shape/bonsai_crystal_11.png,3,3176,bonsai_crystal,
195,Group 5,https://raw.githubusercontent.com/adadtur/nvrd-sample/master/novel/shape_13.png,novel,remove,19,wrimble,https://raw.githubusercontent.com/adadtur/nvrd-sample/master/novel/remove/shape_13_19.png,2,3452,shape_13,
195,Group 5,https://raw.githubusercontent.com/adadtur/nvrd-sample/master/known/horse.png,known,shape,11,skelwick,https://raw.githubusercontent.com/adadtur/nvrd-sample/master/known/shape/horse_11.png,2,3030,horse,
195,Group 5,https://raw.githubusercontent.com/adadtur/nvrd-sample/master/novel/shape_24.png,novel,style,2,vraxel,https://raw.githubusercontent.com/adadtur/nvrd-sample/master/novel/style/shape_24_2.png,4,3032,shape_24,
195,Group 5,https://raw.githubusercontent.com/adadtur/nvrd-sample/master/known/bee.png,known,remove,11,snavish,https://raw.githubusercontent.com/adadtur/nvrd-sample/master/known/remove/bee_11.png,4,6522,bee,
195,Group 5,https://raw.githubusercontent.com/adadtur/nvrd-sample/master/known/golden-retriever.png,known,color,2,froatne,https://raw.githubusercontent.com/adadtur/nvrd-sample/master/known/color/golden-retriever_2.png,6,2560,golden-retriever,
195,Group 5,https://raw.githubusercontent.com/adadtur/nvrd-sample/master/known/horse.png,known,add,5,skelwick,https://raw.githubusercontent.com/adadtur/nvrd-sample/master/known/add/horse_5.png,3,2462,horse,
195,Group 5,https://raw.githubusercontent.com/adadtur/nvrd-sample/master/modified-shape-shape/drone_dagger.png,modified/shape-shape,background,17,zornett,https://raw.githubusercontent.com/adadtur/nvrd-sample/master/modified-shape-shape/background/drone_dagger_17.png,4,2797,drone_dagger,
195,Group 5,https://raw.githubusercontent.com/adadtur/nvrd-sample/master/modified-shape-shape/drone_dagger.png,modified/shape-shape,style,2,zornett,https://raw.githubusercontent.com/adadtur/nvrd-sample/master/modified-shape-shape/style/drone_dagger_2.png,7,1909,drone_dagger,
195,Group 5,https://raw.githubusercontent.com/adadtur/nvrd-sample/master/known/corkscrew.png,known,background,2,vorthling,https://raw.githubusercontent.com/adadtur/nvrd-sample/master/known/background/corkscrew_2.png,6,3126,corkscrew,
195,Group 5,https://raw.githubusercontent.com/adadtur/nvrd-sample/master/novel/shape_11.png,novel,add,17,scradge,https://raw.githubusercontent.com/adadtur/nvrd-sample/master/novel/add/shape_11_17.png,1,2330,shape_11,
195,Group 5,https://raw.githubusercontent.com/adadtur/nvrd-sample/master/modified-shape-texture/checkerboard_tv-remote.png,modified/shape-texture,color,19,grestle,https://raw.githubusercontent.com/adadtur/nvrd-sample/master/modified-shape-texture/color/checkerboard_tv-remote_19.png,4,2749,checkerboard_tv-remote,
195,Group 5,https://raw.githubusercontent.com/adadtur/nvrd-sample/master/modified-shape-texture/bird-feathers_saxophone.png,modified/shape-texture,background,5,plonwick,https://raw.githubusercontent.com/adadtur/nvrd-sample/master/modified-shape-texture/background/bird-feathers_saxophone_5.png,4,2952,bird-feathers_saxophone,
195,Group 5,https://raw.githubusercontent.com/adadtur/nvrd-sample/master/known/corkscrew.png,,,,neb,https://raw.githubusercontent.com/adadtur/nvrd-sample/master/known/golden-retriever.png,1,3662,attention_check_4,
195,Group 5,https://raw.githubusercontent.com/adadtur/nvrd-sample/master/novel/shape_11.png,novel,remove,8,scradge,https://raw.githubusercontent.com/adadtur/nvrd-sample/master/novel/remove/shape_11_8.png,3,3007,shape_11,
195,Group 5,https://raw.githubusercontent.com/adadtur/nvrd-sample/master/known/rabbit.png,known,shape,17,wrivlet,https://raw.githubusercontent.com/adadtur/nvrd-sample/master/known/shape/rabbit_17.png,1,2017,rabbit,
195,Group 5,https://raw.githubusercontent.com/adadtur/nvrd-sample/master/novel/shape_11.png,novel,background,14,scradge,https://raw.githubusercontent.com/adadtur/nvrd-sample/master/novel/background/shape_11_14.png,5,4446,shape_11,
195,Group 5,https://raw.githubusercontent.com/adadtur/nvrd-sample/master/novel/shape_13.png,novel,add,5,wrimble,https://raw.githubusercontent.com/adadtur/nvrd-sample/master/novel/add/shape_13_5.png,3,4092,shape_13,
195,Group 5,https://raw.githubusercontent.com/adadtur/nvrd-sample/master/modified-shape-shape/crystal_telescope.png,modified/shape-shape,background,14,drublit,https://raw.githubusercontent.com/adadtur/nvrd-sample/master/modified-shape-shape/background/crystal_telescope_14.png,5,3022,crystal_telescope,
195,Group 5,https://raw.githubusercontent.com/adadtur/nvrd-sample/master/novel/shape_16.png,novel,color,8,sdrindle,https://raw.githubusercontent.com/adadtur/nvrd-sample/master/novel/color/shape_16_8.png,5,2718,shape_16,
195,Group 5,https://raw.githubusercontent.com/adadtur/nvrd-sample/master/known/dolphin.png,known,background,11,thrimple,https://raw.githubusercontent.com/adadtur/nvrd-sample/master/known/background/dolphin_11.png,5,1919,dolphin,
195,Group 5,https://raw.githubusercontent.com/adadtur/nvrd-sample/master/known/dolphin.png,known,texture,14,thrimple,https://raw.githubusercontent.com/adadtur/nvrd-sample/master/known/texture/dolphin_14.png,5,1864,dolphin,
195,Group 5,https://raw.githubusercontent.com/adadtur/nvrd-sample/master/known/golden-retriever.png,known,shape,14,froatne,https://raw.githubusercontent.com/adadtur/nvrd-sample/master/known/shape/golden-retriever_14.png,2,2148,golden-retriever,
195,Group 5,https://raw.githubusercontent.com/adadtur/nvrd-sample/master/novel/shape_11.png,novel,color,11,scradge,https://raw.githubusercontent.com/adadtur/nvrd-sample/master/novel/color/shape_11_11.png,5,2299,shape_11,
195,Group 5,https://raw.githubusercontent.com/adadtur/nvrd-sample/master/novel/shape_13.png,novel,remove,8,wrimble,https://raw.githubusercontent.com/adadtur/nvrd-sample/master/novel/remove/shape_13_8.png,3,2490,shape_13,
195,Group 5,https://raw.githubusercontent.com/adadtur/nvrd-sample/master/modified-shape-texture/checkerboard_tiger.png,modified/shape-texture,style,17,clentrel,https://raw.githubusercontent.com/adadtur/nvrd-sample/master/modified-shape-texture/style/checkerboard_tiger_17.png,3,2958,checkerboard_tiger,
195,Group 5,https://raw.githubusercontent.com/adadtur/nvrd-sample/master/known/golden-retriever.png,known,color,19,froatne,https://raw.githubusercontent.com/adadtur/nvrd-sample/master/known/color/golden-retriever_19.png,5,2266,golden-retriever,
195,Group 5,https://raw.githubusercontent.com/adadtur/nvrd-sample/master/known/dolphin.png,,,,rav,https://raw.githubusercontent.com/adadtur/nvrd-sample/master/known/rabbit.png,1,3190,attention_check_5,
195,Group 5,https://raw.githubusercontent.com/adadtur/nvrd-sample/master/novel/shape_11.png,novel,texture,20,scradge,https://raw.githubusercontent.com/adadtur/nvrd-sample/master/novel/texture/shape_11_20.png,4,4323,shape_11,
195,Group 5,https://raw.githubusercontent.com/adadtur/nvrd-sample/master/novel/shape_28.png,novel,shape,19,frostling,https://raw.githubusercontent.com/adadtur/nvrd-sample/master/novel/shape/shape_28_19.png,3,2830,shape_28,
195,Group 5,https://raw.githubusercontent.com/adadtur/nvrd-sample/master/modified-shape-texture/checkerboard_tv-remote.png,modified/shape-texture,add,19,grestle,https://raw.githubusercontent.com/adadtur/nvrd-sample/master/modified-shape-texture/add/checkerboard_tv-remote_19.png,2,2002,checkerboard_tv-remote,
195,Group 5,https://raw.githubusercontent.com/adadtur/nvrd-sample/master/known/golden-retriever.png,known,background,11,froatne,https://raw.githubusercontent.com/adadtur/nvrd-sample/master/known/background/golden-retriever_11.png,6,3392,golden-retriever,
195,Group 5,https://raw.githubusercontent.com/adadtur/nvrd-sample/master/known/golden-retriever.png,known,add,17,froatne,https://raw.githubusercontent.com/adadtur/nvrd-sample/master/known/add/golden-retriever_17.png,2,2423,golden-retriever,
195,Group 5,https://raw.githubusercontent.com/adadtur/nvrd-sample/master/modified-shape-texture/checkerboard_tiger.png,modified/shape-texture,texture,17,clentrel,https://raw.githubusercontent.com/adadtur/nvrd-sample/master/modified-shape-texture/texture/checkerboard_tiger_17.png,4,2709,checkerboard_tiger,
195,Group 5,https://raw.githubusercontent.com/adadtur/nvrd-sample/master/modified-shape-texture/checkerboard_tiger.png,modified/shape-texture,shape,5,clentrel,https://raw.githubusercontent.com/adadtur/nvrd-sample/master/modified-shape-texture/shape/checkerboard_tiger_5.png,3,3111,checkerboard_tiger,
195,Group 5,https://raw.githubusercontent.com/adadtur/nvrd-sample/master/novel/shape_24.png,novel,color,2,vraxel,https://raw.githubusercontent.com/adadtur/nvrd-sample/master/novel/color/shape_24_2.png,5,2254,shape_24,
195,Group 5,https://raw.githubusercontent.com/adadtur/nvrd-sample/master/modified-shape-texture/checkerboard_tv-remote.png,modified/shape-texture,background,19,grestle,https://raw.githubusercontent.com/adadtur/nvrd-sample/master/modified-shape-texture/background/checkerboard_tv-remote_19.png,5,2260,checkerboard_tv-remote,
195,Group 5,https://raw.githubusercontent.com/adadtur/nvrd-sample/master/known/rabbit.png,known,texture,5,wrivlet,https://raw.githubusercontent.com/adadtur/nvrd-sample/master/known/texture/rabbit_5.png,4,4359,rabbit,
195,Group 5,https://raw.githubusercontent.com/adadtur/nvrd-sample/master/known/rabbit.png,known,background,5,wrivlet,https://raw.githubusercontent.com/adadtur/nvrd-sample/master/known/background/rabbit_5.png,5,1805,rabbit,
195,Group 5,https://raw.githubusercontent.com/adadtur/nvrd-sample/master/known/golden-retriever.png,known,style,8,froatne,https://raw.githubusercontent.com/adadtur/nvrd-sample/master/known/style/golden-retriever_8.png,4,2959,golden-retriever,
195,Group 5,https://raw.githubusercontent.com/adadtur/nvrd-sample/master/novel/shape_24.png,novel,color,20,vraxel,https://raw.githubusercontent.com/adadtur/nvrd-sample/master/novel/color/shape_24_20.png,5,1929,shape_24,
195,Group 5,,,,,,,,5327,,
189,Group 5,,,,,,,,,,
189,Group 5,,,,,,,,8446,,
189,Group 5,,,,,,,,15685,,
189,Group 5,,,,,,,7,10759,,
189,Group 5,,,,,,,1,3759,,
189,Group 5,,,,,,,5,6521,,
189,Group 5,,,,,,,,8221,,
189,Group 5,https://raw.githubusercontent.com/adadtur/nvrd-sample/master/modified-shape-shape/bonsai_crystal.png,modified/shape-shape,shape,11,cravish,https://raw.githubusercontent.com/adadtur/nvrd-sample/master/modified-shape-shape/shape/bonsai_crystal_11.png,2,6850,bonsai_crystal,
189,Group 5,https://raw.githubusercontent.com/adadtur/nvrd-sample/master/novel/shape_11.png,novel,background,14,scradge,https://raw.githubusercontent.com/adadtur/nvrd-sample/master/novel/background/shape_11_14.png,6,2987,shape_11,
189,Group 5,https://raw.githubusercontent.com/adadtur/nvrd-sample/master/modified-shape-shape/drone_dagger.png,modified/shape-shape,background,14,zornett,https://raw.githubusercontent.com/adadtur/nvrd-sample/master/modified-shape-shape/background/drone_dagger_14.png,7,3595,drone_dagger,
189,Group 5,https://raw.githubusercontent.com/adadtur/nvrd-sample/master/novel/shape_11.png,novel,remove,17,scradge,https://raw.githubusercontent.com/adadtur/nvrd-sample/master/novel/remove/shape_11_17.png,1,4900,shape_11,
189,Group 5,https://raw.githubusercontent.com/adadtur/nvrd-sample/master/novel/shape_11.png,novel,texture,20,scradge,https://raw.githubusercontent.com/adadtur/nvrd-sample/master/novel/texture/shape_11_20.png,4,4325,shape_11,
189,Group 5,https://raw.githubusercontent.com/adadtur/nvrd-sample/master/modified-shape-texture/bird-feathers_saxophone.png,modified/shape-texture,remove,11,plonwick,https://raw.githubusercontent.com/adadtur/nvrd-sample/master/modified-shape-texture/remove/bird-feathers_saxophone_11.png,1,2313,bird-feathers_saxophone,
189,Group 5,https://raw.githubusercontent.com/adadtur/nvrd-sample/master/known/golden-retriever.png,known,color,2,froatne,https://raw.githubusercontent.com/adadtur/nvrd-sample/master/known/color/golden-retriever_2.png,7,2784,golden-retriever,
189,Group 5,https://raw.githubusercontent.com/adadtur/nvrd-sample/master/modified-shape-shape/crystal_telescope.png,modified/shape-shape,background,14,drublit,https://raw.githubusercontent.com/adadtur/nvrd-sample/master/modified-shape-shape/background/crystal_telescope_14.png,7,4862,crystal_telescope,
189,Group 5,https://raw.githubusercontent.com/adadtur/nvrd-sample/master/known/dolphin.png,known,add,2,thrimple,https://raw.githubusercontent.com/adadtur/nvrd-sample/master/known/add/dolphin_2.png,5,6958,dolphin,
189,Group 5,https://raw.githubusercontent.com/adadtur/nvrd-sample/master/novel/shape_16.png,novel,color,8,sdrindle,https://raw.githubusercontent.com/adadtur/nvrd-sample/master/novel/color/shape_16_8.png,7,3697,shape_16,
189,Group 5,https://raw.githubusercontent.com/adadtur/nvrd-sample/master/novel/shape_13.png,novel,remove,19,wrimble,https://raw.githubusercontent.com/adadtur/nvrd-sample/master/novel/remove/shape_13_19.png,1,3663,shape_13,
189,Group 5,https://raw.githubusercontent.com/adadtur/nvrd-sample/master/modified-shape-texture/checkerboard_tiger.png,modified/shape-texture,shape,5,clentrel,https://raw.githubusercontent.com/adadtur/nvrd-sample/master/modified-shape-texture/shape/checkerboard_tiger_5.png,5,6566,checkerboard_tiger,
189,Group 5,https://raw.githubusercontent.com/adadtur/nvrd-sample/master/modified-shape-shape/drone_dagger.png,modified/shape-shape,style,2,zornett,https://raw.githubusercontent.com/adadtur/nvrd-sample/master/modified-shape-shape/style/drone_dagger_2.png,7,4556,drone_dagger,
189,Group 5,https://raw.githubusercontent.com/adadtur/nvrd-sample/master/known/rabbit.png,known,color,11,wrivlet,https://raw.githubusercontent.com/adadtur/nvrd-sample/master/known/color/rabbit_11.png,5,6216,rabbit,
189,Group 5,https://raw.githubusercontent.com/adadtur/nvrd-sample/master/known/golden-retriever.png,,,,toma,https://raw.githubusercontent.com/adadtur/nvrd-sample/master/known/corkscrew.png,1,2190,attention_check_1,
189,Group 5,https://raw.githubusercontent.com/adadtur/nvrd-sample/master/modified-shape-shape/crystal_telescope.png,modified/shape-shape,texture,5,drublit,https://raw.githubusercontent.com/adadtur/nvrd-sample/master/modified-shape-shape/texture/crystal_telescope_5.png,7,18457,crystal_telescope,
189,Group 5,https://raw.githubusercontent.com/adadtur/nvrd-sample/master/modified-shape-texture/checkerboard_tiger.png,modified/shape-texture,style,17,clentrel,https://raw.githubusercontent.com/adadtur/nvrd-sample/master/modified-shape-texture/style/checkerboard_tiger_17.png,2,2287,checkerboard_tiger,
189,Group 5,https://raw.githubusercontent.com/adadtur/nvrd-sample/master/novel/shape_16.png,novel,color,20,sdrindle,https://raw.githubusercontent.com/adadtur/nvrd-sample/master/novel/color/shape_16_20.png,4,4898,shape_16,
189,Group 5,https://raw.githubusercontent.com/adadtur/nvrd-sample/master/modified-shape-texture/checkerboard_tiger.png,modified/shape-texture,texture,17,clentrel,https://raw.githubusercontent.com/adadtur/nvrd-sample/master/modified-shape-texture/texture/checkerboard_tiger_17.png,3,5958,checkerboard_tiger,
189,Group 5,https://raw.githubusercontent.com/adadtur/nvrd-sample/master/modified-shape-texture/checkerboard_tv-remote.png,modified/shape-texture,background,19,grestle,https://raw.githubusercontent.com/adadtur/nvrd-sample/master/modified-shape-texture/background/checkerboard_tv-remote_19.png,6,2769,checkerboard_tv-remote,
189,Group 5,https://raw.githubusercontent.com/adadtur/nvrd-sample/master/known/bee.png,known,style,2,snavish,https://raw.githubusercontent.com/adadtur/nvrd-sample/master/known/style/bee_2.png,7,5267,bee,
189,Group 5,https://raw.githubusercontent.com/adadtur/nvrd-sample/master/novel/shape_28.png,novel,color,14,frostling,https://raw.githubusercontent.com/adadtur/nvrd-sample/master/novel/color/shape_28_14.png,5,4469,shape_28,
189,Group 5,https://raw.githubusercontent.com/adadtur/nvrd-sample/master/novel/shape_28.png,novel,shape,19,frostling,https://raw.githubusercontent.com/adadtur/nvrd-sample/master/novel/shape/shape_28_19.png,1,1871,shape_28,
189,Group 5,https://raw.githubusercontent.com/adadtur/nvrd-sample/master/known/golden-retriever.png,known,add,17,froatne,https://raw.githubusercontent.com/adadtur/nvrd-sample/master/known/add/golden-retriever_17.png,1,2126,golden-retriever,
189,Group 5,https://raw.githubusercontent.com/adadtur/nvrd-sample/master/modified-shape-texture/checkerboard_tv-remote.png,modified/shape-texture,remove,19,grestle,https://raw.githubusercontent.com/adadtur/nvrd-sample/master/modified-shape-texture/remove/checkerboard_tv-remote_19.png,1,2162,checkerboard_tv-remote,
189,Group 5,https://raw.githubusercontent.com/adadtur/nvrd-sample/master/novel/shape_11.png,novel,style,17,scradge,https://raw.githubusercontent.com/adadtur/nvrd-sample/master/novel/style/shape_11_17.png,1,2471,shape_11,
189,Group 5,https://raw.githubusercontent.com/adadtur/nvrd-sample/master/modified-shape-shape/drone_dagger.png,modified/shape-shape,color,17,zornett,https://raw.githubusercontent.com/adadtur/nvrd-sample/master/modified-shape-shape/color/drone_dagger_17.png,6,3640,drone_dagger,
189,Group 5,https://raw.githubusercontent.com/adadtur/nvrd-sample/master/modified-shape-texture/checkerboard_tv-remote.png,modified/shape-texture,add,19,grestle,https://raw.githubusercontent.com/adadtur/nvrd-sample/master/modified-shape-texture/add/checkerboard_tv-remote_19.png,1,4776,checkerboard_tv-remote,
189,Group 5,https://raw.githubusercontent.com/adadtur/nvrd-sample/master/known/dolphin.png,,,,blick,https://raw.githubusercontent.com/adadtur/nvrd-sample/master/known/rabbit.png,1,1415,attention_check_2,
189,Group 5,https://raw.githubusercontent.com/adadtur/nvrd-sample/master/known/dolphin.png,known,style,5,thrimple,https://raw.githubusercontent.com/adadtur/nvrd-sample/master/known/style/dolphin_5.png,7,4875,dolphin,
189,Group 5,https://raw.githubusercontent.com/adadtur/nvrd-sample/master/novel/shape_24.png,novel,add,5,vraxel,https://raw.githubusercontent.com/adadtur/nvrd-sample/master/novel/add/shape_24_5.png,2,2273,shape_24,
189,Group 5,https://raw.githubusercontent.com/adadtur/nvrd-sample/master/known/dolphin.png,known,background,11,thrimple,https://raw.githubusercontent.com/adadtur/nvrd-sample/master/known/background/dolphin_11.png,7,3648,dolphin,
189,Group 5,https://raw.githubusercontent.com/adadtur/nvrd-sample/master/modified-shape-shape/bonsai_crystal.png,modified/shape-shape,shape,20,cravish,https://raw.githubusercontent.com/adadtur/nvrd-sample/master/modified-shape-shape/shape/bonsai_crystal_20.png,2,4016,bonsai_crystal,
189,Group 5,https://raw.githubusercontent.com/adadtur/nvrd-sample/master/modified-shape-shape/bonsai_crystal.png,modified/shape-shape,texture,2,cravish,https://raw.githubusercontent.com/adadtur/nvrd-sample/master/modified-shape-shape/texture/bonsai_crystal_2.png,7,2330,bonsai_crystal,
189,Group 5,https://raw.githubusercontent.com/adadtur/nvrd-sample/master/novel/shape_24.png,novel,color,2,vraxel,https://raw.githubusercontent.com/adadtur/nvrd-sample/master/novel/color/shape_24_2.png,7,2592,shape_24,
189,Group 5,https://raw.githubusercontent.com/adadtur/nvrd-sample/master/modified-shape-texture/bird-feathers_saxophone.png,modified/shape-texture,background,14,plonwick,https://raw.githubusercontent.com/adadtur/nvrd-sample/master/modified-shape-texture/background/bird-feathers_saxophone_14.png,7,2693,bird-feathers_saxophone,
189,Group 5,https://raw.githubusercontent.com/adadtur/nvrd-sample/master/known/corkscrew.png,known,style,17,vorthling,https://raw.githubusercontent.com/adadtur/nvrd-sample/master/known/style/corkscrew_17.png,1,2361,corkscrew,
189,Group 5,https://raw.githubusercontent.com/adadtur/nvrd-sample/master/known/golden-retriever.png,known,style,2,froatne,https://raw.githubusercontent.com/adadtur/nvrd-sample/master/known/style/golden-retriever_2.png,7,4507,golden-retriever,
189,Group 5,https://raw.githubusercontent.com/adadtur/nvrd-sample/master/known/dolphin.png,known,texture,14,thrimple,https://raw.githubusercontent.com/adadtur/nvrd-sample/master/known/texture/dolphin_14.png,3,3077,dolphin,
189,Group 5,https://raw.githubusercontent.com/adadtur/nvrd-sample/master/known/rabbit.png,known,texture,5,wrivlet,https://raw.githubusercontent.com/adadtur/nvrd-sample/master/known/texture/rabbit_5.png,3,4013,rabbit,
189,Group 5,https://raw.githubusercontent.com/adadtur/nvrd-sample/master/novel/shape_11.png,novel,color,11,scradge,https://raw.githubusercontent.com/adadtur/nvrd-sample/master/novel/color/shape_11_11.png,3,3208,shape_11,
189,Group 5,https://raw.githubusercontent.com/adadtur/nvrd-sample/master/novel/shape_24.png,novel,style,2,vraxel,https://raw.githubusercontent.com/adadtur/nvrd-sample/master/novel/style/shape_24_2.png,6,2151,shape_24,
189,Group 5,https://raw.githubusercontent.com/adadtur/nvrd-sample/master/known/rabbit.png,,,,pon,https://raw.githubusercontent.com/adadtur/nvrd-sample/master/known/corkscrew.png,1,1660,attention_check_3,
189,Group 5,https://raw.githubusercontent.com/adadtur/nvrd-sample/master/known/corkscrew.png,known,background,2,vorthling,https://raw.githubusercontent.com/adadtur/nvrd-sample/master/known/background/corkscrew_2.png,7,3433,corkscrew,
189,Group 5,https://raw.githubusercontent.com/adadtur/nvrd-sample/master/novel/shape_11.png,novel,texture,8,scradge,https://raw.githubusercontent.com/adadtur/nvrd-sample/master/novel/texture/shape_11_8.png,5,2367,shape_11,
189,Group 5,https://raw.githubusercontent.com/adadtur/nvrd-sample/master/novel/shape_24.png,novel,texture,11,vraxel,https://raw.githubusercontent.com/adadtur/nvrd-sample/master/novel/texture/shape_24_11.png,5,1718,shape_24,
189,Group 5,https://raw.githubusercontent.com/adadtur/nvrd-sample/master/novel/shape_11.png,novel,add,17,scradge,https://raw.githubusercontent.com/adadtur/nvrd-sample/master/novel/add/shape_11_17.png,1,1834,shape_11,
189,Group 5,https://raw.githubusercontent.com/adadtur/nvrd-sample/master/known/corkscrew.png,known,add,8,vorthling,https://raw.githubusercontent.com/adadtur/nvrd-sample/master/known/add/corkscrew_8.png,1,3808,corkscrew,
189,Group 5,https://raw.githubusercontent.com/adadtur/nvrd-sample/master/modified-shape-shape/drone_dagger.png,modified/shape-shape,background,17,zornett,https://raw.githubusercontent.com/adadtur/nvrd-sample/master/modified-shape-shape/background/drone_dagger_17.png,7,4192,drone_dagger,
189,Group 5,https://raw.githubusercontent.com/adadtur/nvrd-sample/master/known/rabbit.png,known,add,20,wrivlet,https://raw.githubusercontent.com/adadtur/nvrd-sample/master/known/add/rabbit_20.png,1,2110,rabbit,
189,Group 5,https://raw.githubusercontent.com/adadtur/nvrd-sample/master/novel/shape_13.png,novel,add,11,wrimble,https://raw.githubusercontent.com/adadtur/nvrd-sample/master/novel/add/shape_13_11.png,2,2864,shape_13,
189,Group 5,https://raw.githubusercontent.com/adadtur/nvrd-sample/master/known/horse.png,known,shape,11,skelwick,https://raw.githubusercontent.com/adadtur/nvrd-sample/master/known/shape/horse_11.png,1,1844,horse,
189,Group 5,https://raw.githubusercontent.com/adadtur/nvrd-sample/master/modified-shape-texture/checkerboard_tv-remote.png,modified/shape-texture,texture,11,grestle,https://raw.githubusercontent.com/adadtur/nvrd-sample/master/modified-shape-texture/texture/checkerboard_tv-remote_11.png,3,4351,checkerboard_tv-remote,
189,Group 5,https://raw.githubusercontent.com/adadtur/nvrd-sample/master/novel/shape_11.png,novel,remove,8,scradge,https://raw.githubusercontent.com/adadtur/nvrd-sample/master/novel/remove/shape_11_8.png,2,2816,shape_11,
189,Group 5,https://raw.githubusercontent.com/adadtur/nvrd-sample/master/modified-shape-shape/crystal_telescope.png,modified/shape-shape,style,5,drublit,https://raw.githubusercontent.com/adadtur/nvrd-sample/master/modified-shape-shape/style/crystal_telescope_5.png,6,3418,crystal_telescope,
189,Group 5,https://raw.githubusercontent.com/adadtur/nvrd-sample/master/known/horse.png,known,shape,5,skelwick,https://raw.githubusercontent.com/adadtur/nvrd-sample/master/known/shape/horse_5.png,2,2500,horse,
189,Group 5,https://raw.githubusercontent.com/adadtur/nvrd-sample/master/known/corkscrew.png,,,,neb,https://raw.githubusercontent.com/adadtur/nvrd-sample/master/known/golden-retriever.png,1,1512,attention_check_4,
189,Group 5,https://raw.githubusercontent.com/adadtur/nvrd-sample/master/known/golden-retriever.png,known,color,19,froatne,https://raw.githubusercontent.com/adadtur/nvrd-sample/master/known/color/golden-retriever_19.png,6,3176,golden-retriever,
189,Group 5,https://raw.githubusercontent.com/adadtur/nvrd-sample/master/novel/shape_13.png,novel,remove,5,wrimble,https://raw.githubusercontent.com/adadtur/nvrd-sample/master/novel/remove/shape_13_5.png,1,1785,shape_13,
189,Group 5,https://raw.githubusercontent.com/adadtur/nvrd-sample/master/known/golden-retriever.png,known,style,8,froatne,https://raw.githubusercontent.com/adadtur/nvrd-sample/master/known/style/golden-retriever_8.png,6,2205,golden-retriever,
189,Group 5,https://raw.githubusercontent.com/adadtur/nvrd-sample/master/novel/shape_28.png,novel,shape,14,frostling,https://raw.githubusercontent.com/adadtur/nvrd-sample/master/novel/shape/shape_28_14.png,1,1727,shape_28,
189,Group 5,https://raw.githubusercontent.com/adadtur/nvrd-sample/master/modified-shape-texture/bird-feathers_saxophone.png,modified/shape-texture,texture,20,plonwick,https://raw.githubusercontent.com/adadtur/nvrd-sample/master/modified-shape-texture/texture/bird-feathers_saxophone_20.png,5,2911,bird-feathers_saxophone,
189,Group 5,https://raw.githubusercontent.com/adadtur/nvrd-sample/master/known/golden-retriever.png,known,background,11,froatne,https://raw.githubusercontent.com/adadtur/nvrd-sample/master/known/background/golden-retriever_11.png,7,2543,golden-retriever,
189,Group 5,https://raw.githubusercontent.com/adadtur/nvrd-sample/master/known/bee.png,known,remove,11,snavish,https://raw.githubusercontent.com/adadtur/nvrd-sample/master/known/remove/bee_11.png,1,12294,bee,
189,Group 5,https://raw.githubusercontent.com/adadtur/nvrd-sample/master/known/horse.png,known,add,5,skelwick,https://raw.githubusercontent.com/adadtur/nvrd-sample/master/known/add/horse_5.png,1,1550,horse,
189,Group 5,https://raw.githubusercontent.com/adadtur/nvrd-sample/master/novel/shape_19.png,novel,remove,11,frentish,https://raw.githubusercontent.com/adadtur/nvrd-sample/master/novel/remove/shape_19_11.png,1,1621,shape_19,
189,Group 5,https://raw.githubusercontent.com/adadtur/nvrd-sample/master/modified-shape-texture/checkerboard_tiger.png,modified/shape-texture,style,11,clentrel,https://raw.githubusercontent.com/adadtur/nvrd-sample/master/modified-shape-texture/style/checkerboard_tiger_11.png,3,7548,checkerboard_tiger,
189,Group 5,https://raw.githubusercontent.com/adadtur/nvrd-sample/master/novel/shape_24.png,novel,color,20,vraxel,https://raw.githubusercontent.com/adadtur/nvrd-sample/master/novel/color/shape_24_20.png,3,3128,shape_24,
189,Group 5,https://raw.githubusercontent.com/adadtur/nvrd-sample/master/novel/shape_13.png,novel,add,5,wrimble,https://raw.githubusercontent.com/adadtur/nvrd-sample/master/novel/add/shape_13_5.png,1,4960,shape_13,
189,Group 5,https://raw.githubusercontent.com/adadtur/nvrd-sample/master/novel/shape_19.png,novel,texture,5,frentish,https://raw.githubusercontent.com/adadtur/nvrd-sample/master/novel/texture/shape_19_5.png,7,2274,shape_19,
189,Group 5,https://raw.githubusercontent.com/adadtur/nvrd-sample/master/known/dolphin.png,,,,rav,https://raw.githubusercontent.com/adadtur/nvrd-sample/master/known/rabbit.png,1,2862,attention_check_5,
189,Group 5,https://raw.githubusercontent.com/adadtur/nvrd-sample/master/known/rabbit.png,known,shape,17,wrivlet,https://raw.githubusercontent.com/adadtur/nvrd-sample/master/known/shape/rabbit_17.png,1,4782,rabbit,
189,Group 5,https://raw.githubusercontent.com/adadtur/nvrd-sample/master/known/rabbit.png,known,background,5,wrivlet,https://raw.githubusercontent.com/adadtur/nvrd-sample/master/known/background/rabbit_5.png,7,2506,rabbit,
189,Group 5,https://raw.githubusercontent.com/adadtur/nvrd-sample/master/modified-shape-shape/crystal_telescope.png,modified/shape-shape,shape,14,drublit,https://raw.githubusercontent.com/adadtur/nvrd-sample/master/modified-shape-shape/shape/crystal_telescope_14.png,2,3016,crystal_telescope,
189,Group 5,https://raw.githubusercontent.com/adadtur/nvrd-sample/master/novel/shape_11.png,novel,shape,14,scradge,https://raw.githubusercontent.com/adadtur/nvrd-sample/master/novel/shape/shape_11_14.png,1,2494,shape_11,
189,Group 5,https://raw.githubusercontent.com/adadtur/nvrd-sample/master/modified-shape-texture/checkerboard_tv-remote.png,modified/shape-texture,color,19,grestle,https://raw.githubusercontent.com/adadtur/nvrd-sample/master/modified-shape-texture/color/checkerboard_tv-remote_19.png,2,2598,checkerboard_tv-remote,
189,Group 5,https://raw.githubusercontent.com/adadtur/nvrd-sample/master/known/horse.png,known,add,20,skelwick,https://raw.githubusercontent.com/adadtur/nvrd-sample/master/known/add/horse_20.png,1,2174,horse,
189,Group 5,https://raw.githubusercontent.com/adadtur/nvrd-sample/master/novel/shape_28.png,novel,background,19,frostling,https://raw.githubusercontent.com/adadtur/nvrd-sample/master/novel/background/shape_28_19.png,7,13607,shape_28,
189,Group 5,https://raw.githubusercontent.com/adadtur/nvrd-sample/master/novel/shape_16.png,novel,remove,2,sdrindle,https://raw.githubusercontent.com/adadtur/nvrd-sample/master/novel/remove/shape_16_2.png,2,10005,shape_16,
189,Group 5,https://raw.githubusercontent.com/adadtur/nvrd-sample/master/known/bee.png,known,add,20,snavish,https://raw.githubusercontent.com/adadtur/nvrd-sample/master/known/add/bee_20.png,4,3146,bee,
189,Group 5,https://raw.githubusercontent.com/adadtur/nvrd-sample/master/modified-shape-texture/bird-feathers_saxophone.png,modified/shape-texture,background,5,plonwick,https://raw.githubusercontent.com/adadtur/nvrd-sample/master/modified-shape-texture/background/bird-feathers_saxophone_5.png,7,1903,bird-feathers_saxophone,
189,Group 5,https://raw.githubusercontent.com/adadtur/nvrd-sample/master/modified-shape-shape/bonsai_crystal.png,modified/shape-shape,remove,5,cravish,https://raw.githubusercontent.com/adadtur/nvrd-sample/master/modified-shape-shape/remove/bonsai_crystal_5.png,1,2036,bonsai_crystal,
189,Group 5,https://raw.githubusercontent.com/adadtur/nvrd-sample/master/known/golden-retriever.png,known,shape,14,froatne,https://raw.githubusercontent.com/adadtur/nvrd-sample/master/known/shape/golden-retriever_14.png,1,1563,golden-retriever,
189,Group 5,https://raw.githubusercontent.com/adadtur/nvrd-sample/master/novel/shape_13.png,novel,remove,8,wrimble,https://raw.githubusercontent.com/adadtur/nvrd-sample/master/novel/remove/shape_13_8.png,1,2193,shape_13,
189,Group 5,,,,,,,,3859,,
201,Group 5,,,,,,,,,,
201,Group 5,,,,,,,,7075,,
201,Group 5,,,,,,,,55234,,
201,Group 5,,,,,,,7,7000,,
201,Group 5,,,,,,,1,2129,,
201,Group 5,,,,,,,6,3067,,
201,Group 5,,,,,,,,14236,,
201,Group 5,,,,,,,5,2115,,
201,Group 5,,,,,,,,2755,,
201,Group 5,https://raw.githubusercontent.com/adadtur/nvrd-sample/master/modified-shape-texture/checkerboard_tv-remote.png,modified/shape-texture,texture,11,grestle,https://raw.githubusercontent.com/adadtur/nvrd-sample/master/modified-shape-texture/texture/checkerboard_tv-remote_11.png,6,6933,checkerboard_tv-remote,
201,Group 5,https://raw.githubusercontent.com/adadtur/nvrd-sample/master/novel/shape_28.png,novel,shape,19,frostling,https://raw.githubusercontent.com/adadtur/nvrd-sample/master/novel/shape/shape_28_19.png,4,4068,shape_28,
201,Group 5,https://raw.githubusercontent.com/adadtur/nvrd-sample/master/modified-shape-texture/checkerboard_tv-remote.png,modified/shape-texture,color,19,grestle,https://raw.githubusercontent.com/adadtur/nvrd-sample/master/modified-shape-texture/color/checkerboard_tv-remote_19.png,5,4222,checkerboard_tv-remote,
201,Group 5,https://raw.githubusercontent.com/adadtur/nvrd-sample/master/modified-shape-texture/checkerboard_tv-remote.png,modified/shape-texture,background,19,grestle,https://raw.githubusercontent.com/adadtur/nvrd-sample/master/modified-shape-texture/background/checkerboard_tv-remote_19.png,5,3318,checkerboard_tv-remote,
201,Group 5,https://raw.githubusercontent.com/adadtur/nvrd-sample/master/novel/shape_11.png,novel,remove,17,scradge,https://raw.githubusercontent.com/adadtur/nvrd-sample/master/novel/remove/shape_11_17.png,3,5129,shape_11,
201,Group 5,https://raw.githubusercontent.com/adadtur/nvrd-sample/master/known/dolphin.png,known,add,2,thrimple,https://raw.githubusercontent.com/adadtur/nvrd-sample/master/known/add/dolphin_2.png,4,5771,dolphin,
201,Group 5,https://raw.githubusercontent.com/adadtur/nvrd-sample/master/known/corkscrew.png,known,background,2,vorthling,https://raw.githubusercontent.com/adadtur/nvrd-sample/master/known/background/corkscrew_2.png,7,5435,corkscrew,
201,Group 5,https://raw.githubusercontent.com/adadtur/nvrd-sample/master/novel/shape_16.png,novel,color,20,sdrindle,https://raw.githubusercontent.com/adadtur/nvrd-sample/master/novel/color/shape_16_20.png,5,3539,shape_16,
201,Group 5,https://raw.githubusercontent.com/adadtur/nvrd-sample/master/known/golden-retriever.png,known,style,2,froatne,https://raw.githubusercontent.com/adadtur/nvrd-sample/master/known/style/golden-retriever_2.png,7,2765,golden-retriever,
201,Group 5,https://raw.githubusercontent.com/adadtur/nvrd-sample/master/novel/shape_13.png,novel,remove,19,wrimble,https://raw.githubusercontent.com/adadtur/nvrd-sample/master/novel/remove/shape_13_19.png,1,4044,shape_13,
201,Group 5,https://raw.githubusercontent.com/adadtur/nvrd-sample/master/novel/shape_24.png,novel,add,5,vraxel,https://raw.githubusercontent.com/adadtur/nvrd-sample/master/novel/add/shape_24_5.png,4,6348,shape_24,
201,Group 5,https://raw.githubusercontent.com/adadtur/nvrd-sample/master/novel/shape_16.png,novel,color,8,sdrindle,https://raw.githubusercontent.com/adadtur/nvrd-sample/master/novel/color/shape_16_8.png,5,2114,shape_16,
201,Group 5,https://raw.githubusercontent.com/adadtur/nvrd-sample/master/novel/shape_11.png,novel,remove,8,scradge,https://raw.githubusercontent.com/adadtur/nvrd-sample/master/novel/remove/shape_11_8.png,2,4783,shape_11,
201,Group 5,https://raw.githubusercontent.com/adadtur/nvrd-sample/master/novel/shape_28.png,novel,color,14,frostling,https://raw.githubusercontent.com/adadtur/nvrd-sample/master/novel/color/shape_28_14.png,5,2025,shape_28,
201,Group 5,https://raw.githubusercontent.com/adadtur/nvrd-sample/master/known/golden-retriever.png,,,,toma,https://raw.githubusercontent.com/adadtur/nvrd-sample/master/known/corkscrew.png,1,2464,attention_check_1,
201,Group 5,https://raw.githubusercontent.com/adadtur/nvrd-sample/master/modified-shape-texture/bird-feathers_saxophone.png,modified/shape-texture,texture,20,plonwick,https://raw.githubusercontent.com/adadtur/nvrd-sample/master/modified-shape-texture/texture/bird-feathers_saxophone_20.png,3,7844,bird-feathers_saxophone,
201,Group 5,https://raw.githubusercontent.com/adadtur/nvrd-sample/master/novel/shape_24.png,novel,style,2,vraxel,https://raw.githubusercontent.com/adadtur/nvrd-sample/master/novel/style/shape_24_2.png,6,4556,shape_24,
201,Group 5,https://raw.githubusercontent.com/adadtur/nvrd-sample/master/novel/shape_13.png,novel,add,11,wrimble,https://raw.githubusercontent.com/adadtur/nvrd-sample/master/novel/add/shape_13_11.png,4,6469,shape_13,
201,Group 5,https://raw.githubusercontent.com/adadtur/nvrd-sample/master/novel/shape_28.png,novel,background,19,frostling,https://raw.githubusercontent.com/adadtur/nvrd-sample/master/novel/background/shape_28_19.png,6,4369,shape_28,
201,Group 5,https://raw.githubusercontent.com/adadtur/nvrd-sample/master/modified-shape-shape/drone_dagger.png,modified/shape-shape,background,17,zornett,https://raw.githubusercontent.com/adadtur/nvrd-sample/master/modified-shape-shape/background/drone_dagger_17.png,6,3236,drone_dagger,
201,Group 5,https://raw.githubusercontent.com/adadtur/nvrd-sample/master/modified-shape-shape/bonsai_crystal.png,modified/shape-shape,shape,11,cravish,https://raw.githubusercontent.com/adadtur/nvrd-sample/master/modified-shape-shape/shape/bonsai_crystal_11.png,6,2048,bonsai_crystal,
201,Group 5,https://raw.githubusercontent.com/adadtur/nvrd-sample/master/modified-shape-shape/crystal_telescope.png,modified/shape-shape,texture,5,drublit,https://raw.githubusercontent.com/adadtur/nvrd-sample/master/modified-shape-shape/texture/crystal_telescope_5.png,7,4850,crystal_telescope,
201,Group 5,https://raw.githubusercontent.com/adadtur/nvrd-sample/master/modified-shape-shape/drone_dagger.png,modified/shape-shape,color,17,zornett,https://raw.githubusercontent.com/adadtur/nvrd-sample/master/modified-shape-shape/color/drone_dagger_17.png,6,1959,drone_dagger,
201,Group 5,https://raw.githubusercontent.com/adadtur/nvrd-sample/master/novel/shape_16.png,novel,remove,2,sdrindle,https://raw.githubusercontent.com/adadtur/nvrd-sample/master/novel/remove/shape_16_2.png,5,8136,shape_16,
201,Group 5,https://raw.githubusercontent.com/adadtur/nvrd-sample/master/modified-shape-shape/drone_dagger.png,modified/shape-shape,style,2,zornett,https://raw.githubusercontent.com/adadtur/nvrd-sample/master/modified-shape-shape/style/drone_dagger_2.png,6,3980,drone_dagger,
201,Group 5,https://raw.githubusercontent.com/adadtur/nvrd-sample/master/known/rabbit.png,known,add,20,wrivlet,https://raw.githubusercontent.com/adadtur/nvrd-sample/master/known/add/rabbit_20.png,3,4637,rabbit,
201,Group 5,https://raw.githubusercontent.com/adadtur/nvrd-sample/master/known/horse.png,known,shape,11,skelwick,https://raw.githubusercontent.com/adadtur/nvrd-sample/master/known/shape/horse_11.png,2,5616,horse,
201,Group 5,https://raw.githubusercontent.com/adadtur/nvrd-sample/master/novel/shape_11.png,novel,background,14,scradge,https://raw.githubusercontent.com/adadtur/nvrd-sample/master/novel/background/shape_11_14.png,6,4254,shape_11,
201,Group 5,https://raw.githubusercontent.com/adadtur/nvrd-sample/master/known/dolphin.png,,,,blick,https://raw.githubusercontent.com/adadtur/nvrd-sample/master/known/rabbit.png,1,2032,attention_check_2,
201,Group 5,https://raw.githubusercontent.com/adadtur/nvrd-sample/master/known/horse.png,known,shape,5,skelwick,https://raw.githubusercontent.com/adadtur/nvrd-sample/master/known/shape/horse_5.png,6,3320,horse,
201,Group 5,https://raw.githubusercontent.com/adadtur/nvrd-sample/master/modified-shape-texture/bird-feathers_saxophone.png,modified/shape-texture,remove,11,plonwick,https://raw.githubusercontent.com/adadtur/nvrd-sample/master/modified-shape-texture/remove/bird-feathers_saxophone_11.png,1,1926,bird-feathers_saxophone,
201,Group 5,https://raw.githubusercontent.com/adadtur/nvrd-sample/master/novel/shape_24.png,novel,color,2,vraxel,https://raw.githubusercontent.com/adadtur/nvrd-sample/master/novel/color/shape_24_2.png,6,2188,shape_24,
201,Group 5,https://raw.githubusercontent.com/adadtur/nvrd-sample/master/known/golden-retriever.png,known,shape,14,froatne,https://raw.githubusercontent.com/adadtur/nvrd-sample/master/known/shape/golden-retriever_14.png,2,6274,golden-retriever,
201,Group 5,https://raw.githubusercontent.com/adadtur/nvrd-sample/master/known/golden-retriever.png,known,add,17,froatne,https://raw.githubusercontent.com/adadtur/nvrd-sample/master/known/add/golden-retriever_17.png,2,6436,golden-retriever,
201,Group 5,https://raw.githubusercontent.com/adadtur/nvrd-sample/master/novel/shape_19.png,novel,texture,5,frentish,https://raw.githubusercontent.com/adadtur/nvrd-sample/master/novel/texture/shape_19_5.png,7,4808,shape_19,
201,Group 5,https://raw.githubusercontent.com/adadtur/nvrd-sample/master/known/golden-retriever.png,known,color,2,froatne,https://raw.githubusercontent.com/adadtur/nvrd-sample/master/known/color/golden-retriever_2.png,7,1902,golden-retriever,
201,Group 5,https://raw.githubusercontent.com/adadtur/nvrd-sample/master/known/horse.png,known,add,5,skelwick,https://raw.githubusercontent.com/adadtur/nvrd-sample/master/known/add/horse_5.png,1,1934,horse,
201,Group 5,https://raw.githubusercontent.com/adadtur/nvrd-sample/master/modified-shape-texture/checkerboard_tiger.png,modified/shape-texture,style,17,clentrel,https://raw.githubusercontent.com/adadtur/nvrd-sample/master/modified-shape-texture/style/checkerboard_tiger_17.png,2,4923,checkerboard_tiger,
201,Group 5,https://raw.githubusercontent.com/adadtur/nvrd-sample/master/novel/shape_28.png,novel,shape,14,frostling,https://raw.githubusercontent.com/adadtur/nvrd-sample/master/novel/shape/shape_28_14.png,1,1967,shape_28,
201,Group 5,https://raw.githubusercontent.com/adadtur/nvrd-sample/master/known/dolphin.png,known,style,5,thrimple,https://raw.githubusercontent.com/adadtur/nvrd-sample/master/known/style/dolphin_5.png,7,3823,dolphin,
201,Group 5,https://raw.githubusercontent.com/adadtur/nvrd-sample/master/modified-shape-shape/crystal_telescope.png,modified/shape-shape,background,14,drublit,https://raw.githubusercontent.com/adadtur/nvrd-sample/master/modified-shape-shape/background/crystal_telescope_14.png,6,2820,crystal_telescope,
201,Group 5,https://raw.githubusercontent.com/adadtur/nvrd-sample/master/modified-shape-texture/checkerboard_tiger.png,modified/shape-texture,shape,5,clentrel,https://raw.githubusercontent.com/adadtur/nvrd-sample/master/modified-shape-texture/shape/checkerboard_tiger_5.png,5,6129,checkerboard_tiger,
201,Group 5,https://raw.githubusercontent.com/adadtur/nvrd-sample/master/known/rabbit.png,,,,pon,https://raw.githubusercontent.com/adadtur/nvrd-sample/master/known/corkscrew.png,1,2846,attention_check_3,
201,Group 5,https://raw.githubusercontent.com/adadtur/nvrd-sample/master/known/dolphin.png,known,background,11,thrimple,https://raw.githubusercontent.com/adadtur/nvrd-sample/master/known/background/dolphin_11.png,6,2593,dolphin,
201,Group 5,https://raw.githubusercontent.com/adadtur/nvrd-sample/master/modified-shape-shape/drone_dagger.png,modified/shape-shape,background,14,zornett,https://raw.githubusercontent.com/adadtur/nvrd-sample/master/modified-shape-shape/background/drone_dagger_14.png,7,2611,drone_dagger,
201,Group 5,https://raw.githubusercontent.com/adadtur/nvrd-sample/master/known/rabbit.png,known,background,5,wrivlet,https://raw.githubusercontent.com/adadtur/nvrd-sample/master/known/background/rabbit_5.png,7,3129,rabbit,
201,Group 5,https://raw.githubusercontent.com/adadtur/nvrd-sample/master/known/bee.png,known,style,2,snavish,https://raw.githubusercontent.com/adadtur/nvrd-sample/master/known/style/bee_2.png,5,3630,bee,
201,Group 5,https://raw.githubusercontent.com/adadtur/nvrd-sample/master/modified-shape-shape/bonsai_crystal.png,modified/shape-shape,shape,20,cravish,https://raw.githubusercontent.com/adadtur/nvrd-sample/master/modified-shape-shape/shape/bonsai_crystal_20.png,5,2349,bonsai_crystal,
201,Group 5,https://raw.githubusercontent.com/adadtur/nvrd-sample/master/novel/shape_24.png,novel,color,20,vraxel,https://raw.githubusercontent.com/adadtur/nvrd-sample/master/novel/color/shape_24_20.png,4,2278,shape_24,
201,Group 5,https://raw.githubusercontent.com/adadtur/nvrd-sample/master/known/horse.png,known,add,20,skelwick,https://raw.githubusercontent.com/adadtur/nvrd-sample/master/known/add/horse_20.png,1,2121,horse,
201,Group 5,https://raw.githubusercontent.com/adadtur/nvrd-sample/master/known/golden-retriever.png,known,color,19,froatne,https://raw.githubusercontent.com/adadtur/nvrd-sample/master/known/color/golden-retriever_19.png,5,2682,golden-retriever,
201,Group 5,https://raw.githubusercontent.com/adadtur/nvrd-sample/master/novel/shape_13.png,novel,remove,5,wrimble,https://raw.githubusercontent.com/adadtur/nvrd-sample/master/novel/remove/shape_13_5.png,1,1993,shape_13,
201,Group 5,https://raw.githubusercontent.com/adadtur/nvrd-sample/master/known/rabbit.png,known,color,11,wrivlet,https://raw.githubusercontent.com/adadtur/nvrd-sample/master/known/color/rabbit_11.png,5,1853,rabbit,
201,Group 5,https://raw.githubusercontent.com/adadtur/nvrd-sample/master/novel/shape_11.png,novel,style,17,scradge,https://raw.githubusercontent.com/adadtur/nvrd-sample/master/novel/style/shape_11_17.png,1,2578,shape_11,
201,Group 5,https://raw.githubusercontent.com/adadtur/nvrd-sample/master/novel/shape_11.png,novel,texture,8,scradge,https://raw.githubusercontent.com/adadtur/nvrd-sample/master/novel/texture/shape_11_8.png,5,5278,shape_11,
201,Group 5,https://raw.githubusercontent.com/adadtur/nvrd-sample/master/novel/shape_19.png,novel,remove,11,frentish,https://raw.githubusercontent.com/adadtur/nvrd-sample/master/novel/remove/shape_19_11.png,1,5464,shape_19,
201,Group 5,https://raw.githubusercontent.com/adadtur/nvrd-sample/master/known/corkscrew.png,,,,neb,https://raw.githubusercontent.com/adadtur/nvrd-sample/master/known/golden-retriever.png,1,1552,attention_check_4,
201,Group 5,https://raw.githubusercontent.com/adadtur/nvrd-sample/master/modified-shape-texture/checkerboard_tv-remote.png,modified/shape-texture,remove,19,grestle,https://raw.githubusercontent.com/adadtur/nvrd-sample/master/modified-shape-texture/remove/checkerboard_tv-remote_19.png,1,4624,checkerboard_tv-remote,
201,Group 5,https://raw.githubusercontent.com/adadtur/nvrd-sample/master/novel/shape_24.png,novel,texture,11,vraxel,https://raw.githubusercontent.com/adadtur/nvrd-sample/master/novel/texture/shape_24_11.png,5,4166,shape_24,
201,Group 5,https://raw.githubusercontent.com/adadtur/nvrd-sample/master/known/corkscrew.png,known,add,8,vorthling,https://raw.githubusercontent.com/adadtur/nvrd-sample/master/known/add/corkscrew_8.png,4,6044,corkscrew,
201,Group 5,https://raw.githubusercontent.com/adadtur/nvrd-sample/master/known/golden-retriever.png,known,style,8,froatne,https://raw.githubusercontent.com/adadtur/nvrd-sample/master/known/style/golden-retriever_8.png,4,3465,golden-retriever,
201,Group 5,https://raw.githubusercontent.com/adadtur/nvrd-sample/master/modified-shape-shape/crystal_telescope.png,modified/shape-shape,style,5,drublit,https://raw.githubusercontent.com/adadtur/nvrd-sample/master/modified-shape-shape/style/crystal_telescope_5.png,4,1496,crystal_telescope,
201,Group 5,https://raw.githubusercontent.com/adadtur/nvrd-sample/master/known/bee.png,known,remove,11,snavish,https://raw.githubusercontent.com/adadtur/nvrd-sample/master/known/remove/bee_11.png,1,2561,bee,
201,Group 5,https://raw.githubusercontent.com/adadtur/nvrd-sample/master/novel/shape_11.png,novel,shape,14,scradge,https://raw.githubusercontent.com/adadtur/nvrd-sample/master/novel/shape/shape_11_14.png,2,5142,shape_11,
201,Group 5,https://raw.githubusercontent.com/adadtur/nvrd-sample/master/modified-shape-texture/checkerboard_tiger.png,modified/shape-texture,style,11,clentrel,https://raw.githubusercontent.com/adadtur/nvrd-sample/master/modified-shape-texture/style/checkerboard_tiger_11.png,2,2236,checkerboard_tiger,
201,Group 5,https://raw.githubusercontent.com/adadtur/nvrd-sample/master/known/dolphin.png,known,texture,14,thrimple,https://raw.githubusercontent.com/adadtur/nvrd-sample/master/known/texture/dolphin_14.png,4,4527,dolphin,
201,Group 5,https://raw.githubusercontent.com/adadtur/nvrd-sample/master/modified-shape-texture/checkerboard_tv-remote.png,modified/shape-texture,add,19,grestle,https://raw.githubusercontent.com/adadtur/nvrd-sample/master/modified-shape-texture/add/checkerboard_tv-remote_19.png,2,2350,checkerboard_tv-remote,
201,Group 5,https://raw.githubusercontent.com/adadtur/nvrd-sample/master/known/rabbit.png,known,texture,5,wrivlet,https://raw.githubusercontent.com/adadtur/nvrd-sample/master/known/texture/rabbit_5.png,3,3852,rabbit,
201,Group 5,https://raw.githubusercontent.com/adadtur/nvrd-sample/master/novel/shape_11.png,novel,add,17,scradge,https://raw.githubusercontent.com/adadtur/nvrd-sample/master/novel/add/shape_11_17.png,1,2050,shape_11,
201,Group 5,https://raw.githubusercontent.com/adadtur/nvrd-sample/master/modified-shape-shape/crystal_telescope.png,modified/shape-shape,shape,14,drublit,https://raw.githubusercontent.com/adadtur/nvrd-sample/master/modified-shape-shape/shape/crystal_telescope_14.png,2,4280,crystal_telescope,
201,Group 5,https://raw.githubusercontent.com/adadtur/nvrd-sample/master/known/dolphin.png,,,,rav,https://raw.githubusercontent.com/adadtur/nvrd-sample/master/known/rabbit.png,1,2194,attention_check_5,
201,Group 5,https://raw.githubusercontent.com/adadtur/nvrd-sample/master/novel/shape_11.png,novel,texture,20,scradge,https://raw.githubusercontent.com/adadtur/nvrd-sample/master/novel/texture/shape_11_20.png,2,1733,shape_11,
201,Group 5,https://raw.githubusercontent.com/adadtur/nvrd-sample/master/modified-shape-texture/bird-feathers_saxophone.png,modified/shape-texture,background,14,plonwick,https://raw.githubusercontent.com/adadtur/nvrd-sample/master/modified-shape-texture/background/bird-feathers_saxophone_14.png,6,9706,bird-feathers_saxophone,
201,Group 5,https://raw.githubusercontent.com/adadtur/nvrd-sample/master/modified-shape-texture/checkerboard_tiger.png,modified/shape-texture,texture,17,clentrel,https://raw.githubusercontent.com/adadtur/nvrd-sample/master/modified-shape-texture/texture/checkerboard_tiger_17.png,6,1514,checkerboard_tiger,
201,Group 5,https://raw.githubusercontent.com/adadtur/nvrd-sample/master/known/golden-retriever.png,known,background,11,froatne,https://raw.githubusercontent.com/adadtur/nvrd-sample/master/known/background/golden-retriever_11.png,7,2440,golden-retriever,
201,Group 5,https://raw.githubusercontent.com/adadtur/nvrd-sample/master/modified-shape-shape/bonsai_crystal.png,modified/shape-shape,texture,2,cravish,https://raw.githubusercontent.com/adadtur/nvrd-sample/master/modified-shape-shape/texture/bonsai_crystal_2.png,7,3529,bonsai_crystal,
201,Group 5,https://raw.githubusercontent.com/adadtur/nvrd-sample/master/known/bee.png,known,add,20,snavish,https://raw.githubusercontent.com/adadtur/nvrd-sample/master/known/add/bee_20.png,5,2635,bee,
201,Group 5,https://raw.githubusercontent.com/adadtur/nvrd-sample/master/novel/shape_13.png,novel,add,5,wrimble,https://raw.githubusercontent.com/adadtur/nvrd-sample/master/novel/add/shape_13_5.png,3,1847,shape_13,
201,Group 5,https://raw.githubusercontent.com/adadtur/nvrd-sample/master/known/rabbit.png,known,shape,17,wrivlet,https://raw.githubusercontent.com/adadtur/nvrd-sample/master/known/shape/rabbit_17.png,1,4115,rabbit,
201,Group 5,https://raw.githubusercontent.com/adadtur/nvrd-sample/master/novel/shape_11.png,novel,color,11,scradge,https://raw.githubusercontent.com/adadtur/nvrd-sample/master/novel/color/shape_11_11.png,6,4058,shape_11,
201,Group 5,https://raw.githubusercontent.com/adadtur/nvrd-sample/master/novel/shape_13.png,novel,remove,8,wrimble,https://raw.githubusercontent.com/adadtur/nvrd-sample/master/novel/remove/shape_13_8.png,1,1730,shape_13,
201,Group 5,https://raw.githubusercontent.com/adadtur/nvrd-sample/master/modified-shape-shape/bonsai_crystal.png,modified/shape-shape,remove,5,cravish,https://raw.githubusercontent.com/adadtur/nvrd-sample/master/modified-shape-shape/remove/bonsai_crystal_5.png,1,2407,bonsai_crystal,
201,Group 5,https://raw.githubusercontent.com/adadtur/nvrd-sample/master/known/corkscrew.png,known,style,17,vorthling,https://raw.githubusercontent.com/adadtur/nvrd-sample/master/known/style/corkscrew_17.png,1,5011,corkscrew,
201,Group 5,https://raw.githubusercontent.com/adadtur/nvrd-sample/master/modified-shape-texture/bird-feathers_saxophone.png,modified/shape-texture,background,5,plonwick,https://raw.githubusercontent.com/adadtur/nvrd-sample/master/modified-shape-texture/background/bird-feathers_saxophone_5.png,6,4768,bird-feathers_saxophone,
201,Group 5,,,,,,,,3004,,
202,Group 9,,,,,,,,,,
202,Group 9,,,,,,,,9033,,
202,Group 9,,,,,,,,24159,,
202,Group 9,,,,,,,6,8030,,
202,Group 9,,,,,,,,14015,,
202,Group 9,,,,,,,7,2367,,
202,Group 9,,,,,,,1,4303,,
202,Group 9,,,,,,,6,4415,,
202,Group 9,,,,,,,,10287,,
202,Group 9,,,,,,,4,1919,,
202,Group 9,,,,,,,,1312,,
202,Group 9,https://raw.githubusercontent.com/adadtur/nvrd-sample/master/known/dolphin.png,known,color,11,thrimple,https://raw.githubusercontent.com/adadtur/nvrd-sample/master/known/color/dolphin_11.png,7,6727,dolphin,
202,Group 9,https://raw.githubusercontent.com/adadtur/nvrd-sample/master/known/golden-retriever.png,known,style,14,froatne,https://raw.githubusercontent.com/adadtur/nvrd-sample/master/known/style/golden-retriever_14.png,3,2454,golden-retriever,
202,Group 9,https://raw.githubusercontent.com/adadtur/nvrd-sample/master/known/horse.png,known,color,8,skelwick,https://raw.githubusercontent.com/adadtur/nvrd-sample/master/known/color/horse_8.png,7,2407,horse,
202,Group 9,https://raw.githubusercontent.com/adadtur/nvrd-sample/master/modified-shape-shape/bonsai_crystal.png,modified/shape-shape,texture,5,cravish,https://raw.githubusercontent.com/adadtur/nvrd-sample/master/modified-shape-shape/texture/bonsai_crystal_5.png,7,2687,bonsai_crystal,
202,Group 9,https://raw.githubusercontent.com/adadtur/nvrd-sample/master/modified-shape-shape/bonsai_crystal.png,modified/shape-shape,remove,2,cravish,https://raw.githubusercontent.com/adadtur/nvrd-sample/master/modified-shape-shape/remove/bonsai_crystal_2.png,7,2079,bonsai_crystal,
202,Group 9,https://raw.githubusercontent.com/adadtur/nvrd-sample/master/novel/shape_28.png,novel,remove,20,frostling,https://raw.githubusercontent.com/adadtur/nvrd-sample/master/novel/remove/shape_28_20.png,1,4647,shape_28,
202,Group 9,https://raw.githubusercontent.com/adadtur/nvrd-sample/master/modified-shape-texture/checkerboard_tiger.png,modified/shape-texture,shape,19,clentrel,https://raw.githubusercontent.com/adadtur/nvrd-sample/master/modified-shape-texture/shape/checkerboard_tiger_19.png,4,3031,checkerboard_tiger,
202,Group 9,https://raw.githubusercontent.com/adadtur/nvrd-sample/master/known/horse.png,known,style,8,skelwick,https://raw.githubusercontent.com/adadtur/nvrd-sample/master/known/style/horse_8.png,4,1239,horse,
202,Group 9,https://raw.githubusercontent.com/adadtur/nvrd-sample/master/modified-shape-shape/drone_dagger.png,modified/shape-shape,add,2,zornett,https://raw.githubusercontent.com/adadtur/nvrd-sample/master/modified-shape-shape/add/drone_dagger_2.png,4,1679,drone_dagger,
202,Group 9,https://raw.githubusercontent.com/adadtur/nvrd-sample/master/modified-shape-texture/bird-feathers_saxophone.png,modified/shape-texture,remove,20,plonwick,https://raw.githubusercontent.com/adadtur/nvrd-sample/master/modified-shape-texture/remove/bird-feathers_saxophone_20.png,1,2879,bird-feathers_saxophone,
202,Group 9,https://raw.githubusercontent.com/adadtur/nvrd-sample/master/known/bee.png,known,style,17,snavish,https://raw.githubusercontent.com/adadtur/nvrd-sample/master/known/style/bee_17.png,7,3544,bee,
202,Group 9,https://raw.githubusercontent.com/adadtur/nvrd-sample/master/novel/shape_24.png,novel,style,5,vraxel,https://raw.githubusercontent.com/adadtur/nvrd-sample/master/novel/style/shape_24_5.png,4,2446,shape_24,
202,Group 9,https://raw.githubusercontent.com/adadtur/nvrd-sample/master/known/dolphin.png,known,remove,8,thrimple,https://raw.githubusercontent.com/adadtur/nvrd-sample/master/known/remove/dolphin_8.png,1,1959,dolphin,
202,Group 9,https://raw.githubusercontent.com/adadtur/nvrd-sample/master/known/golden-retriever.png,,,,toma,https://raw.githubusercontent.com/adadtur/nvrd-sample/master/known/corkscrew.png,1,1415,attention_check_1,
202,Group 9,https://raw.githubusercontent.com/adadtur/nvrd-sample/master/novel/shape_11.png,novel,texture,17,scradge,https://raw.githubusercontent.com/adadtur/nvrd-sample/master/novel/texture/shape_11_17.png,4,2551,shape_11,
202,Group 9,https://raw.githubusercontent.com/adadtur/nvrd-sample/master/novel/shape_28.png,novel,remove,11,frostling,https://raw.githubusercontent.com/adadtur/nvrd-sample/master/novel/remove/shape_28_11.png,1,1399,shape_28,
202,Group 9,https://raw.githubusercontent.com/adadtur/nvrd-sample/master/modified-shape-shape/drone_dagger.png,modified/shape-shape,shape,14,zornett,https://raw.githubusercontent.com/adadtur/nvrd-sample/master/modified-shape-shape/shape/drone_dagger_14.png,1,1183,drone_dagger,
202,Group 9,https://raw.githubusercontent.com/adadtur/nvrd-sample/master/novel/shape_13.png,novel,color,2,wrimble,https://raw.githubusercontent.com/adadtur/nvrd-sample/master/novel/color/shape_13_2.png,7,1878,shape_13,
202,Group 9,https://raw.githubusercontent.com/adadtur/nvrd-sample/master/modified-shape-texture/checkerboard_tiger.png,modified/shape-texture,remove,19,clentrel,https://raw.githubusercontent.com/adadtur/nvrd-sample/master/modified-shape-texture/remove/checkerboard_tiger_19.png,7,1231,checkerboard_tiger,
202,Group 9,https://raw.githubusercontent.com/adadtur/nvrd-sample/master/modified-shape-texture/checkerboard_tiger.png,modified/shape-texture,background,5,clentrel,https://raw.githubusercontent.com/adadtur/nvrd-sample/master/modified-shape-texture/background/checkerboard_tiger_5.png,7,919,checkerboard_tiger,
202,Group 9,https://raw.githubusercontent.com/adadtur/nvrd-sample/master/known/horse.png,known,style,17,skelwick,https://raw.githubusercontent.com/adadtur/nvrd-sample/master/known/style/horse_17.png,7,1255,horse,
202,Group 9,https://raw.githubusercontent.com/adadtur/nvrd-sample/master/known/golden-retriever.png,known,shape,17,froatne,https://raw.githubusercontent.com/adadtur/nvrd-sample/master/known/shape/golden-retriever_17.png,4,2919,golden-retriever,
202,Group 9,https://raw.githubusercontent.com/adadtur/nvrd-sample/master/novel/shape_19.png,novel,remove,8,frentish,https://raw.githubusercontent.com/adadtur/nvrd-sample/master/novel/remove/shape_19_8.png,1,1679,shape_19,
202,Group 9,https://raw.githubusercontent.com/adadtur/nvrd-sample/master/modified-shape-shape/bonsai_crystal.png,modified/shape-shape,style,11,cravish,https://raw.githubusercontent.com/adadtur/nvrd-sample/master/modified-shape-shape/style/bonsai_crystal_11.png,4,2103,bonsai_crystal,
202,Group 9,https://raw.githubusercontent.com/adadtur/nvrd-sample/master/modified-shape-shape/crystal_telescope.png,modified/shape-shape,style,19,drublit,https://raw.githubusercontent.com/adadtur/nvrd-sample/master/modified-shape-shape/style/crystal_telescope_19.png,7,3911,crystal_telescope,
202,Group 9,https://raw.githubusercontent.com/adadtur/nvrd-sample/master/modified-shape-shape/drone_dagger.png,modified/shape-shape,color,19,zornett,https://raw.githubusercontent.com/adadtur/nvrd-sample/master/modified-shape-shape/color/drone_dagger_19.png,7,1415,drone_dagger,
202,Group 9,https://raw.githubusercontent.com/adadtur/nvrd-sample/master/novel/shape_11.png,novel,add,5,scradge,https://raw.githubusercontent.com/adadtur/nvrd-sample/master/novel/add/shape_11_5.png,4,2806,shape_11,
202,Group 9,https://raw.githubusercontent.com/adadtur/nvrd-sample/master/known/dolphin.png,,,,blick,https://raw.githubusercontent.com/adadtur/nvrd-sample/master/known/rabbit.png,1,1887,attention_check_2,
202,Group 9,https://raw.githubusercontent.com/adadtur/nvrd-sample/master/novel/shape_19.png,novel,background,8,frentish,https://raw.githubusercontent.com/adadtur/nvrd-sample/master/novel/background/shape_19_8.png,7,2359,shape_19,
202,Group 9,https://raw.githubusercontent.com/adadtur/nvrd-sample/master/known/horse.png,known,color,11,skelwick,https://raw.githubusercontent.com/adadtur/nvrd-sample/master/known/color/horse_11.png,7,830,horse,
202,Group 9,https://raw.githubusercontent.com/adadtur/nvrd-sample/master/known/bee.png,known,background,2,snavish,https://raw.githubusercontent.com/adadtur/nvrd-sample/master/known/background/bee_2.png,7,1407,bee,
202,Group 9,https://raw.githubusercontent.com/adadtur/nvrd-sample/master/novel/shape_28.png,novel,style,11,frostling,https://raw.githubusercontent.com/adadtur/nvrd-sample/master/novel/style/shape_28_11.png,1,1655,shape_28,
202,Group 9,https://raw.githubusercontent.com/adadtur/nvrd-sample/master/novel/shape_13.png,novel,texture,8,wrimble,https://raw.githubusercontent.com/adadtur/nvrd-sample/master/novel/texture/shape_13_8.png,7,1751,shape_13,
202,Group 9,https://raw.githubusercontent.com/adadtur/nvrd-sample/master/novel/shape_13.png,novel,background,2,wrimble,https://raw.githubusercontent.com/adadtur/nvrd-sample/master/novel/background/shape_13_2.png,7,735,shape_13,
202,Group 9,https://raw.githubusercontent.com/adadtur/nvrd-sample/master/novel/shape_19.png,novel,add,2,frentish,https://raw.githubusercontent.com/adadtur/nvrd-sample/master/novel/add/shape_19_2.png,7,1351,shape_19,
202,Group 9,https://raw.githubusercontent.com/adadtur/nvrd-sample/master/novel/shape_24.png,novel,shape,5,vraxel,https://raw.githubusercontent.com/adadtur/nvrd-sample/master/novel/shape/shape_24_5.png,4,2719,shape_24,
202,Group 9,https://raw.githubusercontent.com/adadtur/nvrd-sample/master/known/golden-retriever.png,known,texture,20,froatne,https://raw.githubusercontent.com/adadtur/nvrd-sample/master/known/texture/golden-retriever_20.png,7,1463,golden-retriever,
202,Group 9,https://raw.githubusercontent.com/adadtur/nvrd-sample/master/novel/shape_16.png,novel,style,19,sdrindle,https://raw.githubusercontent.com/adadtur/nvrd-sample/master/novel/style/shape_16_19.png,1,2151,shape_16,
202,Group 9,https://raw.githubusercontent.com/adadtur/nvrd-sample/master/modified-shape-texture/bird-feathers_saxophone.png,modified/shape-texture,texture,17,plonwick,https://raw.githubusercontent.com/adadtur/nvrd-sample/master/modified-shape-texture/texture/bird-feathers_saxophone_17.png,7,2655,bird-feathers_saxophone,
202,Group 9,https://raw.githubusercontent.com/adadtur/nvrd-sample/master/known/dolphin.png,known,background,2,thrimple,https://raw.githubusercontent.com/adadtur/nvrd-sample/master/known/background/dolphin_2.png,7,1319,dolphin,
202,Group 9,https://raw.githubusercontent.com/adadtur/nvrd-sample/master/modified-shape-texture/checkerboard_tv-remote.png,modified/shape-texture,background,5,grestle,https://raw.githubusercontent.com/adadtur/nvrd-sample/master/modified-shape-texture/background/checkerboard_tv-remote_5.png,7,1095,checkerboard_tv-remote,
202,Group 9,https://raw.githubusercontent.com/adadtur/nvrd-sample/master/known/rabbit.png,,,,pon,https://raw.githubusercontent.com/adadtur/nvrd-sample/master/known/corkscrew.png,1,1503,attention_check_3,
202,Group 9,https://raw.githubusercontent.com/adadtur/nvrd-sample/master/novel/shape_11.png,novel,shape,17,scradge,https://raw.githubusercontent.com/adadtur/nvrd-sample/master/novel/shape/shape_11_17.png,1,1519,shape_11,
202,Group 9,https://raw.githubusercontent.com/adadtur/nvrd-sample/master/novel/shape_16.png,novel,add,19,sdrindle,https://raw.githubusercontent.com/adadtur/nvrd-sample/master/novel/add/shape_16_19.png,1,1255,shape_16,
202,Group 9,https://raw.githubusercontent.com/adadtur/nvrd-sample/master/modified-shape-texture/bird-feathers_saxophone.png,modified/shape-texture,background,17,plonwick,https://raw.githubusercontent.com/adadtur/nvrd-sample/master/modified-shape-texture/background/bird-feathers_saxophone_17.png,7,1511,bird-feathers_saxophone,
202,Group 9,https://raw.githubusercontent.com/adadtur/nvrd-sample/master/novel/shape_24.png,novel,add,19,vraxel,https://raw.githubusercontent.com/adadtur/nvrd-sample/master/novel/add/shape_24_19.png,1,1599,shape_24,
202,Group 9,https://raw.githubusercontent.com/adadtur/nvrd-sample/master/known/rabbit.png,known,background,14,wrivlet,https://raw.githubusercontent.com/adadtur/nvrd-sample/master/known/background/rabbit_14.png,7,1407,rabbit,
202,Group 9,https://raw.githubusercontent.com/adadtur/nvrd-sample/master/modified-shape-texture/checkerboard_tv-remote.png,modified/shape-texture,add,20,grestle,https://raw.githubusercontent.com/adadtur/nvrd-sample/master/modified-shape-texture/add/checkerboard_tv-remote_20.png,4,2047,checkerboard_tv-remote,
202,Group 9,https://raw.githubusercontent.com/adadtur/nvrd-sample/master/novel/shape_13.png,novel,remove,2,wrimble,https://raw.githubusercontent.com/adadtur/nvrd-sample/master/novel/remove/shape_13_2.png,4,5231,shape_13,
202,Group 9,https://raw.githubusercontent.com/adadtur/nvrd-sample/master/modified-shape-texture/checkerboard_tiger.png,modified/shape-texture,remove,17,clentrel,https://raw.githubusercontent.com/adadtur/nvrd-sample/master/modified-shape-texture/remove/checkerboard_tiger_17.png,7,1263,checkerboard_tiger,
202,Group 9,https://raw.githubusercontent.com/adadtur/nvrd-sample/master/known/rabbit.png,known,background,20,wrivlet,https://raw.githubusercontent.com/adadtur/nvrd-sample/master/known/background/rabbit_20.png,7,1207,rabbit,
202,Group 9,https://raw.githubusercontent.com/adadtur/nvrd-sample/master/modified-shape-shape/bonsai_crystal.png,modified/shape-shape,color,19,cravish,https://raw.githubusercontent.com/adadtur/nvrd-sample/master/modified-shape-shape/color/bonsai_crystal_19.png,7,1215,bonsai_crystal,
202,Group 9,https://raw.githubusercontent.com/adadtur/nvrd-sample/master/modified-shape-shape/drone_dagger.png,modified/shape-shape,add,11,zornett,https://raw.githubusercontent.com/adadtur/nvrd-sample/master/modified-shape-shape/add/drone_dagger_11.png,4,2103,drone_dagger,
202,Group 9,https://raw.githubusercontent.com/adadtur/nvrd-sample/master/modified-shape-shape/crystal_telescope.png,modified/shape-shape,style,14,drublit,https://raw.githubusercontent.com/adadtur/nvrd-sample/master/modified-shape-shape/style/crystal_telescope_14.png,4,2463,crystal_telescope,
202,Group 9,https://raw.githubusercontent.com/adadtur/nvrd-sample/master/modified-shape-shape/bonsai_crystal.png,modified/shape-shape,texture,11,cravish,https://raw.githubusercontent.com/adadtur/nvrd-sample/master/modified-shape-shape/texture/bonsai_crystal_11.png,7,1551,bonsai_crystal,
202,Group 9,https://raw.githubusercontent.com/adadtur/nvrd-sample/master/known/corkscrew.png,,,,neb,https://raw.githubusercontent.com/adadtur/nvrd-sample/master/known/golden-retriever.png,1,1423,attention_check_4,
202,Group 9,https://raw.githubusercontent.com/adadtur/nvrd-sample/master/known/corkscrew.png,known,color,14,vorthling,https://raw.githubusercontent.com/adadtur/nvrd-sample/master/known/color/corkscrew_14.png,7,1543,corkscrew,
202,Group 9,https://raw.githubusercontent.com/adadtur/nvrd-sample/master/novel/shape_28.png,novel,texture,20,frostling,https://raw.githubusercontent.com/adadtur/nvrd-sample/master/novel/texture/shape_28_20.png,4,2047,shape_28,
202,Group 9,https://raw.githubusercontent.com/adadtur/nvrd-sample/master/known/bee.png,known,background,14,snavish,https://raw.githubusercontent.com/adadtur/nvrd-sample/master/known/background/bee_14.png,7,1415,bee,
202,Group 9,https://raw.githubusercontent.com/adadtur/nvrd-sample/master/novel/shape_19.png,novel,shape,17,frentish,https://raw.githubusercontent.com/adadtur/nvrd-sample/master/novel/shape/shape_19_17.png,4,3015,shape_19,
202,Group 9,https://raw.githubusercontent.com/adadtur/nvrd-sample/master/modified-shape-texture/checkerboard_tv-remote.png,modified/shape-texture,add,2,grestle,https://raw.githubusercontent.com/adadtur/nvrd-sample/master/modified-shape-texture/add/checkerboard_tv-remote_2.png,4,1439,checkerboard_tv-remote,
202,Group 9,https://raw.githubusercontent.com/adadtur/nvrd-sample/master/modified-shape-texture/bird-feathers_saxophone.png,modified/shape-texture,shape,2,plonwick,https://raw.githubusercontent.com/adadtur/nvrd-sample/master/modified-shape-texture/shape/bird-feathers_saxophone_2.png,7,2167,bird-feathers_saxophone,
202,Group 9,https://raw.githubusercontent.com/adadtur/nvrd-sample/master/modified-shape-shape/crystal_telescope.png,modified/shape-shape,color,17,drublit,https://raw.githubusercontent.com/adadtur/nvrd-sample/master/modified-shape-shape/color/crystal_telescope_17.png,7,1287,crystal_telescope,
202,Group 9,https://raw.githubusercontent.com/adadtur/nvrd-sample/master/known/bee.png,known,texture,14,snavish,https://raw.githubusercontent.com/adadtur/nvrd-sample/master/known/texture/bee_14.png,7,831,bee,
202,Group 9,https://raw.githubusercontent.com/adadtur/nvrd-sample/master/known/rabbit.png,known,style,11,wrivlet,https://raw.githubusercontent.com/adadtur/nvrd-sample/master/known/style/rabbit_11.png,4,1783,rabbit,
202,Group 9,https://raw.githubusercontent.com/adadtur/nvrd-sample/master/novel/shape_28.png,novel,color,20,frostling,https://raw.githubusercontent.com/adadtur/nvrd-sample/master/novel/color/shape_28_20.png,7,1399,shape_28,
202,Group 9,https://raw.githubusercontent.com/adadtur/nvrd-sample/master/novel/shape_11.png,novel,shape,20,scradge,https://raw.githubusercontent.com/adadtur/nvrd-sample/master/novel/shape/shape_11_20.png,1,2159,shape_11,
202,Group 9,https://raw.githubusercontent.com/adadtur/nvrd-sample/master/known/golden-retriever.png,known,texture,8,froatne,https://raw.githubusercontent.com/adadtur/nvrd-sample/master/known/texture/golden-retriever_8.png,7,1407,golden-retriever,
202,Group 9,https://raw.githubusercontent.com/adadtur/nvrd-sample/master/known/dolphin.png,,,,rav,https://raw.githubusercontent.com/adadtur/nvrd-sample/master/known/rabbit.png,1,1640,attention_check_5,
202,Group 9,https://raw.githubusercontent.com/adadtur/nvrd-sample/master/modified-shape-texture/bird-feathers_saxophone.png,modified/shape-texture,add,8,plonwick,https://raw.githubusercontent.com/adadtur/nvrd-sample/master/modified-shape-texture/add/bird-feathers_saxophone_8.png,7,1543,bird-feathers_saxophone,
202,Group 9,https://raw.githubusercontent.com/adadtur/nvrd-sample/master/modified-shape-texture/bird-feathers_saxophone.png,modified/shape-texture,remove,17,plonwick,https://raw.githubusercontent.com/adadtur/nvrd-sample/master/modified-shape-texture/remove/bird-feathers_saxophone_17.png,1,2999,bird-feathers_saxophone,
202,Group 9,https://raw.githubusercontent.com/adadtur/nvrd-sample/master/known/bee.png,known,shape,14,snavish,https://raw.githubusercontent.com/adadtur/nvrd-sample/master/known/shape/bee_14.png,7,1175,bee,
202,Group 9,https://raw.githubusercontent.com/adadtur/nvrd-sample/master/known/dolphin.png,known,texture,11,thrimple,https://raw.githubusercontent.com/adadtur/nvrd-sample/master/known/texture/dolphin_11.png,7,1055,dolphin,
202,Group 9,https://raw.githubusercontent.com/adadtur/nvrd-sample/master/novel/shape_19.png,novel,shape,14,frentish,https://raw.githubusercontent.com/adadtur/nvrd-sample/master/novel/shape/shape_19_14.png,4,2727,shape_19,
202,Group 9,https://raw.githubusercontent.com/adadtur/nvrd-sample/master/novel/shape_19.png,novel,texture,8,frentish,https://raw.githubusercontent.com/adadtur/nvrd-sample/master/novel/texture/shape_19_8.png,7,2375,shape_19,
202,Group 9,https://raw.githubusercontent.com/adadtur/nvrd-sample/master/known/rabbit.png,known,color,14,wrivlet,https://raw.githubusercontent.com/adadtur/nvrd-sample/master/known/color/rabbit_14.png,7,879,rabbit,
202,Group 9,https://raw.githubusercontent.com/adadtur/nvrd-sample/master/known/rabbit.png,known,add,19,wrivlet,https://raw.githubusercontent.com/adadtur/nvrd-sample/master/known/add/rabbit_19.png,4,1959,rabbit,
202,Group 9,https://raw.githubusercontent.com/adadtur/nvrd-sample/master/novel/shape_19.png,novel,background,20,frentish,https://raw.githubusercontent.com/adadtur/nvrd-sample/master/novel/background/shape_19_20.png,7,2063,shape_19,
202,Group 9,https://raw.githubusercontent.com/adadtur/nvrd-sample/master/modified-shape-shape/crystal_telescope.png,modified/shape-shape,add,20,drublit,https://raw.githubusercontent.com/adadtur/nvrd-sample/master/modified-shape-shape/add/crystal_telescope_20.png,4,2575,crystal_telescope,
202,Group 9,https://raw.githubusercontent.com/adadtur/nvrd-sample/master/novel/shape_28.png,novel,shape,8,frostling,https://raw.githubusercontent.com/adadtur/nvrd-sample/master/novel/shape/shape_28_8.png,4,1255,shape_28,
202,Group 9,https://raw.githubusercontent.com/adadtur/nvrd-sample/master/modified-shape-shape/crystal_telescope.png,modified/shape-shape,color,2,drublit,https://raw.githubusercontent.com/adadtur/nvrd-sample/master/modified-shape-shape/color/crystal_telescope_2.png,7,2039,crystal_telescope,
202,Group 9,,,,,,,,7251,,
196,Group 9,,,,,,,,,,
196,Group 9,,,,,,,,10505,,
196,Group 9,,,,,,,,19031,,
196,Group 9,,,,,,,7,9328,,
196,Group 9,,,,,,,3,11488,,
196,Group 9,,,,,,,,4505,,
196,Group 9,,,,,,,1,1406,,
196,Group 9,,,,,,,5,8193,,
196,Group 9,,,,,,,,3235,,
196,Group 9,https://raw.githubusercontent.com/adadtur/nvrd-sample/master/novel/shape_19.png,novel,shape,17,frentish,https://raw.githubusercontent.com/adadtur/nvrd-sample/master/novel/shape/shape_19_17.png,5,11186,shape_19,
196,Group 9,https://raw.githubusercontent.com/adadtur/nvrd-sample/master/known/dolphin.png,known,remove,8,thrimple,https://raw.githubusercontent.com/adadtur/nvrd-sample/master/known/remove/dolphin_8.png,1,8349,dolphin,
196,Group 9,https://raw.githubusercontent.com/adadtur/nvrd-sample/master/known/horse.png,known,color,8,skelwick,https://raw.githubusercontent.com/adadtur/nvrd-sample/master/known/color/horse_8.png,6,7099,horse,
196,Group 9,https://raw.githubusercontent.com/adadtur/nvrd-sample/master/modified-shape-texture/checkerboard_tiger.png,modified/shape-texture,remove,17,clentrel,https://raw.githubusercontent.com/adadtur/nvrd-sample/master/modified-shape-texture/remove/checkerboard_tiger_17.png,6,4787,checkerboard_tiger,
196,Group 9,https://raw.githubusercontent.com/adadtur/nvrd-sample/master/known/rabbit.png,known,style,11,wrivlet,https://raw.githubusercontent.com/adadtur/nvrd-sample/master/known/style/rabbit_11.png,6,3225,rabbit,
196,Group 9,https://raw.githubusercontent.com/adadtur/nvrd-sample/master/novel/shape_11.png,novel,shape,20,scradge,https://raw.githubusercontent.com/adadtur/nvrd-sample/master/novel/shape/shape_11_20.png,1,9290,shape_11,
196,Group 9,https://raw.githubusercontent.com/adadtur/nvrd-sample/master/modified-shape-texture/checkerboard_tv-remote.png,modified/shape-texture,background,5,grestle,https://raw.githubusercontent.com/adadtur/nvrd-sample/master/modified-shape-texture/background/checkerboard_tv-remote_5.png,6,10731,checkerboard_tv-remote,
196,Group 9,https://raw.githubusercontent.com/adadtur/nvrd-sample/master/modified-shape-texture/checkerboard_tv-remote.png,modified/shape-texture,add,2,grestle,https://raw.githubusercontent.com/adadtur/nvrd-sample/master/modified-shape-texture/add/checkerboard_tv-remote_2.png,4,5419,checkerboard_tv-remote,
196,Group 9,https://raw.githubusercontent.com/adadtur/nvrd-sample/master/known/golden-retriever.png,known,texture,20,froatne,https://raw.githubusercontent.com/adadtur/nvrd-sample/master/known/texture/golden-retriever_20.png,4,9856,golden-retriever,
196,Group 9,https://raw.githubusercontent.com/adadtur/nvrd-sample/master/novel/shape_13.png,novel,remove,2,wrimble,https://raw.githubusercontent.com/adadtur/nvrd-sample/master/novel/remove/shape_13_2.png,5,8740,shape_13,
196,Group 9,https://raw.githubusercontent.com/adadtur/nvrd-sample/master/novel/shape_28.png,novel,texture,20,frostling,https://raw.githubusercontent.com/adadtur/nvrd-sample/master/novel/texture/shape_28_20.png,5,4575,shape_28,
196,Group 9,https://raw.githubusercontent.com/adadtur/nvrd-sample/master/modified-shape-shape/bonsai_crystal.png,modified/shape-shape,style,11,cravish,https://raw.githubusercontent.com/adadtur/nvrd-sample/master/modified-shape-shape/style/bonsai_crystal_11.png,5,5061,bonsai_crystal,
196,Group 9,https://raw.githubusercontent.com/adadtur/nvrd-sample/master/modified-shape-shape/drone_dagger.png,modified/shape-shape,color,19,zornett,https://raw.githubusercontent.com/adadtur/nvrd-sample/master/modified-shape-shape/color/drone_dagger_19.png,6,4902,drone_dagger,
196,Group 9,https://raw.githubusercontent.com/adadtur/nvrd-sample/master/known/golden-retriever.png,,,,toma,https://raw.githubusercontent.com/adadtur/nvrd-sample/master/known/corkscrew.png,1,2786,attention_check_1,
196,Group 9,https://raw.githubusercontent.com/adadtur/nvrd-sample/master/modified-shape-texture/bird-feathers_saxophone.png,modified/shape-texture,remove,17,plonwick,https://raw.githubusercontent.com/adadtur/nvrd-sample/master/modified-shape-texture/remove/bird-feathers_saxophone_17.png,1,2805,bird-feathers_saxophone,
196,Group 9,https://raw.githubusercontent.com/adadtur/nvrd-sample/master/modified-shape-texture/bird-feathers_saxophone.png,modified/shape-texture,shape,2,plonwick,https://raw.githubusercontent.com/adadtur/nvrd-sample/master/modified-shape-texture/shape/bird-feathers_saxophone_2.png,5,7442,bird-feathers_saxophone,
196,Group 9,https://raw.githubusercontent.com/adadtur/nvrd-sample/master/modified-shape-texture/bird-feathers_saxophone.png,modified/shape-texture,add,8,plonwick,https://raw.githubusercontent.com/adadtur/nvrd-sample/master/modified-shape-texture/add/bird-feathers_saxophone_8.png,5,6840,bird-feathers_saxophone,
196,Group 9,https://raw.githubusercontent.com/adadtur/nvrd-sample/master/known/bee.png,known,style,17,snavish,https://raw.githubusercontent.com/adadtur/nvrd-sample/master/known/style/bee_17.png,6,5571,bee,
196,Group 9,https://raw.githubusercontent.com/adadtur/nvrd-sample/master/modified-shape-shape/crystal_telescope.png,modified/shape-shape,color,2,drublit,https://raw.githubusercontent.com/adadtur/nvrd-sample/master/modified-shape-shape/color/crystal_telescope_2.png,7,4082,crystal_telescope,
196,Group 9,https://raw.githubusercontent.com/adadtur/nvrd-sample/master/novel/shape_11.png,novel,shape,17,scradge,https://raw.githubusercontent.com/adadtur/nvrd-sample/master/novel/shape/shape_11_17.png,2,4456,shape_11,
196,Group 9,https://raw.githubusercontent.com/adadtur/nvrd-sample/master/novel/shape_19.png,novel,background,8,frentish,https://raw.githubusercontent.com/adadtur/nvrd-sample/master/novel/background/shape_19_8.png,6,3434,shape_19,
196,Group 9,https://raw.githubusercontent.com/adadtur/nvrd-sample/master/modified-shape-texture/checkerboard_tiger.png,modified/shape-texture,remove,19,clentrel,https://raw.githubusercontent.com/adadtur/nvrd-sample/master/modified-shape-texture/remove/checkerboard_tiger_19.png,3,9074,checkerboard_tiger,
196,Group 9,https://raw.githubusercontent.com/adadtur/nvrd-sample/master/known/bee.png,known,background,2,snavish,https://raw.githubusercontent.com/adadtur/nvrd-sample/master/known/background/bee_2.png,6,3959,bee,
196,Group 9,https://raw.githubusercontent.com/adadtur/nvrd-sample/master/modified-shape-texture/bird-feathers_saxophone.png,modified/shape-texture,background,17,plonwick,https://raw.githubusercontent.com/adadtur/nvrd-sample/master/modified-shape-texture/background/bird-feathers_saxophone_17.png,6,3203,bird-feathers_saxophone,
196,Group 9,https://raw.githubusercontent.com/adadtur/nvrd-sample/master/modified-shape-texture/checkerboard_tv-remote.png,modified/shape-texture,add,20,grestle,https://raw.githubusercontent.com/adadtur/nvrd-sample/master/modified-shape-texture/add/checkerboard_tv-remote_20.png,3,3961,checkerboard_tv-remote,
196,Group 9,https://raw.githubusercontent.com/adadtur/nvrd-sample/master/modified-shape-texture/checkerboard_tiger.png,modified/shape-texture,shape,19,clentrel,https://raw.githubusercontent.com/adadtur/nvrd-sample/master/modified-shape-texture/shape/checkerboard_tiger_19.png,6,11149,checkerboard_tiger,
196,Group 9,https://raw.githubusercontent.com/adadtur/nvrd-sample/master/novel/shape_19.png,novel,background,20,frentish,https://raw.githubusercontent.com/adadtur/nvrd-sample/master/novel/background/shape_19_20.png,6,2946,shape_19,
196,Group 9,https://raw.githubusercontent.com/adadtur/nvrd-sample/master/known/dolphin.png,,,,blick,https://raw.githubusercontent.com/adadtur/nvrd-sample/master/known/rabbit.png,1,1632,attention_check_2,
196,Group 9,https://raw.githubusercontent.com/adadtur/nvrd-sample/master/novel/shape_11.png,novel,add,5,scradge,https://raw.githubusercontent.com/adadtur/nvrd-sample/master/novel/add/shape_11_5.png,5,5269,shape_11,
196,Group 9,https://raw.githubusercontent.com/adadtur/nvrd-sample/master/novel/shape_19.png,novel,shape,14,frentish,https://raw.githubusercontent.com/adadtur/nvrd-sample/master/novel/shape/shape_19_14.png,5,1873,shape_19,
196,Group 9,https://raw.githubusercontent.com/adadtur/nvrd-sample/master/known/dolphin.png,known,background,2,thrimple,https://raw.githubusercontent.com/adadtur/nvrd-sample/master/known/background/dolphin_2.png,6,5125,dolphin,
196,Group 9,https://raw.githubusercontent.com/adadtur/nvrd-sample/master/known/rabbit.png,known,color,14,wrivlet,https://raw.githubusercontent.com/adadtur/nvrd-sample/master/known/color/rabbit_14.png,6,2101,rabbit,
196,Group 9,https://raw.githubusercontent.com/adadtur/nvrd-sample/master/modified-shape-shape/bonsai_crystal.png,modified/shape-shape,remove,2,cravish,https://raw.githubusercontent.com/adadtur/nvrd-sample/master/modified-shape-shape/remove/bonsai_crystal_2.png,6,2202,bonsai_crystal,
196,Group 9,https://raw.githubusercontent.com/adadtur/nvrd-sample/master/known/golden-retriever.png,known,shape,17,froatne,https://raw.githubusercontent.com/adadtur/nvrd-sample/master/known/shape/golden-retriever_17.png,3,9409,golden-retriever,
196,Group 9,https://raw.githubusercontent.com/adadtur/nvrd-sample/master/known/rabbit.png,known,background,14,wrivlet,https://raw.githubusercontent.com/adadtur/nvrd-sample/master/known/background/rabbit_14.png,6,3538,rabbit,
196,Group 9,https://raw.githubusercontent.com/adadtur/nvrd-sample/master/novel/shape_28.png,novel,shape,8,frostling,https://raw.githubusercontent.com/adadtur/nvrd-sample/master/novel/shape/shape_28_8.png,5,6860,shape_28,
196,Group 9,https://raw.githubusercontent.com/adadtur/nvrd-sample/master/modified-shape-shape/crystal_telescope.png,modified/shape-shape,style,19,drublit,https://raw.githubusercontent.com/adadtur/nvrd-sample/master/modified-shape-shape/style/crystal_telescope_19.png,5,5404,crystal_telescope,
196,Group 9,https://raw.githubusercontent.com/adadtur/nvrd-sample/master/novel/shape_24.png,novel,style,5,vraxel,https://raw.githubusercontent.com/adadtur/nvrd-sample/master/novel/style/shape_24_5.png,6,3955,shape_24,
196,Group 9,https://raw.githubusercontent.com/adadtur/nvrd-sample/master/novel/shape_19.png,novel,add,2,frentish,https://raw.githubusercontent.com/adadtur/nvrd-sample/master/novel/add/shape_19_2.png,6,5793,shape_19,
196,Group 9,https://raw.githubusercontent.com/adadtur/nvrd-sample/master/known/rabbit.png,known,background,20,wrivlet,https://raw.githubusercontent.com/adadtur/nvrd-sample/master/known/background/rabbit_20.png,6,2470,rabbit,
196,Group 9,https://raw.githubusercontent.com/adadtur/nvrd-sample/master/known/bee.png,known,shape,14,snavish,https://raw.githubusercontent.com/adadtur/nvrd-sample/master/known/shape/bee_14.png,6,1495,bee,
196,Group 9,https://raw.githubusercontent.com/adadtur/nvrd-sample/master/known/rabbit.png,,,,pon,https://raw.githubusercontent.com/adadtur/nvrd-sample/master/known/corkscrew.png,1,1715,attention_check_3,
196,Group 9,https://raw.githubusercontent.com/adadtur/nvrd-sample/master/novel/shape_28.png,novel,style,11,frostling,https://raw.githubusercontent.com/adadtur/nvrd-sample/master/novel/style/shape_28_11.png,5,3953,shape_28,
196,Group 9,https://raw.githubusercontent.com/adadtur/nvrd-sample/master/novel/shape_19.png,novel,remove,8,frentish,https://raw.githubusercontent.com/adadtur/nvrd-sample/master/novel/remove/shape_19_8.png,2,3392,shape_19,
196,Group 9,https://raw.githubusercontent.com/adadtur/nvrd-sample/master/novel/shape_28.png,novel,remove,20,frostling,https://raw.githubusercontent.com/adadtur/nvrd-sample/master/novel/remove/shape_28_20.png,2,5636,shape_28,
196,Group 9,https://raw.githubusercontent.com/adadtur/nvrd-sample/master/novel/shape_11.png,novel,texture,17,scradge,https://raw.githubusercontent.com/adadtur/nvrd-sample/master/novel/texture/shape_11_17.png,4,6488,shape_11,
196,Group 9,https://raw.githubusercontent.com/adadtur/nvrd-sample/master/known/horse.png,known,color,11,skelwick,https://raw.githubusercontent.com/adadtur/nvrd-sample/master/known/color/horse_11.png,5,3322,horse,
196,Group 9,https://raw.githubusercontent.com/adadtur/nvrd-sample/master/known/bee.png,known,texture,14,snavish,https://raw.githubusercontent.com/adadtur/nvrd-sample/master/known/texture/bee_14.png,4,6947,bee,
196,Group 9,https://raw.githubusercontent.com/adadtur/nvrd-sample/master/modified-shape-shape/drone_dagger.png,modified/shape-shape,add,2,zornett,https://raw.githubusercontent.com/adadtur/nvrd-sample/master/modified-shape-shape/add/drone_dagger_2.png,4,5333,drone_dagger,
196,Group 9,https://raw.githubusercontent.com/adadtur/nvrd-sample/master/modified-shape-shape/bonsai_crystal.png,modified/shape-shape,texture,5,cravish,https://raw.githubusercontent.com/adadtur/nvrd-sample/master/modified-shape-shape/texture/bonsai_crystal_5.png,5,3274,bonsai_crystal,
196,Group 9,https://raw.githubusercontent.com/adadtur/nvrd-sample/master/novel/shape_13.png,novel,color,2,wrimble,https://raw.githubusercontent.com/adadtur/nvrd-sample/master/novel/color/shape_13_2.png,6,3284,shape_13,
196,Group 9,https://raw.githubusercontent.com/adadtur/nvrd-sample/master/modified-shape-texture/bird-feathers_saxophone.png,modified/shape-texture,texture,17,plonwick,https://raw.githubusercontent.com/adadtur/nvrd-sample/master/modified-shape-texture/texture/bird-feathers_saxophone_17.png,5,2813,bird-feathers_saxophone,
196,Group 9,https://raw.githubusercontent.com/adadtur/nvrd-sample/master/known/golden-retriever.png,known,style,14,froatne,https://raw.githubusercontent.com/adadtur/nvrd-sample/master/known/style/golden-retriever_14.png,5,4396,golden-retriever,
196,Group 9,https://raw.githubusercontent.com/adadtur/nvrd-sample/master/modified-shape-shape/drone_dagger.png,modified/shape-shape,shape,14,zornett,https://raw.githubusercontent.com/adadtur/nvrd-sample/master/modified-shape-shape/shape/drone_dagger_14.png,2,2082,drone_dagger,
196,Group 9,https://raw.githubusercontent.com/adadtur/nvrd-sample/master/novel/shape_13.png,novel,texture,8,wrimble,https://raw.githubusercontent.com/adadtur/nvrd-sample/master/novel/texture/shape_13_8.png,4,11579,shape_13,
196,Group 9,https://raw.githubusercontent.com/adadtur/nvrd-sample/master/known/corkscrew.png,,,,neb,https://raw.githubusercontent.com/adadtur/nvrd-sample/master/known/golden-retriever.png,1,3585,attention_check_4,
196,Group 9,https://raw.githubusercontent.com/adadtur/nvrd-sample/master/known/dolphin.png,known,color,11,thrimple,https://raw.githubusercontent.com/adadtur/nvrd-sample/master/known/color/dolphin_11.png,5,2613,dolphin,
196,Group 9,https://raw.githubusercontent.com/adadtur/nvrd-sample/master/known/corkscrew.png,known,color,14,vorthling,https://raw.githubusercontent.com/adadtur/nvrd-sample/master/known/color/corkscrew_14.png,5,3077,corkscrew,
196,Group 9,https://raw.githubusercontent.com/adadtur/nvrd-sample/master/modified-shape-texture/checkerboard_tiger.png,modified/shape-texture,background,5,clentrel,https://raw.githubusercontent.com/adadtur/nvrd-sample/master/modified-shape-texture/background/checkerboard_tiger_5.png,6,5158,checkerboard_tiger,
196,Group 9,https://raw.githubusercontent.com/adadtur/nvrd-sample/master/novel/shape_13.png,novel,background,2,wrimble,https://raw.githubusercontent.com/adadtur/nvrd-sample/master/novel/background/shape_13_2.png,6,4277,shape_13,
196,Group 9,https://raw.githubusercontent.com/adadtur/nvrd-sample/master/known/rabbit.png,known,add,19,wrivlet,https://raw.githubusercontent.com/adadtur/nvrd-sample/master/known/add/rabbit_19.png,2,4258,rabbit,
196,Group 9,https://raw.githubusercontent.com/adadtur/nvrd-sample/master/novel/shape_24.png,novel,add,19,vraxel,https://raw.githubusercontent.com/adadtur/nvrd-sample/master/novel/add/shape_24_19.png,3,7749,shape_24,
196,Group 9,https://raw.githubusercontent.com/adadtur/nvrd-sample/master/known/bee.png,known,background,14,snavish,https://raw.githubusercontent.com/adadtur/nvrd-sample/master/known/background/bee_14.png,5,4227,bee,
196,Group 9,https://raw.githubusercontent.com/adadtur/nvrd-sample/master/known/horse.png,known,style,8,skelwick,https://raw.githubusercontent.com/adadtur/nvrd-sample/master/known/style/horse_8.png,5,1492,horse,
196,Group 9,https://raw.githubusercontent.com/adadtur/nvrd-sample/master/modified-shape-shape/crystal_telescope.png,modified/shape-shape,add,20,drublit,https://raw.githubusercontent.com/adadtur/nvrd-sample/master/modified-shape-shape/add/crystal_telescope_20.png,3,4072,crystal_telescope,
196,Group 9,https://raw.githubusercontent.com/adadtur/nvrd-sample/master/modified-shape-texture/bird-feathers_saxophone.png,modified/shape-texture,remove,20,plonwick,https://raw.githubusercontent.com/adadtur/nvrd-sample/master/modified-shape-texture/remove/bird-feathers_saxophone_20.png,4,5136,bird-feathers_saxophone,
196,Group 9,https://raw.githubusercontent.com/adadtur/nvrd-sample/master/modified-shape-shape/crystal_telescope.png,modified/shape-shape,color,17,drublit,https://raw.githubusercontent.com/adadtur/nvrd-sample/master/modified-shape-shape/color/crystal_telescope_17.png,5,3971,crystal_telescope,
196,Group 9,https://raw.githubusercontent.com/adadtur/nvrd-sample/master/novel/shape_24.png,novel,shape,5,vraxel,https://raw.githubusercontent.com/adadtur/nvrd-sample/master/novel/shape/shape_24_5.png,5,3672,shape_24,
196,Group 9,https://raw.githubusercontent.com/adadtur/nvrd-sample/master/known/dolphin.png,,,,rav,https://raw.githubusercontent.com/adadtur/nvrd-sample/master/known/rabbit.png,1,1640,attention_check_5,
196,Group 9,https://raw.githubusercontent.com/adadtur/nvrd-sample/master/novel/shape_28.png,novel,remove,11,frostling,https://raw.githubusercontent.com/adadtur/nvrd-sample/master/novel/remove/shape_28_11.png,2,2010,shape_28,
196,Group 9,https://raw.githubusercontent.com/adadtur/nvrd-sample/master/known/dolphin.png,known,texture,11,thrimple,https://raw.githubusercontent.com/adadtur/nvrd-sample/master/known/texture/dolphin_11.png,3,4380,dolphin,
196,Group 9,https://raw.githubusercontent.com/adadtur/nvrd-sample/master/modified-shape-shape/bonsai_crystal.png,modified/shape-shape,texture,11,cravish,https://raw.githubusercontent.com/adadtur/nvrd-sample/master/modified-shape-shape/texture/bonsai_crystal_11.png,4,3583,bonsai_crystal,
196,Group 9,https://raw.githubusercontent.com/adadtur/nvrd-sample/master/modified-shape-shape/crystal_telescope.png,modified/shape-shape,style,14,drublit,https://raw.githubusercontent.com/adadtur/nvrd-sample/master/modified-shape-shape/style/crystal_telescope_14.png,5,3286,crystal_telescope,
196,Group 9,https://raw.githubusercontent.com/adadtur/nvrd-sample/master/modified-shape-shape/drone_dagger.png,modified/shape-shape,add,11,zornett,https://raw.githubusercontent.com/adadtur/nvrd-sample/master/modified-shape-shape/add/drone_dagger_11.png,5,2013,drone_dagger,
196,Group 9,https://raw.githubusercontent.com/adadtur/nvrd-sample/master/known/horse.png,known,style,17,skelwick,https://raw.githubusercontent.com/adadtur/nvrd-sample/master/known/style/horse_17.png,5,1483,horse,
196,Group 9,https://raw.githubusercontent.com/adadtur/nvrd-sample/master/modified-shape-shape/bonsai_crystal.png,modified/shape-shape,color,19,cravish,https://raw.githubusercontent.com/adadtur/nvrd-sample/master/modified-shape-shape/color/bonsai_crystal_19.png,5,2029,bonsai_crystal,
196,Group 9,https://raw.githubusercontent.com/adadtur/nvrd-sample/master/novel/shape_16.png,novel,style,19,sdrindle,https://raw.githubusercontent.com/adadtur/nvrd-sample/master/novel/style/shape_16_19.png,4,5511,shape_16,
196,Group 9,https://raw.githubusercontent.com/adadtur/nvrd-sample/master/known/golden-retriever.png,known,texture,8,froatne,https://raw.githubusercontent.com/adadtur/nvrd-sample/master/known/texture/golden-retriever_8.png,5,2681,golden-retriever,
196,Group 9,https://raw.githubusercontent.com/adadtur/nvrd-sample/master/novel/shape_28.png,novel,color,20,frostling,https://raw.githubusercontent.com/adadtur/nvrd-sample/master/novel/color/shape_28_20.png,5,1482,shape_28,
196,Group 9,https://raw.githubusercontent.com/adadtur/nvrd-sample/master/novel/shape_16.png,novel,add,19,sdrindle,https://raw.githubusercontent.com/adadtur/nvrd-sample/master/novel/add/shape_16_19.png,3,9051,shape_16,
196,Group 9,https://raw.githubusercontent.com/adadtur/nvrd-sample/master/novel/shape_19.png,novel,texture,8,frentish,https://raw.githubusercontent.com/adadtur/nvrd-sample/master/novel/texture/shape_19_8.png,4,3233,shape_19,
196,Group 9,,,,,,,,4468,,
190,Group 9,,,,,,,,,,
190,Group 9,,,,,,,,46786,,
190,Group 9,,,,,,,,17436,,
190,Group 9,,,,,,,7,9495,,
190,Group 9,,,,,,,1,3222,,
190,Group 9,,,,,,,5,4599,,
190,Group 9,,,,,,,,2327,,
190,Group 9,https://raw.githubusercontent.com/adadtur/nvrd-sample/master/modified-shape-shape/crystal_telescope.png,modified/shape-shape,style,19,drublit,https://raw.githubusercontent.com/adadtur/nvrd-sample/master/modified-shape-shape/style/crystal_telescope_19.png,5,7143,crystal_telescope,
190,Group 9,https://raw.githubusercontent.com/adadtur/nvrd-sample/master/novel/shape_19.png,novel,shape,14,frentish,https://raw.githubusercontent.com/adadtur/nvrd-sample/master/novel/shape/shape_19_14.png,5,5255,shape_19,
190,Group 9,https://raw.githubusercontent.com/adadtur/nvrd-sample/master/known/dolphin.png,known,color,11,thrimple,https://raw.githubusercontent.com/adadtur/nvrd-sample/master/known/color/dolphin_11.png,6,2382,dolphin,
190,Group 9,https://raw.githubusercontent.com/adadtur/nvrd-sample/master/modified-shape-texture/bird-feathers_saxophone.png,modified/shape-texture,remove,17,plonwick,https://raw.githubusercontent.com/adadtur/nvrd-sample/master/modified-shape-texture/remove/bird-feathers_saxophone_17.png,1,1559,bird-feathers_saxophone,
190,Group 9,https://raw.githubusercontent.com/adadtur/nvrd-sample/master/novel/shape_28.png,novel,shape,8,frostling,https://raw.githubusercontent.com/adadtur/nvrd-sample/master/novel/shape/shape_28_8.png,4,5783,shape_28,
190,Group 9,https://raw.githubusercontent.com/adadtur/nvrd-sample/master/known/dolphin.png,known,texture,11,thrimple,https://raw.githubusercontent.com/adadtur/nvrd-sample/master/known/texture/dolphin_11.png,5,4951,dolphin,
190,Group 9,https://raw.githubusercontent.com/adadtur/nvrd-sample/master/novel/shape_13.png,novel,texture,8,wrimble,https://raw.githubusercontent.com/adadtur/nvrd-sample/master/novel/texture/shape_13_8.png,6,2143,shape_13,
190,Group 9,https://raw.githubusercontent.com/adadtur/nvrd-sample/master/modified-shape-texture/bird-feathers_saxophone.png,modified/shape-texture,shape,2,plonwick,https://raw.githubusercontent.com/adadtur/nvrd-sample/master/modified-shape-texture/shape/bird-feathers_saxophone_2.png,5,5007,bird-feathers_saxophone,
190,Group 9,https://raw.githubusercontent.com/adadtur/nvrd-sample/master/known/golden-retriever.png,known,style,14,froatne,https://raw.githubusercontent.com/adadtur/nvrd-sample/master/known/style/golden-retriever_14.png,2,2808,golden-retriever,
190,Group 9,https://raw.githubusercontent.com/adadtur/nvrd-sample/master/modified-shape-texture/bird-feathers_saxophone.png,modified/shape-texture,add,8,plonwick,https://raw.githubusercontent.com/adadtur/nvrd-sample/master/modified-shape-texture/add/bird-feathers_saxophone_8.png,5,1535,bird-feathers_saxophone,
190,Group 9,https://raw.githubusercontent.com/adadtur/nvrd-sample/master/known/rabbit.png,known,add,19,wrivlet,https://raw.githubusercontent.com/adadtur/nvrd-sample/master/known/add/rabbit_19.png,5,1951,rabbit,
190,Group 9,https://raw.githubusercontent.com/adadtur/nvrd-sample/master/novel/shape_19.png,novel,remove,8,frentish,https://raw.githubusercontent.com/adadtur/nvrd-sample/master/novel/remove/shape_19_8.png,1,1951,shape_19,
190,Group 9,https://raw.githubusercontent.com/adadtur/nvrd-sample/master/known/rabbit.png,known,color,14,wrivlet,https://raw.githubusercontent.com/adadtur/nvrd-sample/master/known/color/rabbit_14.png,5,3575,rabbit,
190,Group 9,https://raw.githubusercontent.com/adadtur/nvrd-sample/master/known/golden-retriever.png,,,,toma,https://raw.githubusercontent.com/adadtur/nvrd-sample/master/known/corkscrew.png,1,1135,attention_check_1,
190,Group 9,https://raw.githubusercontent.com/adadtur/nvrd-sample/master/modified-shape-shape/bonsai_crystal.png,modified/shape-shape,style,11,cravish,https://raw.githubusercontent.com/adadtur/nvrd-sample/master/modified-shape-shape/style/bonsai_crystal_11.png,5,2151,bonsai_crystal,
190,Group 9,https://raw.githubusercontent.com/adadtur/nvrd-sample/master/modified-shape-texture/bird-feathers_saxophone.png,modified/shape-texture,background,17,plonwick,https://raw.githubusercontent.com/adadtur/nvrd-sample/master/modified-shape-texture/background/bird-feathers_saxophone_17.png,6,3263,bird-feathers_saxophone,
190,Group 9,https://raw.githubusercontent.com/adadtur/nvrd-sample/master/novel/shape_13.png,novel,remove,2,wrimble,https://raw.githubusercontent.com/adadtur/nvrd-sample/master/novel/remove/shape_13_2.png,2,1743,shape_13,
190,Group 9,https://raw.githubusercontent.com/adadtur/nvrd-sample/master/novel/shape_28.png,novel,remove,11,frostling,https://raw.githubusercontent.com/adadtur/nvrd-sample/master/novel/remove/shape_28_11.png,3,3415,shape_28,
190,Group 9,https://raw.githubusercontent.com/adadtur/nvrd-sample/master/known/rabbit.png,known,background,20,wrivlet,https://raw.githubusercontent.com/adadtur/nvrd-sample/master/known/background/rabbit_20.png,6,1481,rabbit,
190,Group 9,https://raw.githubusercontent.com/adadtur/nvrd-sample/master/novel/shape_19.png,novel,background,20,frentish,https://raw.githubusercontent.com/adadtur/nvrd-sample/master/novel/background/shape_19_20.png,5,7398,shape_19,
190,Group 9,https://raw.githubusercontent.com/adadtur/nvrd-sample/master/modified-shape-shape/bonsai_crystal.png,modified/shape-shape,texture,11,cravish,https://raw.githubusercontent.com/adadtur/nvrd-sample/master/modified-shape-shape/texture/bonsai_crystal_11.png,6,2974,bonsai_crystal,
190,Group 9,https://raw.githubusercontent.com/adadtur/nvrd-sample/master/modified-shape-texture/checkerboard_tv-remote.png,modified/shape-texture,add,2,grestle,https://raw.githubusercontent.com/adadtur/nvrd-sample/master/modified-shape-texture/add/checkerboard_tv-remote_2.png,6,2071,checkerboard_tv-remote,
190,Group 9,https://raw.githubusercontent.com/adadtur/nvrd-sample/master/known/bee.png,known,style,17,snavish,https://raw.githubusercontent.com/adadtur/nvrd-sample/master/known/style/bee_17.png,5,2439,bee,
190,Group 9,https://raw.githubusercontent.com/adadtur/nvrd-sample/master/novel/shape_11.png,novel,texture,17,scradge,https://raw.githubusercontent.com/adadtur/nvrd-sample/master/novel/texture/shape_11_17.png,6,3383,shape_11,
190,Group 9,https://raw.githubusercontent.com/adadtur/nvrd-sample/master/novel/shape_11.png,novel,shape,20,scradge,https://raw.githubusercontent.com/adadtur/nvrd-sample/master/novel/shape/shape_11_20.png,1,1191,shape_11,
190,Group 9,https://raw.githubusercontent.com/adadtur/nvrd-sample/master/known/corkscrew.png,known,color,14,vorthling,https://raw.githubusercontent.com/adadtur/nvrd-sample/master/known/color/corkscrew_14.png,5,1823,corkscrew,
190,Group 9,https://raw.githubusercontent.com/adadtur/nvrd-sample/master/modified-shape-shape/drone_dagger.png,modified/shape-shape,shape,14,zornett,https://raw.githubusercontent.com/adadtur/nvrd-sample/master/modified-shape-shape/shape/drone_dagger_14.png,5,6319,drone_dagger,
190,Group 9,https://raw.githubusercontent.com/adadtur/nvrd-sample/master/known/dolphin.png,,,,blick,https://raw.githubusercontent.com/adadtur/nvrd-sample/master/known/rabbit.png,1,1209,attention_check_2,
190,Group 9,https://raw.githubusercontent.com/adadtur/nvrd-sample/master/modified-shape-shape/crystal_telescope.png,modified/shape-shape,style,14,drublit,https://raw.githubusercontent.com/adadtur/nvrd-sample/master/modified-shape-shape/style/crystal_telescope_14.png,5,2918,crystal_telescope,
190,Group 9,https://raw.githubusercontent.com/adadtur/nvrd-sample/master/novel/shape_24.png,novel,shape,5,vraxel,https://raw.githubusercontent.com/adadtur/nvrd-sample/master/novel/shape/shape_24_5.png,4,6520,shape_24,
190,Group 9,https://raw.githubusercontent.com/adadtur/nvrd-sample/master/novel/shape_11.png,novel,add,5,scradge,https://raw.githubusercontent.com/adadtur/nvrd-sample/master/novel/add/shape_11_5.png,5,1415,shape_11,
190,Group 9,https://raw.githubusercontent.com/adadtur/nvrd-sample/master/novel/shape_13.png,novel,color,2,wrimble,https://raw.githubusercontent.com/adadtur/nvrd-sample/master/novel/color/shape_13_2.png,6,1335,shape_13,
190,Group 9,https://raw.githubusercontent.com/adadtur/nvrd-sample/master/novel/shape_16.png,novel,add,19,sdrindle,https://raw.githubusercontent.com/adadtur/nvrd-sample/master/novel/add/shape_16_19.png,1,3544,shape_16,
190,Group 9,https://raw.githubusercontent.com/adadtur/nvrd-sample/master/modified-shape-shape/crystal_telescope.png,modified/shape-shape,color,17,drublit,https://raw.githubusercontent.com/adadtur/nvrd-sample/master/modified-shape-shape/color/crystal_telescope_17.png,5,72527,crystal_telescope,
190,Group 9,https://raw.githubusercontent.com/adadtur/nvrd-sample/master/known/golden-retriever.png,known,shape,17,froatne,https://raw.githubusercontent.com/adadtur/nvrd-sample/master/known/shape/golden-retriever_17.png,3,2720,golden-retriever,
190,Group 9,https://raw.githubusercontent.com/adadtur/nvrd-sample/master/known/bee.png,known,background,14,snavish,https://raw.githubusercontent.com/adadtur/nvrd-sample/master/known/background/bee_14.png,6,1801,bee,
190,Group 9,https://raw.githubusercontent.com/adadtur/nvrd-sample/master/novel/shape_28.png,novel,remove,20,frostling,https://raw.githubusercontent.com/adadtur/nvrd-sample/master/novel/remove/shape_28_20.png,1,1429,shape_28,
190,Group 9,https://raw.githubusercontent.com/adadtur/nvrd-sample/master/modified-shape-shape/bonsai_crystal.png,modified/shape-shape,texture,5,cravish,https://raw.githubusercontent.com/adadtur/nvrd-sample/master/modified-shape-shape/texture/bonsai_crystal_5.png,6,1118,bonsai_crystal,
190,Group 9,https://raw.githubusercontent.com/adadtur/nvrd-sample/master/modified-shape-texture/checkerboard_tiger.png,modified/shape-texture,shape,19,clentrel,https://raw.githubusercontent.com/adadtur/nvrd-sample/master/modified-shape-texture/shape/checkerboard_tiger_19.png,6,2471,checkerboard_tiger,
190,Group 9,https://raw.githubusercontent.com/adadtur/nvrd-sample/master/known/rabbit.png,known,background,14,wrivlet,https://raw.githubusercontent.com/adadtur/nvrd-sample/master/known/background/rabbit_14.png,7,6392,rabbit,
190,Group 9,https://raw.githubusercontent.com/adadtur/nvrd-sample/master/novel/shape_28.png,novel,color,20,frostling,https://raw.githubusercontent.com/adadtur/nvrd-sample/master/novel/color/shape_28_20.png,5,2438,shape_28,
190,Group 9,https://raw.githubusercontent.com/adadtur/nvrd-sample/master/known/rabbit.png,,,,pon,https://raw.githubusercontent.com/adadtur/nvrd-sample/master/known/corkscrew.png,1,1359,attention_check_3,
190,Group 9,https://raw.githubusercontent.com/adadtur/nvrd-sample/master/novel/shape_19.png,novel,shape,17,frentish,https://raw.githubusercontent.com/adadtur/nvrd-sample/master/novel/shape/shape_19_17.png,5,2312,shape_19,
190,Group 9,https://raw.githubusercontent.com/adadtur/nvrd-sample/master/modified-shape-shape/bonsai_crystal.png,modified/shape-shape,color,19,cravish,https://raw.githubusercontent.com/adadtur/nvrd-sample/master/modified-shape-shape/color/bonsai_crystal_19.png,6,1167,bonsai_crystal,
190,Group 9,https://raw.githubusercontent.com/adadtur/nvrd-sample/master/known/bee.png,known,shape,14,snavish,https://raw.githubusercontent.com/adadtur/nvrd-sample/master/known/shape/bee_14.png,7,2567,bee,
190,Group 9,https://raw.githubusercontent.com/adadtur/nvrd-sample/master/novel/shape_16.png,novel,style,19,sdrindle,https://raw.githubusercontent.com/adadtur/nvrd-sample/master/novel/style/shape_16_19.png,2,3191,shape_16,
190,Group 9,https://raw.githubusercontent.com/adadtur/nvrd-sample/master/known/bee.png,known,texture,14,snavish,https://raw.githubusercontent.com/adadtur/nvrd-sample/master/known/texture/bee_14.png,6,1327,bee,
190,Group 9,https://raw.githubusercontent.com/adadtur/nvrd-sample/master/known/horse.png,known,style,17,skelwick,https://raw.githubusercontent.com/adadtur/nvrd-sample/master/known/style/horse_17.png,6,1879,horse,
190,Group 9,https://raw.githubusercontent.com/adadtur/nvrd-sample/master/modified-shape-texture/checkerboard_tiger.png,modified/shape-texture,background,5,clentrel,https://raw.githubusercontent.com/adadtur/nvrd-sample/master/modified-shape-texture/background/checkerboard_tiger_5.png,7,1751,checkerboard_tiger,
190,Group 9,https://raw.githubusercontent.com/adadtur/nvrd-sample/master/modified-shape-shape/crystal_telescope.png,modified/shape-shape,color,2,drublit,https://raw.githubusercontent.com/adadtur/nvrd-sample/master/modified-shape-shape/color/crystal_telescope_2.png,7,1527,crystal_telescope,
190,Group 9,https://raw.githubusercontent.com/adadtur/nvrd-sample/master/novel/shape_24.png,novel,style,5,vraxel,https://raw.githubusercontent.com/adadtur/nvrd-sample/master/novel/style/shape_24_5.png,6,1671,shape_24,
190,Group 9,https://raw.githubusercontent.com/adadtur/nvrd-sample/master/modified-shape-shape/drone_dagger.png,modified/shape-shape,add,2,zornett,https://raw.githubusercontent.com/adadtur/nvrd-sample/master/modified-shape-shape/add/drone_dagger_2.png,5,1734,drone_dagger,
190,Group 9,https://raw.githubusercontent.com/adadtur/nvrd-sample/master/known/golden-retriever.png,known,texture,20,froatne,https://raw.githubusercontent.com/adadtur/nvrd-sample/master/known/texture/golden-retriever_20.png,6,1471,golden-retriever,
190,Group 9,https://raw.githubusercontent.com/adadtur/nvrd-sample/master/modified-shape-shape/drone_dagger.png,modified/shape-shape,add,11,zornett,https://raw.githubusercontent.com/adadtur/nvrd-sample/master/modified-shape-shape/add/drone_dagger_11.png,5,2959,drone_dagger,
190,Group 9,https://raw.githubusercontent.com/adadtur/nvrd-sample/master/known/dolphin.png,known,background,2,thrimple,https://raw.githubusercontent.com/adadtur/nvrd-sample/master/known/background/dolphin_2.png,7,1055,dolphin,
190,Group 9,https://raw.githubusercontent.com/adadtur/nvrd-sample/master/known/corkscrew.png,,,,neb,https://raw.githubusercontent.com/adadtur/nvrd-sample/master/known/golden-retriever.png,1,1048,attention_check_4,
190,Group 9,https://raw.githubusercontent.com/adadtur/nvrd-sample/master/novel/shape_11.png,novel,shape,17,scradge,https://raw.githubusercontent.com/adadtur/nvrd-sample/master/novel/shape/shape_11_17.png,2,2239,shape_11,
190,Group 9,https://raw.githubusercontent.com/adadtur/nvrd-sample/master/novel/shape_28.png,novel,texture,20,frostling,https://raw.githubusercontent.com/adadtur/nvrd-sample/master/novel/texture/shape_28_20.png,5,2695,shape_28,
190,Group 9,https://raw.githubusercontent.com/adadtur/nvrd-sample/master/novel/shape_24.png,novel,add,19,vraxel,https://raw.githubusercontent.com/adadtur/nvrd-sample/master/novel/add/shape_24_19.png,4,1783,shape_24,
190,Group 9,https://raw.githubusercontent.com/adadtur/nvrd-sample/master/modified-shape-texture/bird-feathers_saxophone.png,modified/shape-texture,remove,20,plonwick,https://raw.githubusercontent.com/adadtur/nvrd-sample/master/modified-shape-texture/remove/bird-feathers_saxophone_20.png,1,1248,bird-feathers_saxophone,
190,Group 9,https://raw.githubusercontent.com/adadtur/nvrd-sample/master/known/golden-retriever.png,known,texture,8,froatne,https://raw.githubusercontent.com/adadtur/nvrd-sample/master/known/texture/golden-retriever_8.png,7,2423,golden-retriever,
190,Group 9,https://raw.githubusercontent.com/adadtur/nvrd-sample/master/known/dolphin.png,known,remove,8,thrimple,https://raw.githubusercontent.com/adadtur/nvrd-sample/master/known/remove/dolphin_8.png,1,1207,dolphin,
190,Group 9,https://raw.githubusercontent.com/adadtur/nvrd-sample/master/modified-shape-texture/checkerboard_tiger.png,modified/shape-texture,remove,19,clentrel,https://raw.githubusercontent.com/adadtur/nvrd-sample/master/modified-shape-texture/remove/checkerboard_tiger_19.png,7,1263,checkerboard_tiger,
190,Group 9,https://raw.githubusercontent.com/adadtur/nvrd-sample/master/known/bee.png,known,background,2,snavish,https://raw.githubusercontent.com/adadtur/nvrd-sample/master/known/background/bee_2.png,7,1591,bee,
190,Group 9,https://raw.githubusercontent.com/adadtur/nvrd-sample/master/modified-shape-shape/crystal_telescope.png,modified/shape-shape,add,20,drublit,https://raw.githubusercontent.com/adadtur/nvrd-sample/master/modified-shape-shape/add/crystal_telescope_20.png,5,1759,crystal_telescope,
190,Group 9,https://raw.githubusercontent.com/adadtur/nvrd-sample/master/known/horse.png,known,color,11,skelwick,https://raw.githubusercontent.com/adadtur/nvrd-sample/master/known/color/horse_11.png,6,1055,horse,
190,Group 9,https://raw.githubusercontent.com/adadtur/nvrd-sample/master/modified-shape-texture/checkerboard_tv-remote.png,modified/shape-texture,background,5,grestle,https://raw.githubusercontent.com/adadtur/nvrd-sample/master/modified-shape-texture/background/checkerboard_tv-remote_5.png,7,3783,checkerboard_tv-remote,
190,Group 9,https://raw.githubusercontent.com/adadtur/nvrd-sample/master/novel/shape_19.png,novel,background,8,frentish,https://raw.githubusercontent.com/adadtur/nvrd-sample/master/novel/background/shape_19_8.png,7,2392,shape_19,
190,Group 9,https://raw.githubusercontent.com/adadtur/nvrd-sample/master/known/dolphin.png,,,,rav,https://raw.githubusercontent.com/adadtur/nvrd-sample/master/known/rabbit.png,1,1103,attention_check_5,
190,Group 9,https://raw.githubusercontent.com/adadtur/nvrd-sample/master/known/horse.png,known,color,8,skelwick,https://raw.githubusercontent.com/adadtur/nvrd-sample/master/known/color/horse_8.png,6,1287,horse,
190,Group 9,https://raw.githubusercontent.com/adadtur/nvrd-sample/master/known/rabbit.png,known,style,11,wrivlet,https://raw.githubusercontent.com/adadtur/nvrd-sample/master/known/style/rabbit_11.png,6,1248,rabbit,
190,Group 9,https://raw.githubusercontent.com/adadtur/nvrd-sample/master/modified-shape-shape/bonsai_crystal.png,modified/shape-shape,remove,2,cravish,https://raw.githubusercontent.com/adadtur/nvrd-sample/master/modified-shape-shape/remove/bonsai_crystal_2.png,6,1326,bonsai_crystal,
190,Group 9,https://raw.githubusercontent.com/adadtur/nvrd-sample/master/known/horse.png,known,style,8,skelwick,https://raw.githubusercontent.com/adadtur/nvrd-sample/master/known/style/horse_8.png,6,2175,horse,
190,Group 9,https://raw.githubusercontent.com/adadtur/nvrd-sample/master/novel/shape_19.png,novel,texture,8,frentish,https://raw.githubusercontent.com/adadtur/nvrd-sample/master/novel/texture/shape_19_8.png,6,1495,shape_19,
190,Group 9,https://raw.githubusercontent.com/adadtur/nvrd-sample/master/modified-shape-texture/checkerboard_tiger.png,modified/shape-texture,remove,17,clentrel,https://raw.githubusercontent.com/adadtur/nvrd-sample/master/modified-shape-texture/remove/checkerboard_tiger_17.png,6,2128,checkerboard_tiger,
190,Group 9,https://raw.githubusercontent.com/adadtur/nvrd-sample/master/modified-shape-texture/checkerboard_tv-remote.png,modified/shape-texture,add,20,grestle,https://raw.githubusercontent.com/adadtur/nvrd-sample/master/modified-shape-texture/add/checkerboard_tv-remote_20.png,5,1414,checkerboard_tv-remote,
190,Group 9,https://raw.githubusercontent.com/adadtur/nvrd-sample/master/modified-shape-texture/bird-feathers_saxophone.png,modified/shape-texture,texture,17,plonwick,https://raw.githubusercontent.com/adadtur/nvrd-sample/master/modified-shape-texture/texture/bird-feathers_saxophone_17.png,5,2255,bird-feathers_saxophone,
190,Group 9,https://raw.githubusercontent.com/adadtur/nvrd-sample/master/novel/shape_13.png,novel,background,2,wrimble,https://raw.githubusercontent.com/adadtur/nvrd-sample/master/novel/background/shape_13_2.png,6,1183,shape_13,
190,Group 9,https://raw.githubusercontent.com/adadtur/nvrd-sample/master/modified-shape-shape/drone_dagger.png,modified/shape-shape,color,19,zornett,https://raw.githubusercontent.com/adadtur/nvrd-sample/master/modified-shape-shape/color/drone_dagger_19.png,5,2303,drone_dagger,
190,Group 9,https://raw.githubusercontent.com/adadtur/nvrd-sample/master/novel/shape_19.png,novel,add,2,frentish,https://raw.githubusercontent.com/adadtur/nvrd-sample/master/novel/add/shape_19_2.png,7,1873,shape_19,
190,Group 9,https://raw.githubusercontent.com/adadtur/nvrd-sample/master/novel/shape_28.png,novel,style,11,frostling,https://raw.githubusercontent.com/adadtur/nvrd-sample/master/novel/style/shape_28_11.png,5,1486,shape_28,
190,Group 9,,,,,,,,10751,,
203,Group 7,,,,,,,,,,
203,Group 7,,,,,,,,16460,,
203,Group 7,,,,,,,,23966,,
203,Group 7,,,,,,,7,5184,,
203,Group 7,,,,,,,1,2496,,
203,Group 7,,,,,,,7,3219,,
203,Group 7,,,,,,,,8418,,
203,Group 7,,,,,,,4,1602,,
203,Group 7,,,,,,,,2047,,
203,Group 7,https://raw.githubusercontent.com/adadtur/nvrd-sample/master/known/rabbit.png,known,background,17,wrivlet,https://raw.githubusercontent.com/adadtur/nvrd-sample/master/known/background/rabbit_17.png,7,1993,rabbit,
203,Group 7,https://raw.githubusercontent.com/adadtur/nvrd-sample/master/modified-shape-texture/checkerboard_tiger.png,modified/shape-texture,remove,14,clentrel,https://raw.githubusercontent.com/adadtur/nvrd-sample/master/modified-shape-texture/remove/checkerboard_tiger_14.png,7,2507,checkerboard_tiger,
203,Group 7,https://raw.githubusercontent.com/adadtur/nvrd-sample/master/novel/shape_24.png,novel,remove,19,vraxel,https://raw.githubusercontent.com/adadtur/nvrd-sample/master/novel/remove/shape_24_19.png,1,2066,shape_24,
203,Group 7,https://raw.githubusercontent.com/adadtur/nvrd-sample/master/novel/shape_28.png,novel,color,5,frostling,https://raw.githubusercontent.com/adadtur/nvrd-sample/master/novel/color/shape_28_5.png,5,2582,shape_28,
203,Group 7,https://raw.githubusercontent.com/adadtur/nvrd-sample/master/known/dolphin.png,known,add,19,thrimple,https://raw.githubusercontent.com/adadtur/nvrd-sample/master/known/add/dolphin_19.png,7,2474,dolphin,
203,Group 7,https://raw.githubusercontent.com/adadtur/nvrd-sample/master/modified-shape-shape/crystal_telescope.png,modified/shape-shape,background,17,drublit,https://raw.githubusercontent.com/adadtur/nvrd-sample/master/modified-shape-shape/background/crystal_telescope_17.png,7,2561,crystal_telescope,
203,Group 7,https://raw.githubusercontent.com/adadtur/nvrd-sample/master/known/rabbit.png,known,shape,19,wrivlet,https://raw.githubusercontent.com/adadtur/nvrd-sample/master/known/shape/rabbit_19.png,4,4306,rabbit,
203,Group 7,https://raw.githubusercontent.com/adadtur/nvrd-sample/master/modified-shape-texture/bird-feathers_saxophone.png,modified/shape-texture,shape,19,plonwick,https://raw.githubusercontent.com/adadtur/nvrd-sample/master/modified-shape-texture/shape/bird-feathers_saxophone_19.png,5,2049,bird-feathers_saxophone,
203,Group 7,https://raw.githubusercontent.com/adadtur/nvrd-sample/master/novel/shape_16.png,novel,color,5,sdrindle,https://raw.githubusercontent.com/adadtur/nvrd-sample/master/novel/color/shape_16_5.png,6,1891,shape_16,
203,Group 7,https://raw.githubusercontent.com/adadtur/nvrd-sample/master/known/horse.png,known,shape,20,skelwick,https://raw.githubusercontent.com/adadtur/nvrd-sample/master/known/shape/horse_20.png,4,5482,horse,
203,Group 7,https://raw.githubusercontent.com/adadtur/nvrd-sample/master/novel/shape_11.png,novel,texture,5,scradge,https://raw.githubusercontent.com/adadtur/nvrd-sample/master/novel/texture/shape_11_5.png,6,2813,shape_11,
203,Group 7,https://raw.githubusercontent.com/adadtur/nvrd-sample/master/modified-shape-texture/bird-feathers_saxophone.png,modified/shape-texture,add,14,plonwick,https://raw.githubusercontent.com/adadtur/nvrd-sample/master/modified-shape-texture/add/bird-feathers_saxophone_14.png,5,4007,bird-feathers_saxophone,
203,Group 7,https://raw.githubusercontent.com/adadtur/nvrd-sample/master/modified-shape-shape/drone_dagger.png,modified/shape-shape,remove,14,zornett,https://raw.githubusercontent.com/adadtur/nvrd-sample/master/modified-shape-shape/remove/drone_dagger_14.png,1,1660,drone_dagger,
203,Group 7,https://raw.githubusercontent.com/adadtur/nvrd-sample/master/known/golden-retriever.png,,,,toma,https://raw.githubusercontent.com/adadtur/nvrd-sample/master/known/corkscrew.png,1,1043,attention_check_1,
203,Group 7,https://raw.githubusercontent.com/adadtur/nvrd-sample/master/novel/shape_28.png,novel,shape,11,frostling,https://raw.githubusercontent.com/adadtur/nvrd-sample/master/novel/shape/shape_28_11.png,2,2122,shape_28,
203,Group 7,https://raw.githubusercontent.com/adadtur/nvrd-sample/master/novel/shape_13.png,novel,background,14,wrimble,https://raw.githubusercontent.com/adadtur/nvrd-sample/master/novel/background/shape_13_14.png,6,2018,shape_13,
203,Group 7,https://raw.githubusercontent.com/adadtur/nvrd-sample/master/novel/shape_16.png,novel,remove,19,sdrindle,https://raw.githubusercontent.com/adadtur/nvrd-sample/master/novel/remove/shape_16_19.png,1,1459,shape_16,
203,Group 7,https://raw.githubusercontent.com/adadtur/nvrd-sample/master/modified-shape-shape/drone_dagger.png,modified/shape-shape,color,5,zornett,https://raw.githubusercontent.com/adadtur/nvrd-sample/master/modified-shape-shape/color/drone_dagger_5.png,7,2165,drone_dagger,
203,Group 7,https://raw.githubusercontent.com/adadtur/nvrd-sample/master/novel/shape_19.png,novel,style,17,frentish,https://raw.githubusercontent.com/adadtur/nvrd-sample/master/novel/style/shape_19_17.png,2,1712,shape_19,
203,Group 7,https://raw.githubusercontent.com/adadtur/nvrd-sample/master/known/horse.png,known,background,17,skelwick,https://raw.githubusercontent.com/adadtur/nvrd-sample/master/known/background/horse_17.png,7,2021,horse,
203,Group 7,https://raw.githubusercontent.com/adadtur/nvrd-sample/master/novel/shape_19.png,novel,add,8,frentish,https://raw.githubusercontent.com/adadtur/nvrd-sample/master/novel/add/shape_19_8.png,4,3120,shape_19,
203,Group 7,https://raw.githubusercontent.com/adadtur/nvrd-sample/master/modified-shape-texture/checkerboard_tv-remote.png,modified/shape-texture,texture,20,grestle,https://raw.githubusercontent.com/adadtur/nvrd-sample/master/modified-shape-texture/texture/checkerboard_tv-remote_20.png,5,2398,checkerboard_tv-remote,
203,Group 7,https://raw.githubusercontent.com/adadtur/nvrd-sample/master/novel/shape_16.png,novel,color,11,sdrindle,https://raw.githubusercontent.com/adadtur/nvrd-sample/master/novel/color/shape_16_11.png,6,2005,shape_16,
203,Group 7,https://raw.githubusercontent.com/adadtur/nvrd-sample/master/known/corkscrew.png,known,style,19,vorthling,https://raw.githubusercontent.com/adadtur/nvrd-sample/master/known/style/corkscrew_19.png,5,7753,corkscrew,
203,Group 7,https://raw.githubusercontent.com/adadtur/nvrd-sample/master/modified-shape-texture/checkerboard_tv-remote.png,modified/shape-texture,color,17,grestle,https://raw.githubusercontent.com/adadtur/nvrd-sample/master/modified-shape-texture/color/checkerboard_tv-remote_17.png,5,1403,checkerboard_tv-remote,
203,Group 7,https://raw.githubusercontent.com/adadtur/nvrd-sample/master/modified-shape-texture/checkerboard_tv-remote.png,modified/shape-texture,shape,8,grestle,https://raw.githubusercontent.com/adadtur/nvrd-sample/master/modified-shape-texture/shape/checkerboard_tv-remote_8.png,5,1580,checkerboard_tv-remote,
203,Group 7,https://raw.githubusercontent.com/adadtur/nvrd-sample/master/novel/shape_28.png,novel,add,17,frostling,https://raw.githubusercontent.com/adadtur/nvrd-sample/master/novel/add/shape_28_17.png,5,1534,shape_28,
203,Group 7,https://raw.githubusercontent.com/adadtur/nvrd-sample/master/known/dolphin.png,,,,blick,https://raw.githubusercontent.com/adadtur/nvrd-sample/master/known/rabbit.png,1,1719,attention_check_2,
203,Group 7,https://raw.githubusercontent.com/adadtur/nvrd-sample/master/known/bee.png,known,texture,11,snavish,https://raw.githubusercontent.com/adadtur/nvrd-sample/master/known/texture/bee_11.png,5,3583,bee,
203,Group 7,https://raw.githubusercontent.com/adadtur/nvrd-sample/master/modified-shape-shape/bonsai_crystal.png,modified/shape-shape,style,5,cravish,https://raw.githubusercontent.com/adadtur/nvrd-sample/master/modified-shape-shape/style/bonsai_crystal_5.png,6,1666,bonsai_crystal,
203,Group 7,https://raw.githubusercontent.com/adadtur/nvrd-sample/master/modified-shape-texture/bird-feathers_saxophone.png,modified/shape-texture,style,8,plonwick,https://raw.githubusercontent.com/adadtur/nvrd-sample/master/modified-shape-texture/style/bird-feathers_saxophone_8.png,7,2088,bird-feathers_saxophone,
203,Group 7,https://raw.githubusercontent.com/adadtur/nvrd-sample/master/novel/shape_28.png,novel,add,20,frostling,https://raw.githubusercontent.com/adadtur/nvrd-sample/master/novel/add/shape_28_20.png,4,4374,shape_28,
203,Group 7,https://raw.githubusercontent.com/adadtur/nvrd-sample/master/novel/shape_19.png,novel,color,8,frentish,https://raw.githubusercontent.com/adadtur/nvrd-sample/master/novel/color/shape_19_8.png,5,1561,shape_19,
203,Group 7,https://raw.githubusercontent.com/adadtur/nvrd-sample/master/modified-shape-shape/crystal_telescope.png,modified/shape-shape,add,14,drublit,https://raw.githubusercontent.com/adadtur/nvrd-sample/master/modified-shape-shape/add/crystal_telescope_14.png,2,2108,crystal_telescope,
203,Group 7,https://raw.githubusercontent.com/adadtur/nvrd-sample/master/modified-shape-shape/crystal_telescope.png,modified/shape-shape,color,11,drublit,https://raw.githubusercontent.com/adadtur/nvrd-sample/master/modified-shape-shape/color/crystal_telescope_11.png,5,1803,crystal_telescope,
203,Group 7,https://raw.githubusercontent.com/adadtur/nvrd-sample/master/modified-shape-texture/checkerboard_tv-remote.png,modified/shape-texture,remove,11,grestle,https://raw.githubusercontent.com/adadtur/nvrd-sample/master/modified-shape-texture/remove/checkerboard_tv-remote_11.png,1,1514,checkerboard_tv-remote,
203,Group 7,https://raw.githubusercontent.com/adadtur/nvrd-sample/master/novel/shape_24.png,novel,background,19,vraxel,https://raw.githubusercontent.com/adadtur/nvrd-sample/master/novel/background/shape_24_19.png,6,2335,shape_24,
203,Group 7,https://raw.githubusercontent.com/adadtur/nvrd-sample/master/modified-shape-shape/drone_dagger.png,modified/shape-shape,texture,14,zornett,https://raw.githubusercontent.com/adadtur/nvrd-sample/master/modified-shape-shape/texture/drone_dagger_14.png,6,1168,drone_dagger,
203,Group 7,https://raw.githubusercontent.com/adadtur/nvrd-sample/master/novel/shape_28.png,novel,style,17,frostling,https://raw.githubusercontent.com/adadtur/nvrd-sample/master/novel/style/shape_28_17.png,1,1766,shape_28,
203,Group 7,https://raw.githubusercontent.com/adadtur/nvrd-sample/master/known/rabbit.png,known,remove,11,wrivlet,https://raw.githubusercontent.com/adadtur/nvrd-sample/master/known/remove/rabbit_11.png,1,1460,rabbit,
203,Group 7,https://raw.githubusercontent.com/adadtur/nvrd-sample/master/known/dolphin.png,known,add,5,thrimple,https://raw.githubusercontent.com/adadtur/nvrd-sample/master/known/add/dolphin_5.png,6,2646,dolphin,
203,Group 7,https://raw.githubusercontent.com/adadtur/nvrd-sample/master/known/rabbit.png,,,,pon,https://raw.githubusercontent.com/adadtur/nvrd-sample/master/known/corkscrew.png,1,1303,attention_check_3,
203,Group 7,https://raw.githubusercontent.com/adadtur/nvrd-sample/master/known/rabbit.png,known,background,8,wrivlet,https://raw.githubusercontent.com/adadtur/nvrd-sample/master/known/background/rabbit_8.png,7,3051,rabbit,
203,Group 7,https://raw.githubusercontent.com/adadtur/nvrd-sample/master/novel/shape_28.png,novel,color,17,frostling,https://raw.githubusercontent.com/adadtur/nvrd-sample/master/novel/color/shape_28_17.png,5,1938,shape_28,
203,Group 7,https://raw.githubusercontent.com/adadtur/nvrd-sample/master/novel/shape_16.png,novel,texture,19,sdrindle,https://raw.githubusercontent.com/adadtur/nvrd-sample/master/novel/texture/shape_16_19.png,5,1938,shape_16,
203,Group 7,https://raw.githubusercontent.com/adadtur/nvrd-sample/master/novel/shape_28.png,novel,texture,8,frostling,https://raw.githubusercontent.com/adadtur/nvrd-sample/master/novel/texture/shape_28_8.png,6,2093,shape_28,
203,Group 7,https://raw.githubusercontent.com/adadtur/nvrd-sample/master/known/corkscrew.png,known,background,11,vorthling,https://raw.githubusercontent.com/adadtur/nvrd-sample/master/known/background/corkscrew_11.png,5,2545,corkscrew,
203,Group 7,https://raw.githubusercontent.com/adadtur/nvrd-sample/master/novel/shape_11.png,novel,style,8,scradge,https://raw.githubusercontent.com/adadtur/nvrd-sample/master/novel/style/shape_11_8.png,5,1490,shape_11,
203,Group 7,https://raw.githubusercontent.com/adadtur/nvrd-sample/master/known/horse.png,known,background,14,skelwick,https://raw.githubusercontent.com/adadtur/nvrd-sample/master/known/background/horse_14.png,7,1469,horse,
203,Group 7,https://raw.githubusercontent.com/adadtur/nvrd-sample/master/modified-shape-shape/bonsai_crystal.png,modified/shape-shape,shape,2,cravish,https://raw.githubusercontent.com/adadtur/nvrd-sample/master/modified-shape-shape/shape/bonsai_crystal_2.png,5,1982,bonsai_crystal,
203,Group 7,https://raw.githubusercontent.com/adadtur/nvrd-sample/master/novel/shape_28.png,novel,remove,14,frostling,https://raw.githubusercontent.com/adadtur/nvrd-sample/master/novel/remove/shape_28_14.png,2,2018,shape_28,
203,Group 7,https://raw.githubusercontent.com/adadtur/nvrd-sample/master/novel/shape_16.png,novel,remove,11,sdrindle,https://raw.githubusercontent.com/adadtur/nvrd-sample/master/novel/remove/shape_16_11.png,1,1604,shape_16,
203,Group 7,https://raw.githubusercontent.com/adadtur/nvrd-sample/master/known/horse.png,known,add,14,skelwick,https://raw.githubusercontent.com/adadtur/nvrd-sample/master/known/add/horse_14.png,2,2672,horse,
203,Group 7,https://raw.githubusercontent.com/adadtur/nvrd-sample/master/known/dolphin.png,known,add,20,thrimple,https://raw.githubusercontent.com/adadtur/nvrd-sample/master/known/add/dolphin_20.png,7,1410,dolphin,
203,Group 7,https://raw.githubusercontent.com/adadtur/nvrd-sample/master/novel/shape_13.png,novel,shape,11,wrimble,https://raw.githubusercontent.com/adadtur/nvrd-sample/master/novel/shape/shape_13_11.png,2,1968,shape_13,
203,Group 7,https://raw.githubusercontent.com/adadtur/nvrd-sample/master/known/corkscrew.png,,,,neb,https://raw.githubusercontent.com/adadtur/nvrd-sample/master/known/golden-retriever.png,1,1643,attention_check_4,
203,Group 7,https://raw.githubusercontent.com/adadtur/nvrd-sample/master/novel/shape_16.png,novel,remove,5,sdrindle,https://raw.githubusercontent.com/adadtur/nvrd-sample/master/novel/remove/shape_16_5.png,1,978,shape_16,
203,Group 7,https://raw.githubusercontent.com/adadtur/nvrd-sample/master/known/golden-retriever.png,known,background,20,froatne,https://raw.githubusercontent.com/adadtur/nvrd-sample/master/known/background/golden-retriever_20.png,7,1674,golden-retriever,
203,Group 7,https://raw.githubusercontent.com/adadtur/nvrd-sample/master/known/dolphin.png,known,style,11,thrimple,https://raw.githubusercontent.com/adadtur/nvrd-sample/master/known/style/dolphin_11.png,5,3371,dolphin,
203,Group 7,https://raw.githubusercontent.com/adadtur/nvrd-sample/master/known/horse.png,known,remove,8,skelwick,https://raw.githubusercontent.com/adadtur/nvrd-sample/master/known/remove/horse_8.png,1,1596,horse,
203,Group 7,https://raw.githubusercontent.com/adadtur/nvrd-sample/master/known/rabbit.png,known,shape,5,wrivlet,https://raw.githubusercontent.com/adadtur/nvrd-sample/master/known/shape/rabbit_5.png,3,2390,rabbit,
203,Group 7,https://raw.githubusercontent.com/adadtur/nvrd-sample/master/known/horse.png,known,texture,14,skelwick,https://raw.githubusercontent.com/adadtur/nvrd-sample/master/known/texture/horse_14.png,4,2216,horse,
203,Group 7,https://raw.githubusercontent.com/adadtur/nvrd-sample/master/modified-shape-shape/bonsai_crystal.png,modified/shape-shape,color,17,cravish,https://raw.githubusercontent.com/adadtur/nvrd-sample/master/modified-shape-shape/color/bonsai_crystal_17.png,5,1853,bonsai_crystal,
203,Group 7,https://raw.githubusercontent.com/adadtur/nvrd-sample/master/novel/shape_24.png,novel,style,20,vraxel,https://raw.githubusercontent.com/adadtur/nvrd-sample/master/novel/style/shape_24_20.png,4,2129,shape_24,
203,Group 7,https://raw.githubusercontent.com/adadtur/nvrd-sample/master/novel/shape_24.png,novel,texture,17,vraxel,https://raw.githubusercontent.com/adadtur/nvrd-sample/master/novel/texture/shape_24_17.png,5,1602,shape_24,
203,Group 7,https://raw.githubusercontent.com/adadtur/nvrd-sample/master/modified-shape-shape/crystal_telescope.png,modified/shape-shape,background,11,drublit,https://raw.githubusercontent.com/adadtur/nvrd-sample/master/modified-shape-shape/background/crystal_telescope_11.png,6,1694,crystal_telescope,
203,Group 7,https://raw.githubusercontent.com/adadtur/nvrd-sample/master/modified-shape-texture/checkerboard_tiger.png,modified/shape-texture,shape,20,clentrel,https://raw.githubusercontent.com/adadtur/nvrd-sample/master/modified-shape-texture/shape/checkerboard_tiger_20.png,7,2300,checkerboard_tiger,
203,Group 7,https://raw.githubusercontent.com/adadtur/nvrd-sample/master/known/bee.png,known,texture,17,snavish,https://raw.githubusercontent.com/adadtur/nvrd-sample/master/known/texture/bee_17.png,5,1411,bee,
203,Group 7,https://raw.githubusercontent.com/adadtur/nvrd-sample/master/modified-shape-shape/drone_dagger.png,modified/shape-shape,shape,19,zornett,https://raw.githubusercontent.com/adadtur/nvrd-sample/master/modified-shape-shape/shape/drone_dagger_19.png,5,2468,drone_dagger,
203,Group 7,https://raw.githubusercontent.com/adadtur/nvrd-sample/master/known/dolphin.png,,,,rav,https://raw.githubusercontent.com/adadtur/nvrd-sample/master/known/rabbit.png,1,1415,attention_check_5,
203,Group 7,https://raw.githubusercontent.com/adadtur/nvrd-sample/master/novel/shape_16.png,novel,shape,14,sdrindle,https://raw.githubusercontent.com/adadtur/nvrd-sample/master/novel/shape/shape_16_14.png,1,1018,shape_16,
203,Group 7,https://raw.githubusercontent.com/adadtur/nvrd-sample/master/novel/shape_28.png,novel,color,19,frostling,https://raw.githubusercontent.com/adadtur/nvrd-sample/master/novel/color/shape_28_19.png,5,2495,shape_28,
203,Group 7,https://raw.githubusercontent.com/adadtur/nvrd-sample/master/modified-shape-shape/drone_dagger.png,modified/shape-shape,remove,20,zornett,https://raw.githubusercontent.com/adadtur/nvrd-sample/master/modified-shape-shape/remove/drone_dagger_20.png,1,1214,drone_dagger,
203,Group 7,https://raw.githubusercontent.com/adadtur/nvrd-sample/master/known/golden-retriever.png,known,texture,11,froatne,https://raw.githubusercontent.com/adadtur/nvrd-sample/master/known/texture/golden-retriever_11.png,7,2196,golden-retriever,
203,Group 7,https://raw.githubusercontent.com/adadtur/nvrd-sample/master/modified-shape-shape/drone_dagger.png,modified/shape-shape,style,8,zornett,https://raw.githubusercontent.com/adadtur/nvrd-sample/master/modified-shape-shape/style/drone_dagger_8.png,7,1305,drone_dagger,
203,Group 7,https://raw.githubusercontent.com/adadtur/nvrd-sample/master/novel/shape_13.png,novel,add,17,wrimble,https://raw.githubusercontent.com/adadtur/nvrd-sample/master/novel/add/shape_13_17.png,2,1454,shape_13,
203,Group 7,https://raw.githubusercontent.com/adadtur/nvrd-sample/master/known/corkscrew.png,known,texture,20,vorthling,https://raw.githubusercontent.com/adadtur/nvrd-sample/master/known/texture/corkscrew_20.png,5,1878,corkscrew,
203,Group 7,https://raw.githubusercontent.com/adadtur/nvrd-sample/master/novel/shape_11.png,novel,add,11,scradge,https://raw.githubusercontent.com/adadtur/nvrd-sample/master/novel/add/shape_11_11.png,5,2566,shape_11,
203,Group 7,https://raw.githubusercontent.com/adadtur/nvrd-sample/master/modified-shape-texture/checkerboard_tv-remote.png,modified/shape-texture,color,2,grestle,https://raw.githubusercontent.com/adadtur/nvrd-sample/master/modified-shape-texture/color/checkerboard_tv-remote_2.png,5,1666,checkerboard_tv-remote,
203,Group 7,https://raw.githubusercontent.com/adadtur/nvrd-sample/master/modified-shape-shape/drone_dagger.png,modified/shape-shape,style,14,zornett,https://raw.githubusercontent.com/adadtur/nvrd-sample/master/modified-shape-shape/style/drone_dagger_14.png,7,1884,drone_dagger,
203,Group 7,https://raw.githubusercontent.com/adadtur/nvrd-sample/master/novel/shape_16.png,novel,style,17,sdrindle,https://raw.githubusercontent.com/adadtur/nvrd-sample/master/novel/style/shape_16_17.png,1,1674,shape_16,
203,Group 7,https://raw.githubusercontent.com/adadtur/nvrd-sample/master/novel/shape_28.png,novel,background,8,frostling,https://raw.githubusercontent.com/adadtur/nvrd-sample/master/novel/background/shape_28_8.png,7,2177,shape_28,
203,Group 7,,,,,,,,12792,,
191,Group 7,,,,,,,,,,
191,Group 7,,,,,,,,94508,,
191,Group 7,,,,,,,,81236,,
191,Group 7,,,,,,,6,15495,,
191,Group 7,,,,,,,,17564,,
191,Group 7,,,,,,,7,6573,,
191,Group 7,,,,,,,1,10746,,
191,Group 7,,,,,,,5,9517,,
191,Group 7,,,,,,,,10817,,
191,Group 7,https://raw.githubusercontent.com/adadtur/nvrd-sample/master/novel/shape_11.png,novel,texture,5,scradge,https://raw.githubusercontent.com/adadtur/nvrd-sample/master/novel/texture/shape_11_5.png,5,14015,shape_11,
191,Group 7,https://raw.githubusercontent.com/adadtur/nvrd-sample/master/novel/shape_16.png,novel,texture,19,sdrindle,https://raw.githubusercontent.com/adadtur/nvrd-sample/master/novel/texture/shape_16_19.png,5,10379,shape_16,
191,Group 7,https://raw.githubusercontent.com/adadtur/nvrd-sample/master/modified-shape-texture/bird-feathers_saxophone.png,modified/shape-texture,style,8,plonwick,https://raw.githubusercontent.com/adadtur/nvrd-sample/master/modified-shape-texture/style/bird-feathers_saxophone_8.png,6,9046,bird-feathers_saxophone,
191,Group 7,https://raw.githubusercontent.com/adadtur/nvrd-sample/master/modified-shape-shape/drone_dagger.png,modified/shape-shape,remove,20,zornett,https://raw.githubusercontent.com/adadtur/nvrd-sample/master/modified-shape-shape/remove/drone_dagger_20.png,1,7705,drone_dagger,
191,Group 7,https://raw.githubusercontent.com/adadtur/nvrd-sample/master/modified-shape-texture/checkerboard_tv-remote.png,modified/shape-texture,texture,20,grestle,https://raw.githubusercontent.com/adadtur/nvrd-sample/master/modified-shape-texture/texture/checkerboard_tv-remote_20.png,1,10290,checkerboard_tv-remote,
191,Group 7,https://raw.githubusercontent.com/adadtur/nvrd-sample/master/novel/shape_19.png,novel,color,8,frentish,https://raw.githubusercontent.com/adadtur/nvrd-sample/master/novel/color/shape_19_8.png,5,4961,shape_19,
191,Group 7,https://raw.githubusercontent.com/adadtur/nvrd-sample/master/known/horse.png,known,remove,8,skelwick,https://raw.githubusercontent.com/adadtur/nvrd-sample/master/known/remove/horse_8.png,1,2208,horse,
191,Group 7,https://raw.githubusercontent.com/adadtur/nvrd-sample/master/novel/shape_11.png,novel,add,11,scradge,https://raw.githubusercontent.com/adadtur/nvrd-sample/master/novel/add/shape_11_11.png,1,5792,shape_11,
191,Group 7,https://raw.githubusercontent.com/adadtur/nvrd-sample/master/novel/shape_16.png,novel,remove,5,sdrindle,https://raw.githubusercontent.com/adadtur/nvrd-sample/master/novel/remove/shape_16_5.png,1,2755,shape_16,
191,Group 7,https://raw.githubusercontent.com/adadtur/nvrd-sample/master/modified-shape-texture/bird-feathers_saxophone.png,modified/shape-texture,add,14,plonwick,https://raw.githubusercontent.com/adadtur/nvrd-sample/master/modified-shape-texture/add/bird-feathers_saxophone_14.png,1,2135,bird-feathers_saxophone,
191,Group 7,https://raw.githubusercontent.com/adadtur/nvrd-sample/master/novel/shape_16.png,novel,color,11,sdrindle,https://raw.githubusercontent.com/adadtur/nvrd-sample/master/novel/color/shape_16_11.png,5,5381,shape_16,
191,Group 7,https://raw.githubusercontent.com/adadtur/nvrd-sample/master/known/golden-retriever.png,known,background,20,froatne,https://raw.githubusercontent.com/adadtur/nvrd-sample/master/known/background/golden-retriever_20.png,7,4969,golden-retriever,
191,Group 7,https://raw.githubusercontent.com/adadtur/nvrd-sample/master/known/rabbit.png,known,shape,5,wrivlet,https://raw.githubusercontent.com/adadtur/nvrd-sample/master/known/shape/rabbit_5.png,1,3260,rabbit,
191,Group 7,https://raw.githubusercontent.com/adadtur/nvrd-sample/master/known/golden-retriever.png,,,,toma,https://raw.githubusercontent.com/adadtur/nvrd-sample/master/known/corkscrew.png,1,3450,attention_check_1,
191,Group 7,https://raw.githubusercontent.com/adadtur/nvrd-sample/master/modified-shape-texture/checkerboard_tv-remote.png,modified/shape-texture,color,17,grestle,https://raw.githubusercontent.com/adadtur/nvrd-sample/master/modified-shape-texture/color/checkerboard_tv-remote_17.png,5,5756,checkerboard_tv-remote,
191,Group 7,https://raw.githubusercontent.com/adadtur/nvrd-sample/master/known/rabbit.png,known,background,17,wrivlet,https://raw.githubusercontent.com/adadtur/nvrd-sample/master/known/background/rabbit_17.png,6,5928,rabbit,
191,Group 7,https://raw.githubusercontent.com/adadtur/nvrd-sample/master/modified-shape-texture/checkerboard_tv-remote.png,modified/shape-texture,remove,11,grestle,https://raw.githubusercontent.com/adadtur/nvrd-sample/master/modified-shape-texture/remove/checkerboard_tv-remote_11.png,1,5540,checkerboard_tv-remote,
191,Group 7,https://raw.githubusercontent.com/adadtur/nvrd-sample/master/modified-shape-shape/crystal_telescope.png,modified/shape-shape,background,17,drublit,https://raw.githubusercontent.com/adadtur/nvrd-sample/master/modified-shape-shape/background/crystal_telescope_17.png,7,8815,crystal_telescope,
191,Group 7,https://raw.githubusercontent.com/adadtur/nvrd-sample/master/modified-shape-texture/checkerboard_tiger.png,modified/shape-texture,shape,20,clentrel,https://raw.githubusercontent.com/adadtur/nvrd-sample/master/modified-shape-texture/shape/checkerboard_tiger_20.png,5,8169,checkerboard_tiger,
191,Group 7,https://raw.githubusercontent.com/adadtur/nvrd-sample/master/known/bee.png,known,texture,17,snavish,https://raw.githubusercontent.com/adadtur/nvrd-sample/master/known/texture/bee_17.png,5,9768,bee,
191,Group 7,https://raw.githubusercontent.com/adadtur/nvrd-sample/master/novel/shape_19.png,novel,add,8,frentish,https://raw.githubusercontent.com/adadtur/nvrd-sample/master/novel/add/shape_19_8.png,1,4060,shape_19,
191,Group 7,https://raw.githubusercontent.com/adadtur/nvrd-sample/master/novel/shape_11.png,novel,style,8,scradge,https://raw.githubusercontent.com/adadtur/nvrd-sample/master/novel/style/shape_11_8.png,4,3608,shape_11,
191,Group 7,https://raw.githubusercontent.com/adadtur/nvrd-sample/master/novel/shape_16.png,novel,color,5,sdrindle,https://raw.githubusercontent.com/adadtur/nvrd-sample/master/novel/color/shape_16_5.png,5,2631,shape_16,
191,Group 7,https://raw.githubusercontent.com/adadtur/nvrd-sample/master/known/dolphin.png,known,add,5,thrimple,https://raw.githubusercontent.com/adadtur/nvrd-sample/master/known/add/dolphin_5.png,7,4346,dolphin,
191,Group 7,https://raw.githubusercontent.com/adadtur/nvrd-sample/master/novel/shape_24.png,novel,style,20,vraxel,https://raw.githubusercontent.com/adadtur/nvrd-sample/master/novel/style/shape_24_20.png,2,9072,shape_24,
191,Group 7,https://raw.githubusercontent.com/adadtur/nvrd-sample/master/known/horse.png,known,texture,14,skelwick,https://raw.githubusercontent.com/adadtur/nvrd-sample/master/known/texture/horse_14.png,4,9534,horse,
191,Group 7,https://raw.githubusercontent.com/adadtur/nvrd-sample/master/modified-shape-texture/checkerboard_tv-remote.png,modified/shape-texture,color,2,grestle,https://raw.githubusercontent.com/adadtur/nvrd-sample/master/modified-shape-texture/color/checkerboard_tv-remote_2.png,5,2743,checkerboard_tv-remote,
191,Group 7,https://raw.githubusercontent.com/adadtur/nvrd-sample/master/known/dolphin.png,,,,blick,https://raw.githubusercontent.com/adadtur/nvrd-sample/master/known/rabbit.png,1,4235,attention_check_2,
191,Group 7,https://raw.githubusercontent.com/adadtur/nvrd-sample/master/novel/shape_28.png,novel,add,17,frostling,https://raw.githubusercontent.com/adadtur/nvrd-sample/master/novel/add/shape_28_17.png,1,2997,shape_28,
191,Group 7,https://raw.githubusercontent.com/adadtur/nvrd-sample/master/novel/shape_28.png,novel,style,17,frostling,https://raw.githubusercontent.com/adadtur/nvrd-sample/master/novel/style/shape_28_17.png,1,1852,shape_28,
191,Group 7,https://raw.githubusercontent.com/adadtur/nvrd-sample/master/novel/shape_28.png,novel,background,8,frostling,https://raw.githubusercontent.com/adadtur/nvrd-sample/master/novel/background/shape_28_8.png,7,3120,shape_28,
191,Group 7,https://raw.githubusercontent.com/adadtur/nvrd-sample/master/known/horse.png,known,background,14,skelwick,https://raw.githubusercontent.com/adadtur/nvrd-sample/master/known/background/horse_14.png,7,3288,horse,
191,Group 7,https://raw.githubusercontent.com/adadtur/nvrd-sample/master/modified-shape-shape/drone_dagger.png,modified/shape-shape,remove,14,zornett,https://raw.githubusercontent.com/adadtur/nvrd-sample/master/modified-shape-shape/remove/drone_dagger_14.png,1,1896,drone_dagger,
191,Group 7,https://raw.githubusercontent.com/adadtur/nvrd-sample/master/modified-shape-shape/bonsai_crystal.png,modified/shape-shape,style,5,cravish,https://raw.githubusercontent.com/adadtur/nvrd-sample/master/modified-shape-shape/style/bonsai_crystal_5.png,6,5245,bonsai_crystal,
191,Group 7,https://raw.githubusercontent.com/adadtur/nvrd-sample/master/novel/shape_16.png,novel,shape,14,sdrindle,https://raw.githubusercontent.com/adadtur/nvrd-sample/master/novel/shape/shape_16_14.png,1,1848,shape_16,
191,Group 7,https://raw.githubusercontent.com/adadtur/nvrd-sample/master/modified-shape-shape/bonsai_crystal.png,modified/shape-shape,shape,2,cravish,https://raw.githubusercontent.com/adadtur/nvrd-sample/master/modified-shape-shape/shape/bonsai_crystal_2.png,1,7073,bonsai_crystal,
191,Group 7,https://raw.githubusercontent.com/adadtur/nvrd-sample/master/novel/shape_16.png,novel,remove,19,sdrindle,https://raw.githubusercontent.com/adadtur/nvrd-sample/master/novel/remove/shape_16_19.png,1,5769,shape_16,
191,Group 7,https://raw.githubusercontent.com/adadtur/nvrd-sample/master/novel/shape_16.png,novel,style,17,sdrindle,https://raw.githubusercontent.com/adadtur/nvrd-sample/master/novel/style/shape_16_17.png,1,1330,shape_16,
191,Group 7,https://raw.githubusercontent.com/adadtur/nvrd-sample/master/known/golden-retriever.png,known,texture,11,froatne,https://raw.githubusercontent.com/adadtur/nvrd-sample/master/known/texture/golden-retriever_11.png,5,9049,golden-retriever,
191,Group 7,https://raw.githubusercontent.com/adadtur/nvrd-sample/master/known/horse.png,known,background,17,skelwick,https://raw.githubusercontent.com/adadtur/nvrd-sample/master/known/background/horse_17.png,7,2835,horse,
191,Group 7,https://raw.githubusercontent.com/adadtur/nvrd-sample/master/novel/shape_28.png,novel,texture,8,frostling,https://raw.githubusercontent.com/adadtur/nvrd-sample/master/novel/texture/shape_28_8.png,5,5162,shape_28,
191,Group 7,https://raw.githubusercontent.com/adadtur/nvrd-sample/master/known/rabbit.png,,,,pon,https://raw.githubusercontent.com/adadtur/nvrd-sample/master/known/corkscrew.png,1,2566,attention_check_3,
191,Group 7,https://raw.githubusercontent.com/adadtur/nvrd-sample/master/novel/shape_16.png,novel,remove,11,sdrindle,https://raw.githubusercontent.com/adadtur/nvrd-sample/master/novel/remove/shape_16_11.png,1,1210,shape_16,
191,Group 7,https://raw.githubusercontent.com/adadtur/nvrd-sample/master/modified-shape-texture/checkerboard_tv-remote.png,modified/shape-texture,shape,8,grestle,https://raw.githubusercontent.com/adadtur/nvrd-sample/master/modified-shape-texture/shape/checkerboard_tv-remote_8.png,1,1702,checkerboard_tv-remote,
191,Group 7,https://raw.githubusercontent.com/adadtur/nvrd-sample/master/novel/shape_24.png,novel,texture,17,vraxel,https://raw.githubusercontent.com/adadtur/nvrd-sample/master/novel/texture/shape_24_17.png,5,3748,shape_24,
191,Group 7,https://raw.githubusercontent.com/adadtur/nvrd-sample/master/novel/shape_13.png,novel,background,14,wrimble,https://raw.githubusercontent.com/adadtur/nvrd-sample/master/novel/background/shape_13_14.png,2,7372,shape_13,
191,Group 7,https://raw.githubusercontent.com/adadtur/nvrd-sample/master/modified-shape-shape/drone_dagger.png,modified/shape-shape,shape,19,zornett,https://raw.githubusercontent.com/adadtur/nvrd-sample/master/modified-shape-shape/shape/drone_dagger_19.png,1,2112,drone_dagger,
191,Group 7,https://raw.githubusercontent.com/adadtur/nvrd-sample/master/modified-shape-shape/crystal_telescope.png,modified/shape-shape,color,11,drublit,https://raw.githubusercontent.com/adadtur/nvrd-sample/master/modified-shape-shape/color/crystal_telescope_11.png,6,2665,crystal_telescope,
191,Group 7,https://raw.githubusercontent.com/adadtur/nvrd-sample/master/novel/shape_19.png,novel,style,17,frentish,https://raw.githubusercontent.com/adadtur/nvrd-sample/master/novel/style/shape_19_17.png,1,2195,shape_19,
191,Group 7,https://raw.githubusercontent.com/adadtur/nvrd-sample/master/known/corkscrew.png,known,style,19,vorthling,https://raw.githubusercontent.com/adadtur/nvrd-sample/master/known/style/corkscrew_19.png,1,1653,corkscrew,
191,Group 7,https://raw.githubusercontent.com/adadtur/nvrd-sample/master/novel/shape_28.png,novel,color,5,frostling,https://raw.githubusercontent.com/adadtur/nvrd-sample/master/novel/color/shape_28_5.png,6,4550,shape_28,
191,Group 7,https://raw.githubusercontent.com/adadtur/nvrd-sample/master/novel/shape_13.png,novel,add,17,wrimble,https://raw.githubusercontent.com/adadtur/nvrd-sample/master/novel/add/shape_13_17.png,1,6786,shape_13,
191,Group 7,https://raw.githubusercontent.com/adadtur/nvrd-sample/master/novel/shape_28.png,novel,add,20,frostling,https://raw.githubusercontent.com/adadtur/nvrd-sample/master/novel/add/shape_28_20.png,1,1495,shape_28,
191,Group 7,https://raw.githubusercontent.com/adadtur/nvrd-sample/master/modified-shape-shape/drone_dagger.png,modified/shape-shape,style,8,zornett,https://raw.githubusercontent.com/adadtur/nvrd-sample/master/modified-shape-shape/style/drone_dagger_8.png,5,5032,drone_dagger,
191,Group 7,https://raw.githubusercontent.com/adadtur/nvrd-sample/master/known/horse.png,known,shape,20,skelwick,https://raw.githubusercontent.com/adadtur/nvrd-sample/master/known/shape/horse_20.png,1,2332,horse,
191,Group 7,https://raw.githubusercontent.com/adadtur/nvrd-sample/master/known/corkscrew.png,,,,neb,https://raw.githubusercontent.com/adadtur/nvrd-sample/master/known/golden-retriever.png,1,998,attention_check_4,
191,Group 7,https://raw.githubusercontent.com/adadtur/nvrd-sample/master/known/bee.png,known,texture,11,snavish,https://raw.githubusercontent.com/adadtur/nvrd-sample/master/known/texture/bee_11.png,5,4341,bee,
191,Group 7,https://raw.githubusercontent.com/adadtur/nvrd-sample/master/known/rabbit.png,known,shape,19,wrivlet,https://raw.githubusercontent.com/adadtur/nvrd-sample/master/known/shape/rabbit_19.png,1,3407,rabbit,
191,Group 7,https://raw.githubusercontent.com/adadtur/nvrd-sample/master/novel/shape_28.png,novel,color,19,frostling,https://raw.githubusercontent.com/adadtur/nvrd-sample/master/novel/color/shape_28_19.png,2,13598,shape_28,
191,Group 7,https://raw.githubusercontent.com/adadtur/nvrd-sample/master/novel/shape_13.png,novel,shape,11,wrimble,https://raw.githubusercontent.com/adadtur/nvrd-sample/master/novel/shape/shape_13_11.png,1,1846,shape_13,
191,Group 7,https://raw.githubusercontent.com/adadtur/nvrd-sample/master/modified-shape-shape/drone_dagger.png,modified/shape-shape,style,14,zornett,https://raw.githubusercontent.com/adadtur/nvrd-sample/master/modified-shape-shape/style/drone_dagger_14.png,2,22837,drone_dagger,
191,Group 7,https://raw.githubusercontent.com/adadtur/nvrd-sample/master/modified-shape-texture/checkerboard_tiger.png,modified/shape-texture,remove,14,clentrel,https://raw.githubusercontent.com/adadtur/nvrd-sample/master/modified-shape-texture/remove/checkerboard_tiger_14.png,4,4708,checkerboard_tiger,
191,Group 7,https://raw.githubusercontent.com/adadtur/nvrd-sample/master/known/rabbit.png,known,background,8,wrivlet,https://raw.githubusercontent.com/adadtur/nvrd-sample/master/known/background/rabbit_8.png,7,2099,rabbit,
191,Group 7,https://raw.githubusercontent.com/adadtur/nvrd-sample/master/modified-shape-texture/bird-feathers_saxophone.png,modified/shape-texture,shape,19,plonwick,https://raw.githubusercontent.com/adadtur/nvrd-sample/master/modified-shape-texture/shape/bird-feathers_saxophone_19.png,6,4197,bird-feathers_saxophone,
191,Group 7,https://raw.githubusercontent.com/adadtur/nvrd-sample/master/known/horse.png,known,add,14,skelwick,https://raw.githubusercontent.com/adadtur/nvrd-sample/master/known/add/horse_14.png,1,1848,horse,
191,Group 7,https://raw.githubusercontent.com/adadtur/nvrd-sample/master/modified-shape-shape/bonsai_crystal.png,modified/shape-shape,color,17,cravish,https://raw.githubusercontent.com/adadtur/nvrd-sample/master/modified-shape-shape/color/bonsai_crystal_17.png,6,3190,bonsai_crystal,
191,Group 7,https://raw.githubusercontent.com/adadtur/nvrd-sample/master/known/corkscrew.png,known,background,11,vorthling,https://raw.githubusercontent.com/adadtur/nvrd-sample/master/known/background/corkscrew_11.png,2,2998,corkscrew,
191,Group 7,https://raw.githubusercontent.com/adadtur/nvrd-sample/master/novel/shape_28.png,novel,shape,11,frostling,https://raw.githubusercontent.com/adadtur/nvrd-sample/master/novel/shape/shape_28_11.png,1,1505,shape_28,
191,Group 7,https://raw.githubusercontent.com/adadtur/nvrd-sample/master/known/corkscrew.png,known,texture,20,vorthling,https://raw.githubusercontent.com/adadtur/nvrd-sample/master/known/texture/corkscrew_20.png,5,7635,corkscrew,
191,Group 7,https://raw.githubusercontent.com/adadtur/nvrd-sample/master/known/dolphin.png,,,,rav,https://raw.githubusercontent.com/adadtur/nvrd-sample/master/known/rabbit.png,1,1950,attention_check_5,
191,Group 7,https://raw.githubusercontent.com/adadtur/nvrd-sample/master/modified-shape-shape/crystal_telescope.png,modified/shape-shape,add,14,drublit,https://raw.githubusercontent.com/adadtur/nvrd-sample/master/modified-shape-shape/add/crystal_telescope_14.png,1,2362,crystal_telescope,
191,Group 7,https://raw.githubusercontent.com/adadtur/nvrd-sample/master/novel/shape_24.png,novel,remove,19,vraxel,https://raw.githubusercontent.com/adadtur/nvrd-sample/master/novel/remove/shape_24_19.png,1,1766,shape_24,
191,Group 7,https://raw.githubusercontent.com/adadtur/nvrd-sample/master/known/dolphin.png,known,add,19,thrimple,https://raw.githubusercontent.com/adadtur/nvrd-sample/master/known/add/dolphin_19.png,1,7506,dolphin,
191,Group 7,https://raw.githubusercontent.com/adadtur/nvrd-sample/master/modified-shape-shape/crystal_telescope.png,modified/shape-shape,background,11,drublit,https://raw.githubusercontent.com/adadtur/nvrd-sample/master/modified-shape-shape/background/crystal_telescope_11.png,6,3480,crystal_telescope,
191,Group 7,https://raw.githubusercontent.com/adadtur/nvrd-sample/master/known/rabbit.png,known,remove,11,wrivlet,https://raw.githubusercontent.com/adadtur/nvrd-sample/master/known/remove/rabbit_11.png,1,2603,rabbit,
191,Group 7,https://raw.githubusercontent.com/adadtur/nvrd-sample/master/novel/shape_24.png,novel,background,19,vraxel,https://raw.githubusercontent.com/adadtur/nvrd-sample/master/novel/background/shape_24_19.png,7,2083,shape_24,
191,Group 7,https://raw.githubusercontent.com/adadtur/nvrd-sample/master/known/dolphin.png,known,add,20,thrimple,https://raw.githubusercontent.com/adadtur/nvrd-sample/master/known/add/dolphin_20.png,2,3860,dolphin,
191,Group 7,https://raw.githubusercontent.com/adadtur/nvrd-sample/master/modified-shape-shape/drone_dagger.png,modified/shape-shape,texture,14,zornett,https://raw.githubusercontent.com/adadtur/nvrd-sample/master/modified-shape-shape/texture/drone_dagger_14.png,6,4486,drone_dagger,
191,Group 7,https://raw.githubusercontent.com/adadtur/nvrd-sample/master/novel/shape_28.png,novel,remove,14,frostling,https://raw.githubusercontent.com/adadtur/nvrd-sample/master/novel/remove/shape_28_14.png,1,1622,shape_28,
191,Group 7,https://raw.githubusercontent.com/adadtur/nvrd-sample/master/modified-shape-shape/drone_dagger.png,modified/shape-shape,color,5,zornett,https://raw.githubusercontent.com/adadtur/nvrd-sample/master/modified-shape-shape/color/drone_dagger_5.png,6,3874,drone_dagger,
191,Group 7,https://raw.githubusercontent.com/adadtur/nvrd-sample/master/known/dolphin.png,known,style,11,thrimple,https://raw.githubusercontent.com/adadtur/nvrd-sample/master/known/style/dolphin_11.png,5,2705,dolphin,
191,Group 7,https://raw.githubusercontent.com/adadtur/nvrd-sample/master/novel/shape_28.png,novel,color,17,frostling,https://raw.githubusercontent.com/adadtur/nvrd-sample/master/novel/color/shape_28_17.png,5,1386,shape_28,
191,Group 7,,,,,,,,32016,,
206,Group 7,,,,,,,,,,
206,Group 7,,,,,,,,19746,,
206,Group 7,,,,,,,,17690,,
206,Group 7,,,,,,,7,4915,,
206,Group 7,,,,,,,1,2836,,
206,Group 7,,,,,,,7,2334,,
206,Group 7,,,,,,,,7537,,
206,Group 7,,,,,,,5,2506,,
206,Group 7,,,,,,,,1465,,
206,Group 7,https://raw.githubusercontent.com/adadtur/nvrd-sample/master/modified-shape-shape/bonsai_crystal.png,modified/shape-shape,color,17,cravish,https://raw.githubusercontent.com/adadtur/nvrd-sample/master/modified-shape-shape/color/bonsai_crystal_17.png,6,3407,bonsai_crystal,
206,Group 7,https://raw.githubusercontent.com/adadtur/nvrd-sample/master/known/corkscrew.png,known,texture,20,vorthling,https://raw.githubusercontent.com/adadtur/nvrd-sample/master/known/texture/corkscrew_20.png,6,2253,corkscrew,
206,Group 7,https://raw.githubusercontent.com/adadtur/nvrd-sample/master/modified-shape-shape/drone_dagger.png,modified/shape-shape,shape,19,zornett,https://raw.githubusercontent.com/adadtur/nvrd-sample/master/modified-shape-shape/shape/drone_dagger_19.png,5,3810,drone_dagger,
206,Group 7,https://raw.githubusercontent.com/adadtur/nvrd-sample/master/modified-shape-texture/checkerboard_tv-remote.png,modified/shape-texture,color,17,grestle,https://raw.githubusercontent.com/adadtur/nvrd-sample/master/modified-shape-texture/color/checkerboard_tv-remote_17.png,6,2357,checkerboard_tv-remote,
206,Group 7,https://raw.githubusercontent.com/adadtur/nvrd-sample/master/modified-shape-shape/drone_dagger.png,modified/shape-shape,style,14,zornett,https://raw.githubusercontent.com/adadtur/nvrd-sample/master/modified-shape-shape/style/drone_dagger_14.png,5,2099,drone_dagger,
206,Group 7,https://raw.githubusercontent.com/adadtur/nvrd-sample/master/known/dolphin.png,known,add,20,thrimple,https://raw.githubusercontent.com/adadtur/nvrd-sample/master/known/add/dolphin_20.png,7,3843,dolphin,
206,Group 7,https://raw.githubusercontent.com/adadtur/nvrd-sample/master/modified-shape-texture/checkerboard_tv-remote.png,modified/shape-texture,remove,11,grestle,https://raw.githubusercontent.com/adadtur/nvrd-sample/master/modified-shape-texture/remove/checkerboard_tv-remote_11.png,1,2099,checkerboard_tv-remote,
206,Group 7,https://raw.githubusercontent.com/adadtur/nvrd-sample/master/modified-shape-shape/crystal_telescope.png,modified/shape-shape,color,11,drublit,https://raw.githubusercontent.com/adadtur/nvrd-sample/master/modified-shape-shape/color/crystal_telescope_11.png,6,2674,crystal_telescope,
206,Group 7,https://raw.githubusercontent.com/adadtur/nvrd-sample/master/novel/shape_13.png,novel,shape,11,wrimble,https://raw.githubusercontent.com/adadtur/nvrd-sample/master/novel/shape/shape_13_11.png,1,2040,shape_13,
206,Group 7,https://raw.githubusercontent.com/adadtur/nvrd-sample/master/novel/shape_16.png,novel,remove,5,sdrindle,https://raw.githubusercontent.com/adadtur/nvrd-sample/master/novel/remove/shape_16_5.png,1,2680,shape_16,
206,Group 7,https://raw.githubusercontent.com/adadtur/nvrd-sample/master/known/horse.png,known,background,17,skelwick,https://raw.githubusercontent.com/adadtur/nvrd-sample/master/known/background/horse_17.png,7,3122,horse,
206,Group 7,https://raw.githubusercontent.com/adadtur/nvrd-sample/master/novel/shape_28.png,novel,texture,8,frostling,https://raw.githubusercontent.com/adadtur/nvrd-sample/master/novel/texture/shape_28_8.png,5,2027,shape_28,
206,Group 7,https://raw.githubusercontent.com/adadtur/nvrd-sample/master/novel/shape_28.png,novel,color,19,frostling,https://raw.githubusercontent.com/adadtur/nvrd-sample/master/novel/color/shape_28_19.png,6,2283,shape_28,
206,Group 7,https://raw.githubusercontent.com/adadtur/nvrd-sample/master/known/golden-retriever.png,,,,toma,https://raw.githubusercontent.com/adadtur/nvrd-sample/master/known/corkscrew.png,1,2434,attention_check_1,
206,Group 7,https://raw.githubusercontent.com/adadtur/nvrd-sample/master/novel/shape_16.png,novel,texture,19,sdrindle,https://raw.githubusercontent.com/adadtur/nvrd-sample/master/novel/texture/shape_16_19.png,2,2271,shape_16,
206,Group 7,https://raw.githubusercontent.com/adadtur/nvrd-sample/master/known/bee.png,known,texture,17,snavish,https://raw.githubusercontent.com/adadtur/nvrd-sample/master/known/texture/bee_17.png,3,3933,bee,
206,Group 7,https://raw.githubusercontent.com/adadtur/nvrd-sample/master/modified-shape-shape/drone_dagger.png,modified/shape-shape,style,8,zornett,https://raw.githubusercontent.com/adadtur/nvrd-sample/master/modified-shape-shape/style/drone_dagger_8.png,5,1961,drone_dagger,
206,Group 7,https://raw.githubusercontent.com/adadtur/nvrd-sample/master/novel/shape_11.png,novel,texture,5,scradge,https://raw.githubusercontent.com/adadtur/nvrd-sample/master/novel/texture/shape_11_5.png,5,3082,shape_11,
206,Group 7,https://raw.githubusercontent.com/adadtur/nvrd-sample/master/novel/shape_28.png,novel,remove,14,frostling,https://raw.githubusercontent.com/adadtur/nvrd-sample/master/novel/remove/shape_28_14.png,1,1993,shape_28,
206,Group 7,https://raw.githubusercontent.com/adadtur/nvrd-sample/master/novel/shape_16.png,novel,color,5,sdrindle,https://raw.githubusercontent.com/adadtur/nvrd-sample/master/novel/color/shape_16_5.png,6,3573,shape_16,
206,Group 7,https://raw.githubusercontent.com/adadtur/nvrd-sample/master/novel/shape_28.png,novel,color,5,frostling,https://raw.githubusercontent.com/adadtur/nvrd-sample/master/novel/color/shape_28_5.png,6,4132,shape_28,
206,Group 7,https://raw.githubusercontent.com/adadtur/nvrd-sample/master/modified-shape-texture/bird-feathers_saxophone.png,modified/shape-texture,style,8,plonwick,https://raw.githubusercontent.com/adadtur/nvrd-sample/master/modified-shape-texture/style/bird-feathers_saxophone_8.png,6,3109,bird-feathers_saxophone,
206,Group 7,https://raw.githubusercontent.com/adadtur/nvrd-sample/master/known/rabbit.png,known,background,17,wrivlet,https://raw.githubusercontent.com/adadtur/nvrd-sample/master/known/background/rabbit_17.png,7,4464,rabbit,
206,Group 7,https://raw.githubusercontent.com/adadtur/nvrd-sample/master/novel/shape_16.png,novel,remove,19,sdrindle,https://raw.githubusercontent.com/adadtur/nvrd-sample/master/novel/remove/shape_16_19.png,1,1918,shape_16,
206,Group 7,https://raw.githubusercontent.com/adadtur/nvrd-sample/master/novel/shape_28.png,novel,shape,11,frostling,https://raw.githubusercontent.com/adadtur/nvrd-sample/master/novel/shape/shape_28_11.png,1,2127,shape_28,
206,Group 7,https://raw.githubusercontent.com/adadtur/nvrd-sample/master/novel/shape_19.png,novel,style,17,frentish,https://raw.githubusercontent.com/adadtur/nvrd-sample/master/novel/style/shape_19_17.png,1,2011,shape_19,
206,Group 7,https://raw.githubusercontent.com/adadtur/nvrd-sample/master/novel/shape_16.png,novel,shape,14,sdrindle,https://raw.githubusercontent.com/adadtur/nvrd-sample/master/novel/shape/shape_16_14.png,1,2881,shape_16,
206,Group 7,https://raw.githubusercontent.com/adadtur/nvrd-sample/master/known/dolphin.png,,,,blick,https://raw.githubusercontent.com/adadtur/nvrd-sample/master/known/rabbit.png,1,1959,attention_check_2,
206,Group 7,https://raw.githubusercontent.com/adadtur/nvrd-sample/master/novel/shape_16.png,novel,style,17,sdrindle,https://raw.githubusercontent.com/adadtur/nvrd-sample/master/novel/style/shape_16_17.png,1,1564,shape_16,
206,Group 7,https://raw.githubusercontent.com/adadtur/nvrd-sample/master/known/dolphin.png,known,add,5,thrimple,https://raw.githubusercontent.com/adadtur/nvrd-sample/master/known/add/dolphin_5.png,6,2465,dolphin,
206,Group 7,https://raw.githubusercontent.com/adadtur/nvrd-sample/master/modified-shape-texture/checkerboard_tiger.png,modified/shape-texture,remove,14,clentrel,https://raw.githubusercontent.com/adadtur/nvrd-sample/master/modified-shape-texture/remove/checkerboard_tiger_14.png,6,4617,checkerboard_tiger,
206,Group 7,https://raw.githubusercontent.com/adadtur/nvrd-sample/master/known/golden-retriever.png,known,background,20,froatne,https://raw.githubusercontent.com/adadtur/nvrd-sample/master/known/background/golden-retriever_20.png,7,2049,golden-retriever,
206,Group 7,https://raw.githubusercontent.com/adadtur/nvrd-sample/master/novel/shape_28.png,novel,add,20,frostling,https://raw.githubusercontent.com/adadtur/nvrd-sample/master/novel/add/shape_28_20.png,1,2600,shape_28,
206,Group 7,https://raw.githubusercontent.com/adadtur/nvrd-sample/master/novel/shape_13.png,novel,add,17,wrimble,https://raw.githubusercontent.com/adadtur/nvrd-sample/master/novel/add/shape_13_17.png,1,2568,shape_13,
206,Group 7,https://raw.githubusercontent.com/adadtur/nvrd-sample/master/known/golden-retriever.png,known,texture,11,froatne,https://raw.githubusercontent.com/adadtur/nvrd-sample/master/known/texture/golden-retriever_11.png,6,2344,golden-retriever,
206,Group 7,https://raw.githubusercontent.com/adadtur/nvrd-sample/master/novel/shape_28.png,novel,color,17,frostling,https://raw.githubusercontent.com/adadtur/nvrd-sample/master/novel/color/shape_28_17.png,6,1797,shape_28,
206,Group 7,https://raw.githubusercontent.com/adadtur/nvrd-sample/master/modified-shape-shape/crystal_telescope.png,modified/shape-shape,background,11,drublit,https://raw.githubusercontent.com/adadtur/nvrd-sample/master/modified-shape-shape/background/crystal_telescope_11.png,7,3220,crystal_telescope,
206,Group 7,https://raw.githubusercontent.com/adadtur/nvrd-sample/master/modified-shape-shape/drone_dagger.png,modified/shape-shape,texture,14,zornett,https://raw.githubusercontent.com/adadtur/nvrd-sample/master/modified-shape-shape/texture/drone_dagger_14.png,5,2527,drone_dagger,
206,Group 7,https://raw.githubusercontent.com/adadtur/nvrd-sample/master/novel/shape_24.png,novel,texture,17,vraxel,https://raw.githubusercontent.com/adadtur/nvrd-sample/master/novel/texture/shape_24_17.png,1,3969,shape_24,
206,Group 7,https://raw.githubusercontent.com/adadtur/nvrd-sample/master/known/horse.png,known,background,14,skelwick,https://raw.githubusercontent.com/adadtur/nvrd-sample/master/known/background/horse_14.png,7,2815,horse,
206,Group 7,https://raw.githubusercontent.com/adadtur/nvrd-sample/master/known/rabbit.png,known,remove,11,wrivlet,https://raw.githubusercontent.com/adadtur/nvrd-sample/master/known/remove/rabbit_11.png,1,2172,rabbit,
206,Group 7,https://raw.githubusercontent.com/adadtur/nvrd-sample/master/known/rabbit.png,,,,pon,https://raw.githubusercontent.com/adadtur/nvrd-sample/master/known/corkscrew.png,1,1226,attention_check_3,
206,Group 7,https://raw.githubusercontent.com/adadtur/nvrd-sample/master/known/rabbit.png,known,shape,5,wrivlet,https://raw.githubusercontent.com/adadtur/nvrd-sample/master/known/shape/rabbit_5.png,3,2235,rabbit,
206,Group 7,https://raw.githubusercontent.com/adadtur/nvrd-sample/master/novel/shape_28.png,novel,background,8,frostling,https://raw.githubusercontent.com/adadtur/nvrd-sample/master/novel/background/shape_28_8.png,7,2165,shape_28,
206,Group 7,https://raw.githubusercontent.com/adadtur/nvrd-sample/master/modified-shape-shape/drone_dagger.png,modified/shape-shape,color,5,zornett,https://raw.githubusercontent.com/adadtur/nvrd-sample/master/modified-shape-shape/color/drone_dagger_5.png,6,2706,drone_dagger,
206,Group 7,https://raw.githubusercontent.com/adadtur/nvrd-sample/master/modified-shape-texture/checkerboard_tiger.png,modified/shape-texture,shape,20,clentrel,https://raw.githubusercontent.com/adadtur/nvrd-sample/master/modified-shape-texture/shape/checkerboard_tiger_20.png,6,2471,checkerboard_tiger,
206,Group 7,https://raw.githubusercontent.com/adadtur/nvrd-sample/master/modified-shape-shape/bonsai_crystal.png,modified/shape-shape,style,5,cravish,https://raw.githubusercontent.com/adadtur/nvrd-sample/master/modified-shape-shape/style/bonsai_crystal_5.png,6,3082,bonsai_crystal,
206,Group 7,https://raw.githubusercontent.com/adadtur/nvrd-sample/master/modified-shape-texture/checkerboard_tv-remote.png,modified/shape-texture,texture,20,grestle,https://raw.githubusercontent.com/adadtur/nvrd-sample/master/modified-shape-texture/texture/checkerboard_tv-remote_20.png,5,2408,checkerboard_tv-remote,
206,Group 7,https://raw.githubusercontent.com/adadtur/nvrd-sample/master/novel/shape_11.png,novel,style,8,scradge,https://raw.githubusercontent.com/adadtur/nvrd-sample/master/novel/style/shape_11_8.png,2,2160,shape_11,
206,Group 7,https://raw.githubusercontent.com/adadtur/nvrd-sample/master/novel/shape_24.png,novel,style,20,vraxel,https://raw.githubusercontent.com/adadtur/nvrd-sample/master/novel/style/shape_24_20.png,1,1827,shape_24,
206,Group 7,https://raw.githubusercontent.com/adadtur/nvrd-sample/master/modified-shape-shape/crystal_telescope.png,modified/shape-shape,add,14,drublit,https://raw.githubusercontent.com/adadtur/nvrd-sample/master/modified-shape-shape/add/crystal_telescope_14.png,3,2354,crystal_telescope,
206,Group 7,https://raw.githubusercontent.com/adadtur/nvrd-sample/master/novel/shape_16.png,novel,remove,11,sdrindle,https://raw.githubusercontent.com/adadtur/nvrd-sample/master/novel/remove/shape_16_11.png,1,1643,shape_16,
206,Group 7,https://raw.githubusercontent.com/adadtur/nvrd-sample/master/known/horse.png,known,texture,14,skelwick,https://raw.githubusercontent.com/adadtur/nvrd-sample/master/known/texture/horse_14.png,2,2482,horse,
206,Group 7,https://raw.githubusercontent.com/adadtur/nvrd-sample/master/known/dolphin.png,known,add,19,thrimple,https://raw.githubusercontent.com/adadtur/nvrd-sample/master/known/add/dolphin_19.png,5,2330,dolphin,
206,Group 7,https://raw.githubusercontent.com/adadtur/nvrd-sample/master/known/horse.png,known,shape,20,skelwick,https://raw.githubusercontent.com/adadtur/nvrd-sample/master/known/shape/horse_20.png,1,1977,horse,
206,Group 7,https://raw.githubusercontent.com/adadtur/nvrd-sample/master/known/corkscrew.png,,,,neb,https://raw.githubusercontent.com/adadtur/nvrd-sample/master/known/golden-retriever.png,1,1808,attention_check_4,
206,Group 7,https://raw.githubusercontent.com/adadtur/nvrd-sample/master/modified-shape-texture/bird-feathers_saxophone.png,modified/shape-texture,shape,19,plonwick,https://raw.githubusercontent.com/adadtur/nvrd-sample/master/modified-shape-texture/shape/bird-feathers_saxophone_19.png,6,2489,bird-feathers_saxophone,
206,Group 7,https://raw.githubusercontent.com/adadtur/nvrd-sample/master/known/rabbit.png,known,background,8,wrivlet,https://raw.githubusercontent.com/adadtur/nvrd-sample/master/known/background/rabbit_8.png,7,1619,rabbit,
206,Group 7,https://raw.githubusercontent.com/adadtur/nvrd-sample/master/modified-shape-shape/drone_dagger.png,modified/shape-shape,remove,14,zornett,https://raw.githubusercontent.com/adadtur/nvrd-sample/master/modified-shape-shape/remove/drone_dagger_14.png,1,2057,drone_dagger,
206,Group 7,https://raw.githubusercontent.com/adadtur/nvrd-sample/master/modified-shape-shape/drone_dagger.png,modified/shape-shape,remove,20,zornett,https://raw.githubusercontent.com/adadtur/nvrd-sample/master/modified-shape-shape/remove/drone_dagger_20.png,1,1079,drone_dagger,
206,Group 7,https://raw.githubusercontent.com/adadtur/nvrd-sample/master/novel/shape_28.png,novel,style,17,frostling,https://raw.githubusercontent.com/adadtur/nvrd-sample/master/novel/style/shape_28_17.png,1,1717,shape_28,
206,Group 7,https://raw.githubusercontent.com/adadtur/nvrd-sample/master/novel/shape_11.png,novel,add,11,scradge,https://raw.githubusercontent.com/adadtur/nvrd-sample/master/novel/add/shape_11_11.png,1,2325,shape_11,
206,Group 7,https://raw.githubusercontent.com/adadtur/nvrd-sample/master/novel/shape_19.png,novel,color,8,frentish,https://raw.githubusercontent.com/adadtur/nvrd-sample/master/novel/color/shape_19_8.png,6,2250,shape_19,
206,Group 7,https://raw.githubusercontent.com/adadtur/nvrd-sample/master/known/corkscrew.png,known,background,11,vorthling,https://raw.githubusercontent.com/adadtur/nvrd-sample/master/known/background/corkscrew_11.png,6,2750,corkscrew,
206,Group 7,https://raw.githubusercontent.com/adadtur/nvrd-sample/master/novel/shape_28.png,novel,add,17,frostling,https://raw.githubusercontent.com/adadtur/nvrd-sample/master/novel/add/shape_28_17.png,1,1812,shape_28,
206,Group 7,https://raw.githubusercontent.com/adadtur/nvrd-sample/master/novel/shape_13.png,novel,background,14,wrimble,https://raw.githubusercontent.com/adadtur/nvrd-sample/master/novel/background/shape_13_14.png,5,4064,shape_13,
206,Group 7,https://raw.githubusercontent.com/adadtur/nvrd-sample/master/novel/shape_16.png,novel,color,11,sdrindle,https://raw.githubusercontent.com/adadtur/nvrd-sample/master/novel/color/shape_16_11.png,6,1945,shape_16,
206,Group 7,https://raw.githubusercontent.com/adadtur/nvrd-sample/master/known/dolphin.png,known,style,11,thrimple,https://raw.githubusercontent.com/adadtur/nvrd-sample/master/known/style/dolphin_11.png,5,2190,dolphin,
206,Group 7,https://raw.githubusercontent.com/adadtur/nvrd-sample/master/modified-shape-shape/bonsai_crystal.png,modified/shape-shape,shape,2,cravish,https://raw.githubusercontent.com/adadtur/nvrd-sample/master/modified-shape-shape/shape/bonsai_crystal_2.png,3,2079,bonsai_crystal,
206,Group 7,https://raw.githubusercontent.com/adadtur/nvrd-sample/master/known/dolphin.png,,,,rav,https://raw.githubusercontent.com/adadtur/nvrd-sample/master/known/rabbit.png,1,1604,attention_check_5,
206,Group 7,https://raw.githubusercontent.com/adadtur/nvrd-sample/master/known/bee.png,known,texture,11,snavish,https://raw.githubusercontent.com/adadtur/nvrd-sample/master/known/texture/bee_11.png,5,6930,bee,
206,Group 7,https://raw.githubusercontent.com/adadtur/nvrd-sample/master/novel/shape_24.png,novel,background,19,vraxel,https://raw.githubusercontent.com/adadtur/nvrd-sample/master/novel/background/shape_24_19.png,7,3236,shape_24,
206,Group 7,https://raw.githubusercontent.com/adadtur/nvrd-sample/master/known/horse.png,known,remove,8,skelwick,https://raw.githubusercontent.com/adadtur/nvrd-sample/master/known/remove/horse_8.png,1,1979,horse,
206,Group 7,https://raw.githubusercontent.com/adadtur/nvrd-sample/master/novel/shape_19.png,novel,add,8,frentish,https://raw.githubusercontent.com/adadtur/nvrd-sample/master/novel/add/shape_19_8.png,1,3012,shape_19,
206,Group 7,https://raw.githubusercontent.com/adadtur/nvrd-sample/master/novel/shape_24.png,novel,remove,19,vraxel,https://raw.githubusercontent.com/adadtur/nvrd-sample/master/novel/remove/shape_24_19.png,1,1211,shape_24,
206,Group 7,https://raw.githubusercontent.com/adadtur/nvrd-sample/master/known/rabbit.png,known,shape,19,wrivlet,https://raw.githubusercontent.com/adadtur/nvrd-sample/master/known/shape/rabbit_19.png,1,3639,rabbit,
206,Group 7,https://raw.githubusercontent.com/adadtur/nvrd-sample/master/modified-shape-texture/checkerboard_tv-remote.png,modified/shape-texture,shape,8,grestle,https://raw.githubusercontent.com/adadtur/nvrd-sample/master/modified-shape-texture/shape/checkerboard_tv-remote_8.png,3,2333,checkerboard_tv-remote,
206,Group 7,https://raw.githubusercontent.com/adadtur/nvrd-sample/master/modified-shape-texture/bird-feathers_saxophone.png,modified/shape-texture,add,14,plonwick,https://raw.githubusercontent.com/adadtur/nvrd-sample/master/modified-shape-texture/add/bird-feathers_saxophone_14.png,3,4168,bird-feathers_saxophone,
206,Group 7,https://raw.githubusercontent.com/adadtur/nvrd-sample/master/known/corkscrew.png,known,style,19,vorthling,https://raw.githubusercontent.com/adadtur/nvrd-sample/master/known/style/corkscrew_19.png,1,1600,corkscrew,
206,Group 7,https://raw.githubusercontent.com/adadtur/nvrd-sample/master/modified-shape-texture/checkerboard_tv-remote.png,modified/shape-texture,color,2,grestle,https://raw.githubusercontent.com/adadtur/nvrd-sample/master/modified-shape-texture/color/checkerboard_tv-remote_2.png,6,2162,checkerboard_tv-remote,
206,Group 7,https://raw.githubusercontent.com/adadtur/nvrd-sample/master/modified-shape-shape/crystal_telescope.png,modified/shape-shape,background,17,drublit,https://raw.githubusercontent.com/adadtur/nvrd-sample/master/modified-shape-shape/background/crystal_telescope_17.png,7,9475,crystal_telescope,
206,Group 7,https://raw.githubusercontent.com/adadtur/nvrd-sample/master/known/horse.png,known,add,14,skelwick,https://raw.githubusercontent.com/adadtur/nvrd-sample/master/known/add/horse_14.png,1,1820,horse,
206,Group 7,,,,,,,,2028,,
198,Group 6,,,,,,,,,,
198,Group 6,,,,,,,,4135,,
198,Group 6,,,,,,,,16806,,
198,Group 6,,,,,,,7,5049,,
198,Group 6,,,,,,,1,2579,,
198,Group 6,,,,,,,6,3468,,
198,Group 6,,,,,,,,8968,,
198,Group 6,,,,,,,5,1058,,
198,Group 6,,,,,,,,6731,,
198,Group 6,https://raw.githubusercontent.com/adadtur/nvrd-sample/master/modified-shape-shape/crystal_telescope.png,modified/shape-shape,shape,19,drublit,https://raw.githubusercontent.com/adadtur/nvrd-sample/master/modified-shape-shape/shape/crystal_telescope_19.png,5,5299,crystal_telescope,
198,Group 6,https://raw.githubusercontent.com/adadtur/nvrd-sample/master/known/corkscrew.png,known,color,20,vorthling,https://raw.githubusercontent.com/adadtur/nvrd-sample/master/known/color/corkscrew_20.png,6,2876,corkscrew,
198,Group 6,https://raw.githubusercontent.com/adadtur/nvrd-sample/master/modified-shape-texture/checkerboard_tv-remote.png,modified/shape-texture,color,5,grestle,https://raw.githubusercontent.com/adadtur/nvrd-sample/master/modified-shape-texture/color/checkerboard_tv-remote_5.png,6,3656,checkerboard_tv-remote,
198,Group 6,https://raw.githubusercontent.com/adadtur/nvrd-sample/master/known/corkscrew.png,known,remove,11,vorthling,https://raw.githubusercontent.com/adadtur/nvrd-sample/master/known/remove/corkscrew_11.png,2,2371,corkscrew,
198,Group 6,https://raw.githubusercontent.com/adadtur/nvrd-sample/master/novel/shape_28.png,novel,background,2,frostling,https://raw.githubusercontent.com/adadtur/nvrd-sample/master/novel/background/shape_28_2.png,7,3316,shape_28,
198,Group 6,https://raw.githubusercontent.com/adadtur/nvrd-sample/master/modified-shape-shape/drone_dagger.png,modified/shape-shape,color,11,zornett,https://raw.githubusercontent.com/adadtur/nvrd-sample/master/modified-shape-shape/color/drone_dagger_11.png,6,1936,drone_dagger,
198,Group 6,https://raw.githubusercontent.com/adadtur/nvrd-sample/master/novel/shape_24.png,novel,style,14,vraxel,https://raw.githubusercontent.com/adadtur/nvrd-sample/master/novel/style/shape_24_14.png,5,2649,shape_24,
198,Group 6,https://raw.githubusercontent.com/adadtur/nvrd-sample/master/novel/shape_24.png,novel,add,11,vraxel,https://raw.githubusercontent.com/adadtur/nvrd-sample/master/novel/add/shape_24_11.png,5,3198,shape_24,
198,Group 6,https://raw.githubusercontent.com/adadtur/nvrd-sample/master/novel/shape_24.png,novel,color,5,vraxel,https://raw.githubusercontent.com/adadtur/nvrd-sample/master/novel/color/shape_24_5.png,6,1925,shape_24,
198,Group 6,https://raw.githubusercontent.com/adadtur/nvrd-sample/master/modified-shape-shape/bonsai_crystal.png,modified/shape-shape,remove,8,cravish,https://raw.githubusercontent.com/adadtur/nvrd-sample/master/modified-shape-shape/remove/bonsai_crystal_8.png,3,6435,bonsai_crystal,
198,Group 6,https://raw.githubusercontent.com/adadtur/nvrd-sample/master/novel/shape_11.png,novel,style,20,scradge,https://raw.githubusercontent.com/adadtur/nvrd-sample/master/novel/style/shape_11_20.png,3,4237,shape_11,
198,Group 6,https://raw.githubusercontent.com/adadtur/nvrd-sample/master/known/dolphin.png,known,style,17,thrimple,https://raw.githubusercontent.com/adadtur/nvrd-sample/master/known/style/dolphin_17.png,5,2921,dolphin,
198,Group 6,https://raw.githubusercontent.com/adadtur/nvrd-sample/master/novel/shape_13.png,novel,color,14,wrimble,https://raw.githubusercontent.com/adadtur/nvrd-sample/master/novel/color/shape_13_14.png,6,2848,shape_13,
198,Group 6,https://raw.githubusercontent.com/adadtur/nvrd-sample/master/known/golden-retriever.png,,,,toma,https://raw.githubusercontent.com/adadtur/nvrd-sample/master/known/corkscrew.png,1,3737,attention_check_1,
198,Group 6,https://raw.githubusercontent.com/adadtur/nvrd-sample/master/novel/shape_24.png,novel,remove,14,vraxel,https://raw.githubusercontent.com/adadtur/nvrd-sample/master/novel/remove/shape_24_14.png,2,2921,shape_24,
198,Group 6,https://raw.githubusercontent.com/adadtur/nvrd-sample/master/modified-shape-shape/crystal_telescope.png,modified/shape-shape,remove,20,drublit,https://raw.githubusercontent.com/adadtur/nvrd-sample/master/modified-shape-shape/remove/crystal_telescope_20.png,4,3034,crystal_telescope,
198,Group 6,https://raw.githubusercontent.com/adadtur/nvrd-sample/master/known/horse.png,known,add,17,skelwick,https://raw.githubusercontent.com/adadtur/nvrd-sample/master/known/add/horse_17.png,2,5748,horse,
198,Group 6,https://raw.githubusercontent.com/adadtur/nvrd-sample/master/known/dolphin.png,known,style,20,thrimple,https://raw.githubusercontent.com/adadtur/nvrd-sample/master/known/style/dolphin_20.png,5,3741,dolphin,
198,Group 6,https://raw.githubusercontent.com/adadtur/nvrd-sample/master/modified-shape-shape/bonsai_crystal.png,modified/shape-shape,remove,19,cravish,https://raw.githubusercontent.com/adadtur/nvrd-sample/master/modified-shape-shape/remove/bonsai_crystal_19.png,4,2562,bonsai_crystal,
198,Group 6,https://raw.githubusercontent.com/adadtur/nvrd-sample/master/known/horse.png,known,shape,14,skelwick,https://raw.githubusercontent.com/adadtur/nvrd-sample/master/known/shape/horse_14.png,3,3322,horse,
198,Group 6,https://raw.githubusercontent.com/adadtur/nvrd-sample/master/known/corkscrew.png,known,add,20,vorthling,https://raw.githubusercontent.com/adadtur/nvrd-sample/master/known/add/corkscrew_20.png,5,5172,corkscrew,
198,Group 6,https://raw.githubusercontent.com/adadtur/nvrd-sample/master/modified-shape-texture/checkerboard_tiger.png,modified/shape-texture,remove,11,clentrel,https://raw.githubusercontent.com/adadtur/nvrd-sample/master/modified-shape-texture/remove/checkerboard_tiger_11.png,6,6255,checkerboard_tiger,
198,Group 6,https://raw.githubusercontent.com/adadtur/nvrd-sample/master/novel/shape_16.png,novel,remove,14,sdrindle,https://raw.githubusercontent.com/adadtur/nvrd-sample/master/novel/remove/shape_16_14.png,4,2841,shape_16,
198,Group 6,https://raw.githubusercontent.com/adadtur/nvrd-sample/master/known/dolphin.png,known,texture,5,thrimple,https://raw.githubusercontent.com/adadtur/nvrd-sample/master/known/texture/dolphin_5.png,5,1888,dolphin,
198,Group 6,https://raw.githubusercontent.com/adadtur/nvrd-sample/master/modified-shape-texture/checkerboard_tv-remote.png,modified/shape-texture,remove,2,grestle,https://raw.githubusercontent.com/adadtur/nvrd-sample/master/modified-shape-texture/remove/checkerboard_tv-remote_2.png,4,5378,checkerboard_tv-remote,
198,Group 6,https://raw.githubusercontent.com/adadtur/nvrd-sample/master/modified-shape-shape/bonsai_crystal.png,modified/shape-shape,remove,14,cravish,https://raw.githubusercontent.com/adadtur/nvrd-sample/master/modified-shape-shape/remove/bonsai_crystal_14.png,3,4292,bonsai_crystal,
198,Group 6,https://raw.githubusercontent.com/adadtur/nvrd-sample/master/modified-shape-texture/checkerboard_tv-remote.png,modified/shape-texture,shape,19,grestle,https://raw.githubusercontent.com/adadtur/nvrd-sample/master/modified-shape-texture/shape/checkerboard_tv-remote_19.png,5,4540,checkerboard_tv-remote,
198,Group 6,https://raw.githubusercontent.com/adadtur/nvrd-sample/master/known/dolphin.png,,,,blick,https://raw.githubusercontent.com/adadtur/nvrd-sample/master/known/rabbit.png,1,1839,attention_check_2,
198,Group 6,https://raw.githubusercontent.com/adadtur/nvrd-sample/master/novel/shape_24.png,novel,texture,19,vraxel,https://raw.githubusercontent.com/adadtur/nvrd-sample/master/novel/texture/shape_24_19.png,4,4693,shape_24,
198,Group 6,https://raw.githubusercontent.com/adadtur/nvrd-sample/master/novel/shape_24.png,novel,color,11,vraxel,https://raw.githubusercontent.com/adadtur/nvrd-sample/master/novel/color/shape_24_11.png,6,2314,shape_24,
198,Group 6,https://raw.githubusercontent.com/adadtur/nvrd-sample/master/modified-shape-texture/checkerboard_tiger.png,modified/shape-texture,remove,5,clentrel,https://raw.githubusercontent.com/adadtur/nvrd-sample/master/modified-shape-texture/remove/checkerboard_tiger_5.png,6,3498,checkerboard_tiger,
198,Group 6,https://raw.githubusercontent.com/adadtur/nvrd-sample/master/novel/shape_24.png,novel,shape,20,vraxel,https://raw.githubusercontent.com/adadtur/nvrd-sample/master/novel/shape/shape_24_20.png,2,3179,shape_24,
198,Group 6,https://raw.githubusercontent.com/adadtur/nvrd-sample/master/novel/shape_24.png,novel,shape,2,vraxel,https://raw.githubusercontent.com/adadtur/nvrd-sample/master/novel/shape/shape_24_2.png,4,3714,shape_24,
198,Group 6,https://raw.githubusercontent.com/adadtur/nvrd-sample/master/known/corkscrew.png,known,texture,8,vorthling,https://raw.githubusercontent.com/adadtur/nvrd-sample/master/known/texture/corkscrew_8.png,5,2117,corkscrew,
198,Group 6,https://raw.githubusercontent.com/adadtur/nvrd-sample/master/known/golden-retriever.png,known,add,19,froatne,https://raw.githubusercontent.com/adadtur/nvrd-sample/master/known/add/golden-retriever_19.png,3,3570,golden-retriever,
198,Group 6,https://raw.githubusercontent.com/adadtur/nvrd-sample/master/known/dolphin.png,known,texture,17,thrimple,https://raw.githubusercontent.com/adadtur/nvrd-sample/master/known/texture/dolphin_17.png,4,2833,dolphin,
198,Group 6,https://raw.githubusercontent.com/adadtur/nvrd-sample/master/novel/shape_16.png,novel,background,19,sdrindle,https://raw.githubusercontent.com/adadtur/nvrd-sample/master/novel/background/shape_16_19.png,6,2778,shape_16,
198,Group 6,https://raw.githubusercontent.com/adadtur/nvrd-sample/master/known/bee.png,known,color,11,snavish,https://raw.githubusercontent.com/adadtur/nvrd-sample/master/known/color/bee_11.png,6,1441,bee,
198,Group 6,https://raw.githubusercontent.com/adadtur/nvrd-sample/master/novel/shape_16.png,novel,shape,20,sdrindle,https://raw.githubusercontent.com/adadtur/nvrd-sample/master/novel/shape/shape_16_20.png,1,1810,shape_16,
198,Group 6,https://raw.githubusercontent.com/adadtur/nvrd-sample/master/known/corkscrew.png,known,shape,11,vorthling,https://raw.githubusercontent.com/adadtur/nvrd-sample/master/known/shape/corkscrew_11.png,5,2322,corkscrew,
198,Group 6,https://raw.githubusercontent.com/adadtur/nvrd-sample/master/modified-shape-texture/bird-feathers_saxophone.png,modified/shape-texture,style,11,plonwick,https://raw.githubusercontent.com/adadtur/nvrd-sample/master/modified-shape-texture/style/bird-feathers_saxophone_11.png,5,4799,bird-feathers_saxophone,
198,Group 6,https://raw.githubusercontent.com/adadtur/nvrd-sample/master/known/rabbit.png,,,,pon,https://raw.githubusercontent.com/adadtur/nvrd-sample/master/known/corkscrew.png,1,2616,attention_check_3,
198,Group 6,https://raw.githubusercontent.com/adadtur/nvrd-sample/master/known/bee.png,known,color,14,snavish,https://raw.githubusercontent.com/adadtur/nvrd-sample/master/known/color/bee_14.png,6,3066,bee,
198,Group 6,https://raw.githubusercontent.com/adadtur/nvrd-sample/master/known/golden-retriever.png,known,background,5,froatne,https://raw.githubusercontent.com/adadtur/nvrd-sample/master/known/background/golden-retriever_5.png,6,1582,golden-retriever,
198,Group 6,https://raw.githubusercontent.com/adadtur/nvrd-sample/master/modified-shape-shape/crystal_telescope.png,modified/shape-shape,add,19,drublit,https://raw.githubusercontent.com/adadtur/nvrd-sample/master/modified-shape-shape/add/crystal_telescope_19.png,4,8479,crystal_telescope,
198,Group 6,https://raw.githubusercontent.com/adadtur/nvrd-sample/master/known/horse.png,known,add,19,skelwick,https://raw.githubusercontent.com/adadtur/nvrd-sample/master/known/add/horse_19.png,2,2769,horse,
198,Group 6,https://raw.githubusercontent.com/adadtur/nvrd-sample/master/known/golden-retriever.png,known,add,20,froatne,https://raw.githubusercontent.com/adadtur/nvrd-sample/master/known/add/golden-retriever_20.png,3,4894,golden-retriever,
198,Group 6,https://raw.githubusercontent.com/adadtur/nvrd-sample/master/known/rabbit.png,known,texture,19,wrivlet,https://raw.githubusercontent.com/adadtur/nvrd-sample/master/known/texture/rabbit_19.png,4,3225,rabbit,
198,Group 6,https://raw.githubusercontent.com/adadtur/nvrd-sample/master/novel/shape_24.png,novel,background,11,vraxel,https://raw.githubusercontent.com/adadtur/nvrd-sample/master/novel/background/shape_24_11.png,6,2265,shape_24,
198,Group 6,https://raw.githubusercontent.com/adadtur/nvrd-sample/master/modified-shape-texture/checkerboard_tv-remote.png,modified/shape-texture,texture,8,grestle,https://raw.githubusercontent.com/adadtur/nvrd-sample/master/modified-shape-texture/texture/checkerboard_tv-remote_8.png,5,4321,checkerboard_tv-remote,
198,Group 6,https://raw.githubusercontent.com/adadtur/nvrd-sample/master/modified-shape-shape/bonsai_crystal.png,modified/shape-shape,style,19,cravish,https://raw.githubusercontent.com/adadtur/nvrd-sample/master/modified-shape-shape/style/bonsai_crystal_19.png,4,5730,bonsai_crystal,
198,Group 6,https://raw.githubusercontent.com/adadtur/nvrd-sample/master/modified-shape-shape/bonsai_crystal.png,modified/shape-shape,color,14,cravish,https://raw.githubusercontent.com/adadtur/nvrd-sample/master/modified-shape-shape/color/bonsai_crystal_14.png,5,2022,bonsai_crystal,
198,Group 6,https://raw.githubusercontent.com/adadtur/nvrd-sample/master/novel/shape_19.png,novel,background,17,frentish,https://raw.githubusercontent.com/adadtur/nvrd-sample/master/novel/background/shape_19_17.png,5,2906,shape_19,
198,Group 6,https://raw.githubusercontent.com/adadtur/nvrd-sample/master/modified-shape-shape/bonsai_crystal.png,modified/shape-shape,background,20,cravish,https://raw.githubusercontent.com/adadtur/nvrd-sample/master/modified-shape-shape/background/bonsai_crystal_20.png,6,2130,bonsai_crystal,
198,Group 6,https://raw.githubusercontent.com/adadtur/nvrd-sample/master/modified-shape-texture/bird-feathers_saxophone.png,modified/shape-texture,color,19,plonwick,https://raw.githubusercontent.com/adadtur/nvrd-sample/master/modified-shape-texture/color/bird-feathers_saxophone_19.png,6,3389,bird-feathers_saxophone,
198,Group 6,https://raw.githubusercontent.com/adadtur/nvrd-sample/master/known/corkscrew.png,,,,neb,https://raw.githubusercontent.com/adadtur/nvrd-sample/master/known/golden-retriever.png,1,2218,attention_check_4,
198,Group 6,https://raw.githubusercontent.com/adadtur/nvrd-sample/master/modified-shape-texture/bird-feathers_saxophone.png,modified/shape-texture,style,20,plonwick,https://raw.githubusercontent.com/adadtur/nvrd-sample/master/modified-shape-texture/style/bird-feathers_saxophone_20.png,5,2885,bird-feathers_saxophone,
198,Group 6,https://raw.githubusercontent.com/adadtur/nvrd-sample/master/modified-shape-texture/checkerboard_tv-remote.png,modified/shape-texture,add,14,grestle,https://raw.githubusercontent.com/adadtur/nvrd-sample/master/modified-shape-texture/add/checkerboard_tv-remote_14.png,5,6202,checkerboard_tv-remote,
198,Group 6,https://raw.githubusercontent.com/adadtur/nvrd-sample/master/known/rabbit.png,known,color,19,wrivlet,https://raw.githubusercontent.com/adadtur/nvrd-sample/master/known/color/rabbit_19.png,6,3892,rabbit,
198,Group 6,https://raw.githubusercontent.com/adadtur/nvrd-sample/master/modified-shape-shape/bonsai_crystal.png,modified/shape-shape,add,20,cravish,https://raw.githubusercontent.com/adadtur/nvrd-sample/master/modified-shape-shape/add/bonsai_crystal_20.png,5,3922,bonsai_crystal,
198,Group 6,https://raw.githubusercontent.com/adadtur/nvrd-sample/master/novel/shape_13.png,novel,shape,17,wrimble,https://raw.githubusercontent.com/adadtur/nvrd-sample/master/novel/shape/shape_13_17.png,3,2954,shape_13,
198,Group 6,https://raw.githubusercontent.com/adadtur/nvrd-sample/master/novel/shape_19.png,novel,shape,2,frentish,https://raw.githubusercontent.com/adadtur/nvrd-sample/master/novel/shape/shape_19_2.png,5,3961,shape_19,
198,Group 6,https://raw.githubusercontent.com/adadtur/nvrd-sample/master/known/horse.png,known,texture,17,skelwick,https://raw.githubusercontent.com/adadtur/nvrd-sample/master/known/texture/horse_17.png,5,3649,horse,
198,Group 6,https://raw.githubusercontent.com/adadtur/nvrd-sample/master/known/corkscrew.png,known,add,5,vorthling,https://raw.githubusercontent.com/adadtur/nvrd-sample/master/known/add/corkscrew_5.png,5,5617,corkscrew,
198,Group 6,https://raw.githubusercontent.com/adadtur/nvrd-sample/master/known/golden-retriever.png,known,background,17,froatne,https://raw.githubusercontent.com/adadtur/nvrd-sample/master/known/background/golden-retriever_17.png,6,2136,golden-retriever,
198,Group 6,https://raw.githubusercontent.com/adadtur/nvrd-sample/master/known/rabbit.png,known,texture,8,wrivlet,https://raw.githubusercontent.com/adadtur/nvrd-sample/master/known/texture/rabbit_8.png,5,2151,rabbit,
198,Group 6,https://raw.githubusercontent.com/adadtur/nvrd-sample/master/novel/shape_11.png,novel,shape,11,scradge,https://raw.githubusercontent.com/adadtur/nvrd-sample/master/novel/shape/shape_11_11.png,2,3536,shape_11,
198,Group 6,https://raw.githubusercontent.com/adadtur/nvrd-sample/master/novel/shape_24.png,novel,style,8,vraxel,https://raw.githubusercontent.com/adadtur/nvrd-sample/master/novel/style/shape_24_8.png,5,47667,shape_24,
198,Group 6,https://raw.githubusercontent.com/adadtur/nvrd-sample/master/known/corkscrew.png,known,background,5,vorthling,https://raw.githubusercontent.com/adadtur/nvrd-sample/master/known/background/corkscrew_5.png,7,3103,corkscrew,
198,Group 6,https://raw.githubusercontent.com/adadtur/nvrd-sample/master/known/dolphin.png,,,,rav,https://raw.githubusercontent.com/adadtur/nvrd-sample/master/known/rabbit.png,1,1366,attention_check_5,
198,Group 6,https://raw.githubusercontent.com/adadtur/nvrd-sample/master/modified-shape-texture/bird-feathers_saxophone.png,modified/shape-texture,style,5,plonwick,https://raw.githubusercontent.com/adadtur/nvrd-sample/master/modified-shape-texture/style/bird-feathers_saxophone_5.png,6,2419,bird-feathers_saxophone,
198,Group 6,https://raw.githubusercontent.com/adadtur/nvrd-sample/master/known/corkscrew.png,known,background,17,vorthling,https://raw.githubusercontent.com/adadtur/nvrd-sample/master/known/background/corkscrew_17.png,6,5817,corkscrew,
198,Group 6,https://raw.githubusercontent.com/adadtur/nvrd-sample/master/modified-shape-texture/checkerboard_tiger.png,modified/shape-texture,texture,8,clentrel,https://raw.githubusercontent.com/adadtur/nvrd-sample/master/modified-shape-texture/texture/checkerboard_tiger_8.png,5,2881,checkerboard_tiger,
198,Group 6,https://raw.githubusercontent.com/adadtur/nvrd-sample/master/known/dolphin.png,known,texture,8,thrimple,https://raw.githubusercontent.com/adadtur/nvrd-sample/master/known/texture/dolphin_8.png,4,28753,dolphin,
198,Group 6,https://raw.githubusercontent.com/adadtur/nvrd-sample/master/modified-shape-texture/bird-feathers_saxophone.png,modified/shape-texture,style,19,plonwick,https://raw.githubusercontent.com/adadtur/nvrd-sample/master/modified-shape-texture/style/bird-feathers_saxophone_19.png,5,1491,bird-feathers_saxophone,
198,Group 6,https://raw.githubusercontent.com/adadtur/nvrd-sample/master/novel/shape_16.png,novel,add,11,sdrindle,https://raw.githubusercontent.com/adadtur/nvrd-sample/master/novel/add/shape_16_11.png,4,3092,shape_16,
198,Group 6,https://raw.githubusercontent.com/adadtur/nvrd-sample/master/known/corkscrew.png,known,style,2,vorthling,https://raw.githubusercontent.com/adadtur/nvrd-sample/master/known/style/corkscrew_2.png,5,2189,corkscrew,
198,Group 6,https://raw.githubusercontent.com/adadtur/nvrd-sample/master/modified-shape-shape/drone_dagger.png,modified/shape-shape,background,8,zornett,https://raw.githubusercontent.com/adadtur/nvrd-sample/master/modified-shape-shape/background/drone_dagger_8.png,6,3570,drone_dagger,
198,Group 6,https://raw.githubusercontent.com/adadtur/nvrd-sample/master/modified-shape-shape/crystal_telescope.png,modified/shape-shape,texture,2,drublit,https://raw.githubusercontent.com/adadtur/nvrd-sample/master/modified-shape-shape/texture/crystal_telescope_2.png,7,3895,crystal_telescope,
198,Group 6,https://raw.githubusercontent.com/adadtur/nvrd-sample/master/novel/shape_28.png,novel,shape,5,frostling,https://raw.githubusercontent.com/adadtur/nvrd-sample/master/novel/shape/shape_28_5.png,5,3394,shape_28,
198,Group 6,https://raw.githubusercontent.com/adadtur/nvrd-sample/master/novel/shape_13.png,novel,remove,11,wrimble,https://raw.githubusercontent.com/adadtur/nvrd-sample/master/novel/remove/shape_13_11.png,4,1970,shape_13,
198,Group 6,https://raw.githubusercontent.com/adadtur/nvrd-sample/master/modified-shape-shape/drone_dagger.png,modified/shape-shape,background,2,zornett,https://raw.githubusercontent.com/adadtur/nvrd-sample/master/modified-shape-shape/background/drone_dagger_2.png,7,5374,drone_dagger,
198,Group 6,,,,,,,,19699,,
204,Group 6,,,,,,,,,,
204,Group 6,,,,,,,,10099,,
204,Group 6,,,,,,,,13991,,
204,Group 6,,,,,,,7,7857,,
204,Group 6,,,,,,,1,3604,,
204,Group 6,,,,,,,7,2021,,
204,Group 6,,,,,,,,4357,,
204,Group 6,,,,,,,6,1609,,
204,Group 6,,,,,,,,1995,,
204,Group 6,,,,,,,5,3079,,
204,Group 6,,,,,,,,2589,,
204,Group 6,https://raw.githubusercontent.com/adadtur/nvrd-sample/master/known/dolphin.png,known,texture,8,thrimple,https://raw.githubusercontent.com/adadtur/nvrd-sample/master/known/texture/dolphin_8.png,5,1986,dolphin,
204,Group 6,https://raw.githubusercontent.com/adadtur/nvrd-sample/master/modified-shape-shape/bonsai_crystal.png,modified/shape-shape,add,20,cravish,https://raw.githubusercontent.com/adadtur/nvrd-sample/master/modified-shape-shape/add/bonsai_crystal_20.png,6,3981,bonsai_crystal,
204,Group 6,https://raw.githubusercontent.com/adadtur/nvrd-sample/master/known/horse.png,known,shape,14,skelwick,https://raw.githubusercontent.com/adadtur/nvrd-sample/master/known/shape/horse_14.png,4,27983,horse,
204,Group 6,https://raw.githubusercontent.com/adadtur/nvrd-sample/master/novel/shape_16.png,novel,remove,14,sdrindle,https://raw.githubusercontent.com/adadtur/nvrd-sample/master/novel/remove/shape_16_14.png,1,3718,shape_16,
204,Group 6,https://raw.githubusercontent.com/adadtur/nvrd-sample/master/modified-shape-shape/bonsai_crystal.png,modified/shape-shape,remove,19,cravish,https://raw.githubusercontent.com/adadtur/nvrd-sample/master/modified-shape-shape/remove/bonsai_crystal_19.png,1,1356,bonsai_crystal,
204,Group 6,https://raw.githubusercontent.com/adadtur/nvrd-sample/master/modified-shape-shape/crystal_telescope.png,modified/shape-shape,texture,2,drublit,https://raw.githubusercontent.com/adadtur/nvrd-sample/master/modified-shape-shape/texture/crystal_telescope_2.png,7,1653,crystal_telescope,
204,Group 6,https://raw.githubusercontent.com/adadtur/nvrd-sample/master/known/golden-retriever.png,known,background,5,froatne,https://raw.githubusercontent.com/adadtur/nvrd-sample/master/known/background/golden-retriever_5.png,7,1881,golden-retriever,
204,Group 6,https://raw.githubusercontent.com/adadtur/nvrd-sample/master/known/bee.png,known,color,11,snavish,https://raw.githubusercontent.com/adadtur/nvrd-sample/master/known/color/bee_11.png,7,1933,bee,
204,Group 6,https://raw.githubusercontent.com/adadtur/nvrd-sample/master/modified-shape-texture/checkerboard_tiger.png,modified/shape-texture,remove,11,clentrel,https://raw.githubusercontent.com/adadtur/nvrd-sample/master/modified-shape-texture/remove/checkerboard_tiger_11.png,7,3237,checkerboard_tiger,
204,Group 6,https://raw.githubusercontent.com/adadtur/nvrd-sample/master/modified-shape-texture/checkerboard_tv-remote.png,modified/shape-texture,add,14,grestle,https://raw.githubusercontent.com/adadtur/nvrd-sample/master/modified-shape-texture/add/checkerboard_tv-remote_14.png,5,3149,checkerboard_tv-remote,
204,Group 6,https://raw.githubusercontent.com/adadtur/nvrd-sample/master/novel/shape_13.png,novel,remove,11,wrimble,https://raw.githubusercontent.com/adadtur/nvrd-sample/master/novel/remove/shape_13_11.png,2,2047,shape_13,
204,Group 6,https://raw.githubusercontent.com/adadtur/nvrd-sample/master/known/bee.png,known,color,14,snavish,https://raw.githubusercontent.com/adadtur/nvrd-sample/master/known/color/bee_14.png,7,1575,bee,
204,Group 6,https://raw.githubusercontent.com/adadtur/nvrd-sample/master/modified-shape-texture/bird-feathers_saxophone.png,modified/shape-texture,style,5,plonwick,https://raw.githubusercontent.com/adadtur/nvrd-sample/master/modified-shape-texture/style/bird-feathers_saxophone_5.png,7,1653,bird-feathers_saxophone,
204,Group 6,https://raw.githubusercontent.com/adadtur/nvrd-sample/master/known/golden-retriever.png,,,,toma,https://raw.githubusercontent.com/adadtur/nvrd-sample/master/known/corkscrew.png,1,1259,attention_check_1,
204,Group 6,https://raw.githubusercontent.com/adadtur/nvrd-sample/master/novel/shape_24.png,novel,style,8,vraxel,https://raw.githubusercontent.com/adadtur/nvrd-sample/master/novel/style/shape_24_8.png,6,3193,shape_24,
204,Group 6,https://raw.githubusercontent.com/adadtur/nvrd-sample/master/modified-shape-texture/checkerboard_tv-remote.png,modified/shape-texture,shape,19,grestle,https://raw.githubusercontent.com/adadtur/nvrd-sample/master/modified-shape-texture/shape/checkerboard_tv-remote_19.png,4,18078,checkerboard_tv-remote,
204,Group 6,https://raw.githubusercontent.com/adadtur/nvrd-sample/master/modified-shape-shape/bonsai_crystal.png,modified/shape-shape,background,20,cravish,https://raw.githubusercontent.com/adadtur/nvrd-sample/master/modified-shape-shape/background/bonsai_crystal_20.png,6,1994,bonsai_crystal,
204,Group 6,https://raw.githubusercontent.com/adadtur/nvrd-sample/master/novel/shape_24.png,novel,style,14,vraxel,https://raw.githubusercontent.com/adadtur/nvrd-sample/master/novel/style/shape_24_14.png,6,2335,shape_24,
204,Group 6,https://raw.githubusercontent.com/adadtur/nvrd-sample/master/novel/shape_24.png,novel,background,11,vraxel,https://raw.githubusercontent.com/adadtur/nvrd-sample/master/novel/background/shape_24_11.png,7,1172,shape_24,
204,Group 6,https://raw.githubusercontent.com/adadtur/nvrd-sample/master/novel/shape_24.png,novel,shape,20,vraxel,https://raw.githubusercontent.com/adadtur/nvrd-sample/master/novel/shape/shape_24_20.png,2,1575,shape_24,
204,Group 6,https://raw.githubusercontent.com/adadtur/nvrd-sample/master/modified-shape-shape/bonsai_crystal.png,modified/shape-shape,color,14,cravish,https://raw.githubusercontent.com/adadtur/nvrd-sample/master/modified-shape-shape/color/bonsai_crystal_14.png,7,1469,bonsai_crystal,
204,Group 6,https://raw.githubusercontent.com/adadtur/nvrd-sample/master/novel/shape_11.png,novel,shape,11,scradge,https://raw.githubusercontent.com/adadtur/nvrd-sample/master/novel/shape/shape_11_11.png,1,12311,shape_11,
204,Group 6,https://raw.githubusercontent.com/adadtur/nvrd-sample/master/novel/shape_19.png,novel,shape,2,frentish,https://raw.githubusercontent.com/adadtur/nvrd-sample/master/novel/shape/shape_19_2.png,6,2337,shape_19,
204,Group 6,https://raw.githubusercontent.com/adadtur/nvrd-sample/master/modified-shape-texture/checkerboard_tv-remote.png,modified/shape-texture,color,5,grestle,https://raw.githubusercontent.com/adadtur/nvrd-sample/master/modified-shape-texture/color/checkerboard_tv-remote_5.png,7,1696,checkerboard_tv-remote,
204,Group 6,https://raw.githubusercontent.com/adadtur/nvrd-sample/master/known/rabbit.png,known,color,19,wrivlet,https://raw.githubusercontent.com/adadtur/nvrd-sample/master/known/color/rabbit_19.png,7,1085,rabbit,
204,Group 6,https://raw.githubusercontent.com/adadtur/nvrd-sample/master/known/dolphin.png,known,texture,17,thrimple,https://raw.githubusercontent.com/adadtur/nvrd-sample/master/known/texture/dolphin_17.png,6,1679,dolphin,
204,Group 6,https://raw.githubusercontent.com/adadtur/nvrd-sample/master/known/corkscrew.png,known,style,2,vorthling,https://raw.githubusercontent.com/adadtur/nvrd-sample/master/known/style/corkscrew_2.png,7,1084,corkscrew,
204,Group 6,https://raw.githubusercontent.com/adadtur/nvrd-sample/master/known/dolphin.png,,,,blick,https://raw.githubusercontent.com/adadtur/nvrd-sample/master/known/rabbit.png,1,1497,attention_check_2,
204,Group 6,https://raw.githubusercontent.com/adadtur/nvrd-sample/master/known/horse.png,known,add,19,skelwick,https://raw.githubusercontent.com/adadtur/nvrd-sample/master/known/add/horse_19.png,1,3937,horse,
204,Group 6,https://raw.githubusercontent.com/adadtur/nvrd-sample/master/novel/shape_24.png,novel,texture,19,vraxel,https://raw.githubusercontent.com/adadtur/nvrd-sample/master/novel/texture/shape_24_19.png,6,1381,shape_24,
204,Group 6,https://raw.githubusercontent.com/adadtur/nvrd-sample/master/modified-shape-texture/bird-feathers_saxophone.png,modified/shape-texture,style,19,plonwick,https://raw.githubusercontent.com/adadtur/nvrd-sample/master/modified-shape-texture/style/bird-feathers_saxophone_19.png,5,21552,bird-feathers_saxophone,
204,Group 6,https://raw.githubusercontent.com/adadtur/nvrd-sample/master/modified-shape-texture/bird-feathers_saxophone.png,modified/shape-texture,color,19,plonwick,https://raw.githubusercontent.com/adadtur/nvrd-sample/master/modified-shape-texture/color/bird-feathers_saxophone_19.png,7,1207,bird-feathers_saxophone,
204,Group 6,https://raw.githubusercontent.com/adadtur/nvrd-sample/master/novel/shape_24.png,novel,shape,2,vraxel,https://raw.githubusercontent.com/adadtur/nvrd-sample/master/novel/shape/shape_24_2.png,4,2519,shape_24,
204,Group 6,https://raw.githubusercontent.com/adadtur/nvrd-sample/master/novel/shape_24.png,novel,remove,14,vraxel,https://raw.githubusercontent.com/adadtur/nvrd-sample/master/novel/remove/shape_24_14.png,1,1654,shape_24,
204,Group 6,https://raw.githubusercontent.com/adadtur/nvrd-sample/master/novel/shape_28.png,novel,shape,5,frostling,https://raw.githubusercontent.com/adadtur/nvrd-sample/master/novel/shape/shape_28_5.png,2,2135,shape_28,
204,Group 6,https://raw.githubusercontent.com/adadtur/nvrd-sample/master/known/corkscrew.png,known,background,5,vorthling,https://raw.githubusercontent.com/adadtur/nvrd-sample/master/known/background/corkscrew_5.png,6,1671,corkscrew,
204,Group 6,https://raw.githubusercontent.com/adadtur/nvrd-sample/master/known/corkscrew.png,known,color,20,vorthling,https://raw.githubusercontent.com/adadtur/nvrd-sample/master/known/color/corkscrew_20.png,7,1293,corkscrew,
204,Group 6,https://raw.githubusercontent.com/adadtur/nvrd-sample/master/known/golden-retriever.png,known,add,19,froatne,https://raw.githubusercontent.com/adadtur/nvrd-sample/master/known/add/golden-retriever_19.png,1,3044,golden-retriever,
204,Group 6,https://raw.githubusercontent.com/adadtur/nvrd-sample/master/modified-shape-shape/crystal_telescope.png,modified/shape-shape,remove,20,drublit,https://raw.githubusercontent.com/adadtur/nvrd-sample/master/modified-shape-shape/remove/crystal_telescope_20.png,1,1401,crystal_telescope,
204,Group 6,https://raw.githubusercontent.com/adadtur/nvrd-sample/master/known/horse.png,known,texture,17,skelwick,https://raw.githubusercontent.com/adadtur/nvrd-sample/master/known/texture/horse_17.png,6,2965,horse,
204,Group 6,https://raw.githubusercontent.com/adadtur/nvrd-sample/master/modified-shape-shape/drone_dagger.png,modified/shape-shape,background,8,zornett,https://raw.githubusercontent.com/adadtur/nvrd-sample/master/modified-shape-shape/background/drone_dagger_8.png,5,5608,drone_dagger,
204,Group 6,https://raw.githubusercontent.com/adadtur/nvrd-sample/master/known/rabbit.png,,,,pon,https://raw.githubusercontent.com/adadtur/nvrd-sample/master/known/corkscrew.png,1,1198,attention_check_3,
204,Group 6,https://raw.githubusercontent.com/adadtur/nvrd-sample/master/modified-shape-shape/bonsai_crystal.png,modified/shape-shape,style,19,cravish,https://raw.githubusercontent.com/adadtur/nvrd-sample/master/modified-shape-shape/style/bonsai_crystal_19.png,4,2319,bonsai_crystal,
204,Group 6,https://raw.githubusercontent.com/adadtur/nvrd-sample/master/known/corkscrew.png,known,background,17,vorthling,https://raw.githubusercontent.com/adadtur/nvrd-sample/master/known/background/corkscrew_17.png,6,1486,corkscrew,
204,Group 6,https://raw.githubusercontent.com/adadtur/nvrd-sample/master/modified-shape-shape/drone_dagger.png,modified/shape-shape,color,11,zornett,https://raw.githubusercontent.com/adadtur/nvrd-sample/master/modified-shape-shape/color/drone_dagger_11.png,7,996,drone_dagger,
204,Group 6,https://raw.githubusercontent.com/adadtur/nvrd-sample/master/known/dolphin.png,known,texture,5,thrimple,https://raw.githubusercontent.com/adadtur/nvrd-sample/master/known/texture/dolphin_5.png,7,709,dolphin,
204,Group 6,https://raw.githubusercontent.com/adadtur/nvrd-sample/master/modified-shape-texture/bird-feathers_saxophone.png,modified/shape-texture,style,20,plonwick,https://raw.githubusercontent.com/adadtur/nvrd-sample/master/modified-shape-texture/style/bird-feathers_saxophone_20.png,6,1059,bird-feathers_saxophone,
204,Group 6,https://raw.githubusercontent.com/adadtur/nvrd-sample/master/modified-shape-shape/crystal_telescope.png,modified/shape-shape,add,19,drublit,https://raw.githubusercontent.com/adadtur/nvrd-sample/master/modified-shape-shape/add/crystal_telescope_19.png,2,3542,crystal_telescope,
204,Group 6,https://raw.githubusercontent.com/adadtur/nvrd-sample/master/novel/shape_16.png,novel,shape,20,sdrindle,https://raw.githubusercontent.com/adadtur/nvrd-sample/master/novel/shape/shape_16_20.png,1,1356,shape_16,
204,Group 6,https://raw.githubusercontent.com/adadtur/nvrd-sample/master/known/rabbit.png,known,texture,19,wrivlet,https://raw.githubusercontent.com/adadtur/nvrd-sample/master/known/texture/rabbit_19.png,3,1355,rabbit,
204,Group 6,https://raw.githubusercontent.com/adadtur/nvrd-sample/master/known/corkscrew.png,known,texture,8,vorthling,https://raw.githubusercontent.com/adadtur/nvrd-sample/master/known/texture/corkscrew_8.png,6,10370,corkscrew,
204,Group 6,https://raw.githubusercontent.com/adadtur/nvrd-sample/master/modified-shape-shape/crystal_telescope.png,modified/shape-shape,shape,19,drublit,https://raw.githubusercontent.com/adadtur/nvrd-sample/master/modified-shape-shape/shape/crystal_telescope_19.png,2,3017,crystal_telescope,
204,Group 6,https://raw.githubusercontent.com/adadtur/nvrd-sample/master/modified-shape-shape/bonsai_crystal.png,modified/shape-shape,remove,8,cravish,https://raw.githubusercontent.com/adadtur/nvrd-sample/master/modified-shape-shape/remove/bonsai_crystal_8.png,2,18035,bonsai_crystal,
204,Group 6,https://raw.githubusercontent.com/adadtur/nvrd-sample/master/modified-shape-texture/checkerboard_tiger.png,modified/shape-texture,remove,5,clentrel,https://raw.githubusercontent.com/adadtur/nvrd-sample/master/modified-shape-texture/remove/checkerboard_tiger_5.png,7,2441,checkerboard_tiger,
204,Group 6,https://raw.githubusercontent.com/adadtur/nvrd-sample/master/known/golden-retriever.png,known,background,17,froatne,https://raw.githubusercontent.com/adadtur/nvrd-sample/master/known/background/golden-retriever_17.png,7,1603,golden-retriever,
204,Group 6,https://raw.githubusercontent.com/adadtur/nvrd-sample/master/known/corkscrew.png,,,,neb,https://raw.githubusercontent.com/adadtur/nvrd-sample/master/known/golden-retriever.png,1,1186,attention_check_4,
204,Group 6,https://raw.githubusercontent.com/adadtur/nvrd-sample/master/known/dolphin.png,known,style,20,thrimple,https://raw.githubusercontent.com/adadtur/nvrd-sample/master/known/style/dolphin_20.png,4,2529,dolphin,
204,Group 6,https://raw.githubusercontent.com/adadtur/nvrd-sample/master/novel/shape_13.png,novel,shape,17,wrimble,https://raw.githubusercontent.com/adadtur/nvrd-sample/master/novel/shape/shape_13_17.png,2,39508,shape_13,
204,Group 6,https://raw.githubusercontent.com/adadtur/nvrd-sample/master/novel/shape_16.png,novel,background,19,sdrindle,https://raw.githubusercontent.com/adadtur/nvrd-sample/master/novel/background/shape_16_19.png,6,2397,shape_16,
204,Group 6,https://raw.githubusercontent.com/adadtur/nvrd-sample/master/known/corkscrew.png,known,add,5,vorthling,https://raw.githubusercontent.com/adadtur/nvrd-sample/master/known/add/corkscrew_5.png,5,3141,corkscrew,
204,Group 6,https://raw.githubusercontent.com/adadtur/nvrd-sample/master/novel/shape_24.png,novel,color,11,vraxel,https://raw.githubusercontent.com/adadtur/nvrd-sample/master/novel/color/shape_24_11.png,7,1679,shape_24,
204,Group 6,https://raw.githubusercontent.com/adadtur/nvrd-sample/master/known/rabbit.png,known,texture,8,wrivlet,https://raw.githubusercontent.com/adadtur/nvrd-sample/master/known/texture/rabbit_8.png,6,1854,rabbit,
204,Group 6,https://raw.githubusercontent.com/adadtur/nvrd-sample/master/novel/shape_16.png,novel,add,11,sdrindle,https://raw.githubusercontent.com/adadtur/nvrd-sample/master/novel/add/shape_16_11.png,1,11874,shape_16,
204,Group 6,https://raw.githubusercontent.com/adadtur/nvrd-sample/master/modified-shape-texture/bird-feathers_saxophone.png,modified/shape-texture,style,11,plonwick,https://raw.githubusercontent.com/adadtur/nvrd-sample/master/modified-shape-texture/style/bird-feathers_saxophone_11.png,7,1320,bird-feathers_saxophone,
204,Group 6,https://raw.githubusercontent.com/adadtur/nvrd-sample/master/modified-shape-texture/checkerboard_tiger.png,modified/shape-texture,texture,8,clentrel,https://raw.githubusercontent.com/adadtur/nvrd-sample/master/modified-shape-texture/texture/checkerboard_tiger_8.png,7,788,checkerboard_tiger,
204,Group 6,https://raw.githubusercontent.com/adadtur/nvrd-sample/master/novel/shape_19.png,novel,background,17,frentish,https://raw.githubusercontent.com/adadtur/nvrd-sample/master/novel/background/shape_19_17.png,6,1592,shape_19,
204,Group 6,https://raw.githubusercontent.com/adadtur/nvrd-sample/master/modified-shape-shape/drone_dagger.png,modified/shape-shape,background,2,zornett,https://raw.githubusercontent.com/adadtur/nvrd-sample/master/modified-shape-shape/background/drone_dagger_2.png,6,1531,drone_dagger,
204,Group 6,https://raw.githubusercontent.com/adadtur/nvrd-sample/master/known/corkscrew.png,known,remove,11,vorthling,https://raw.githubusercontent.com/adadtur/nvrd-sample/master/known/remove/corkscrew_11.png,1,1504,corkscrew,
204,Group 6,https://raw.githubusercontent.com/adadtur/nvrd-sample/master/known/golden-retriever.png,known,add,20,froatne,https://raw.githubusercontent.com/adadtur/nvrd-sample/master/known/add/golden-retriever_20.png,2,8523,golden-retriever,
204,Group 6,https://raw.githubusercontent.com/adadtur/nvrd-sample/master/known/dolphin.png,,,,rav,https://raw.githubusercontent.com/adadtur/nvrd-sample/master/known/rabbit.png,1,1137,attention_check_5,
204,Group 6,https://raw.githubusercontent.com/adadtur/nvrd-sample/master/modified-shape-texture/checkerboard_tv-remote.png,modified/shape-texture,texture,8,grestle,https://raw.githubusercontent.com/adadtur/nvrd-sample/master/modified-shape-texture/texture/checkerboard_tv-remote_8.png,6,1644,checkerboard_tv-remote,
204,Group 6,https://raw.githubusercontent.com/adadtur/nvrd-sample/master/novel/shape_13.png,novel,color,14,wrimble,https://raw.githubusercontent.com/adadtur/nvrd-sample/master/novel/color/shape_13_14.png,7,1216,shape_13,
204,Group 6,https://raw.githubusercontent.com/adadtur/nvrd-sample/master/modified-shape-shape/bonsai_crystal.png,modified/shape-shape,remove,14,cravish,https://raw.githubusercontent.com/adadtur/nvrd-sample/master/modified-shape-shape/remove/bonsai_crystal_14.png,5,2353,bonsai_crystal,
204,Group 6,https://raw.githubusercontent.com/adadtur/nvrd-sample/master/known/dolphin.png,known,style,17,thrimple,https://raw.githubusercontent.com/adadtur/nvrd-sample/master/known/style/dolphin_17.png,6,1452,dolphin,
204,Group 6,https://raw.githubusercontent.com/adadtur/nvrd-sample/master/novel/shape_11.png,novel,style,20,scradge,https://raw.githubusercontent.com/adadtur/nvrd-sample/master/novel/style/shape_11_20.png,3,4261,shape_11,
204,Group 6,https://raw.githubusercontent.com/adadtur/nvrd-sample/master/known/corkscrew.png,known,add,20,vorthling,https://raw.githubusercontent.com/adadtur/nvrd-sample/master/known/add/corkscrew_20.png,2,10710,corkscrew,
204,Group 6,https://raw.githubusercontent.com/adadtur/nvrd-sample/master/known/horse.png,known,add,17,skelwick,https://raw.githubusercontent.com/adadtur/nvrd-sample/master/known/add/horse_17.png,1,1924,horse,
204,Group 6,https://raw.githubusercontent.com/adadtur/nvrd-sample/master/modified-shape-texture/checkerboard_tv-remote.png,modified/shape-texture,remove,2,grestle,https://raw.githubusercontent.com/adadtur/nvrd-sample/master/modified-shape-texture/remove/checkerboard_tv-remote_2.png,6,2484,checkerboard_tv-remote,
204,Group 6,https://raw.githubusercontent.com/adadtur/nvrd-sample/master/novel/shape_24.png,novel,color,5,vraxel,https://raw.githubusercontent.com/adadtur/nvrd-sample/master/novel/color/shape_24_5.png,7,874,shape_24,
204,Group 6,https://raw.githubusercontent.com/adadtur/nvrd-sample/master/novel/shape_24.png,novel,add,11,vraxel,https://raw.githubusercontent.com/adadtur/nvrd-sample/master/novel/add/shape_24_11.png,5,1724,shape_24,
204,Group 6,https://raw.githubusercontent.com/adadtur/nvrd-sample/master/known/corkscrew.png,known,shape,11,vorthling,https://raw.githubusercontent.com/adadtur/nvrd-sample/master/known/shape/corkscrew_11.png,2,1731,corkscrew,
204,Group 6,https://raw.githubusercontent.com/adadtur/nvrd-sample/master/novel/shape_28.png,novel,background,2,frostling,https://raw.githubusercontent.com/adadtur/nvrd-sample/master/novel/background/shape_28_2.png,7,1636,shape_28,
204,Group 6,,,,,,,,9745,,
192,Group 6,,,,,,,,,,
192,Group 6,,,,,,,,29426,,
192,Group 6,,,,,,,,34717,,
192,Group 6,,,,,,,6,19004,,
192,Group 6,,,,,,,,4505,,
192,Group 6,,,,,,,7,3595,,
192,Group 6,,,,,,,1,2089,,
192,Group 6,,,,,,,1,6737,,
192,Group 6,,,,,,,,5281,,
192,Group 6,,,,,,,5,1329,,
192,Group 6,,,,,,,,1599,,
192,Group 6,https://raw.githubusercontent.com/adadtur/nvrd-sample/master/modified-shape-texture/bird-feathers_saxophone.png,modified/shape-texture,color,19,plonwick,https://raw.githubusercontent.com/adadtur/nvrd-sample/master/modified-shape-texture/color/bird-feathers_saxophone_19.png,5,5262,bird-feathers_saxophone,
192,Group 6,https://raw.githubusercontent.com/adadtur/nvrd-sample/master/known/golden-retriever.png,known,add,20,froatne,https://raw.githubusercontent.com/adadtur/nvrd-sample/master/known/add/golden-retriever_20.png,3,4082,golden-retriever,
192,Group 6,https://raw.githubusercontent.com/adadtur/nvrd-sample/master/novel/shape_24.png,novel,background,11,vraxel,https://raw.githubusercontent.com/adadtur/nvrd-sample/master/novel/background/shape_24_11.png,5,11717,shape_24,
192,Group 6,https://raw.githubusercontent.com/adadtur/nvrd-sample/master/modified-shape-texture/bird-feathers_saxophone.png,modified/shape-texture,style,20,plonwick,https://raw.githubusercontent.com/adadtur/nvrd-sample/master/modified-shape-texture/style/bird-feathers_saxophone_20.png,4,3726,bird-feathers_saxophone,
192,Group 6,https://raw.githubusercontent.com/adadtur/nvrd-sample/master/modified-shape-shape/crystal_telescope.png,modified/shape-shape,shape,19,drublit,https://raw.githubusercontent.com/adadtur/nvrd-sample/master/modified-shape-shape/shape/crystal_telescope_19.png,1,3455,crystal_telescope,
192,Group 6,https://raw.githubusercontent.com/adadtur/nvrd-sample/master/known/horse.png,known,texture,17,skelwick,https://raw.githubusercontent.com/adadtur/nvrd-sample/master/known/texture/horse_17.png,3,3554,horse,
192,Group 6,https://raw.githubusercontent.com/adadtur/nvrd-sample/master/known/corkscrew.png,known,shape,11,vorthling,https://raw.githubusercontent.com/adadtur/nvrd-sample/master/known/shape/corkscrew_11.png,5,4319,corkscrew,
192,Group 6,https://raw.githubusercontent.com/adadtur/nvrd-sample/master/modified-shape-texture/checkerboard_tiger.png,modified/shape-texture,remove,11,clentrel,https://raw.githubusercontent.com/adadtur/nvrd-sample/master/modified-shape-texture/remove/checkerboard_tiger_11.png,1,3048,checkerboard_tiger,
192,Group 6,https://raw.githubusercontent.com/adadtur/nvrd-sample/master/novel/shape_24.png,novel,style,8,vraxel,https://raw.githubusercontent.com/adadtur/nvrd-sample/master/novel/style/shape_24_8.png,3,5422,shape_24,
192,Group 6,https://raw.githubusercontent.com/adadtur/nvrd-sample/master/novel/shape_24.png,novel,texture,19,vraxel,https://raw.githubusercontent.com/adadtur/nvrd-sample/master/novel/texture/shape_24_19.png,3,2133,shape_24,
192,Group 6,https://raw.githubusercontent.com/adadtur/nvrd-sample/master/known/corkscrew.png,known,style,2,vorthling,https://raw.githubusercontent.com/adadtur/nvrd-sample/master/known/style/corkscrew_2.png,7,14578,corkscrew,
192,Group 6,https://raw.githubusercontent.com/adadtur/nvrd-sample/master/known/bee.png,known,color,11,snavish,https://raw.githubusercontent.com/adadtur/nvrd-sample/master/known/color/bee_11.png,3,3845,bee,
192,Group 6,https://raw.githubusercontent.com/adadtur/nvrd-sample/master/novel/shape_24.png,novel,style,14,vraxel,https://raw.githubusercontent.com/adadtur/nvrd-sample/master/novel/style/shape_24_14.png,3,2818,shape_24,
192,Group 6,https://raw.githubusercontent.com/adadtur/nvrd-sample/master/known/golden-retriever.png,,,,toma,https://raw.githubusercontent.com/adadtur/nvrd-sample/master/known/corkscrew.png,1,1630,attention_check_1,
192,Group 6,https://raw.githubusercontent.com/adadtur/nvrd-sample/master/novel/shape_19.png,novel,background,17,frentish,https://raw.githubusercontent.com/adadtur/nvrd-sample/master/novel/background/shape_19_17.png,4,3812,shape_19,
192,Group 6,https://raw.githubusercontent.com/adadtur/nvrd-sample/master/known/dolphin.png,known,texture,5,thrimple,https://raw.githubusercontent.com/adadtur/nvrd-sample/master/known/texture/dolphin_5.png,3,2442,dolphin,
192,Group 6,https://raw.githubusercontent.com/adadtur/nvrd-sample/master/modified-shape-shape/bonsai_crystal.png,modified/shape-shape,color,14,cravish,https://raw.githubusercontent.com/adadtur/nvrd-sample/master/modified-shape-shape/color/bonsai_crystal_14.png,5,1508,bonsai_crystal,
192,Group 6,https://raw.githubusercontent.com/adadtur/nvrd-sample/master/novel/shape_24.png,novel,shape,20,vraxel,https://raw.githubusercontent.com/adadtur/nvrd-sample/master/novel/shape/shape_24_20.png,1,1819,shape_24,
192,Group 6,https://raw.githubusercontent.com/adadtur/nvrd-sample/master/modified-shape-texture/checkerboard_tv-remote.png,modified/shape-texture,texture,8,grestle,https://raw.githubusercontent.com/adadtur/nvrd-sample/master/modified-shape-texture/texture/checkerboard_tv-remote_8.png,4,31428,checkerboard_tv-remote,
192,Group 6,https://raw.githubusercontent.com/adadtur/nvrd-sample/master/novel/shape_24.png,novel,color,5,vraxel,https://raw.githubusercontent.com/adadtur/nvrd-sample/master/novel/color/shape_24_5.png,5,1866,shape_24,
192,Group 6,https://raw.githubusercontent.com/adadtur/nvrd-sample/master/modified-shape-shape/bonsai_crystal.png,modified/shape-shape,remove,8,cravish,https://raw.githubusercontent.com/adadtur/nvrd-sample/master/modified-shape-shape/remove/bonsai_crystal_8.png,1,1466,bonsai_crystal,
192,Group 6,https://raw.githubusercontent.com/adadtur/nvrd-sample/master/known/horse.png,known,add,17,skelwick,https://raw.githubusercontent.com/adadtur/nvrd-sample/master/known/add/horse_17.png,1,1769,horse,
192,Group 6,https://raw.githubusercontent.com/adadtur/nvrd-sample/master/modified-shape-texture/bird-feathers_saxophone.png,modified/shape-texture,style,11,plonwick,https://raw.githubusercontent.com/adadtur/nvrd-sample/master/modified-shape-texture/style/bird-feathers_saxophone_11.png,5,2078,bird-feathers_saxophone,
192,Group 6,https://raw.githubusercontent.com/adadtur/nvrd-sample/master/known/golden-retriever.png,known,background,5,froatne,https://raw.githubusercontent.com/adadtur/nvrd-sample/master/known/background/golden-retriever_5.png,7,2628,golden-retriever,
192,Group 6,https://raw.githubusercontent.com/adadtur/nvrd-sample/master/known/golden-retriever.png,known,background,17,froatne,https://raw.githubusercontent.com/adadtur/nvrd-sample/master/known/background/golden-retriever_17.png,7,3041,golden-retriever,
192,Group 6,https://raw.githubusercontent.com/adadtur/nvrd-sample/master/modified-shape-shape/bonsai_crystal.png,modified/shape-shape,remove,14,cravish,https://raw.githubusercontent.com/adadtur/nvrd-sample/master/modified-shape-shape/remove/bonsai_crystal_14.png,1,1255,bonsai_crystal,
192,Group 6,https://raw.githubusercontent.com/adadtur/nvrd-sample/master/known/corkscrew.png,known,texture,8,vorthling,https://raw.githubusercontent.com/adadtur/nvrd-sample/master/known/texture/corkscrew_8.png,5,2010,corkscrew,
192,Group 6,https://raw.githubusercontent.com/adadtur/nvrd-sample/master/known/dolphin.png,,,,blick,https://raw.githubusercontent.com/adadtur/nvrd-sample/master/known/rabbit.png,1,1193,attention_check_2,
192,Group 6,https://raw.githubusercontent.com/adadtur/nvrd-sample/master/modified-shape-texture/checkerboard_tv-remote.png,modified/shape-texture,add,14,grestle,https://raw.githubusercontent.com/adadtur/nvrd-sample/master/modified-shape-texture/add/checkerboard_tv-remote_14.png,3,3046,checkerboard_tv-remote,
192,Group 6,https://raw.githubusercontent.com/adadtur/nvrd-sample/master/novel/shape_16.png,novel,remove,14,sdrindle,https://raw.githubusercontent.com/adadtur/nvrd-sample/master/novel/remove/shape_16_14.png,1,8886,shape_16,
192,Group 6,https://raw.githubusercontent.com/adadtur/nvrd-sample/master/modified-shape-shape/bonsai_crystal.png,modified/shape-shape,add,20,cravish,https://raw.githubusercontent.com/adadtur/nvrd-sample/master/modified-shape-shape/add/bonsai_crystal_20.png,3,2433,bonsai_crystal,
192,Group 6,https://raw.githubusercontent.com/adadtur/nvrd-sample/master/known/corkscrew.png,known,add,5,vorthling,https://raw.githubusercontent.com/adadtur/nvrd-sample/master/known/add/corkscrew_5.png,1,2914,corkscrew,
192,Group 6,https://raw.githubusercontent.com/adadtur/nvrd-sample/master/known/horse.png,known,add,19,skelwick,https://raw.githubusercontent.com/adadtur/nvrd-sample/master/known/add/horse_19.png,1,1237,horse,
192,Group 6,https://raw.githubusercontent.com/adadtur/nvrd-sample/master/modified-shape-texture/checkerboard_tiger.png,modified/shape-texture,remove,5,clentrel,https://raw.githubusercontent.com/adadtur/nvrd-sample/master/modified-shape-texture/remove/checkerboard_tiger_5.png,1,1919,checkerboard_tiger,
192,Group 6,https://raw.githubusercontent.com/adadtur/nvrd-sample/master/known/rabbit.png,known,color,19,wrivlet,https://raw.githubusercontent.com/adadtur/nvrd-sample/master/known/color/rabbit_19.png,1,1876,rabbit,
192,Group 6,https://raw.githubusercontent.com/adadtur/nvrd-sample/master/modified-shape-shape/drone_dagger.png,modified/shape-shape,background,8,zornett,https://raw.githubusercontent.com/adadtur/nvrd-sample/master/modified-shape-shape/background/drone_dagger_8.png,5,3331,drone_dagger,
192,Group 6,https://raw.githubusercontent.com/adadtur/nvrd-sample/master/known/corkscrew.png,known,background,17,vorthling,https://raw.githubusercontent.com/adadtur/nvrd-sample/master/known/background/corkscrew_17.png,5,4372,corkscrew,
192,Group 6,https://raw.githubusercontent.com/adadtur/nvrd-sample/master/modified-shape-shape/drone_dagger.png,modified/shape-shape,color,11,zornett,https://raw.githubusercontent.com/adadtur/nvrd-sample/master/modified-shape-shape/color/drone_dagger_11.png,4,3196,drone_dagger,
192,Group 6,https://raw.githubusercontent.com/adadtur/nvrd-sample/master/novel/shape_16.png,novel,shape,20,sdrindle,https://raw.githubusercontent.com/adadtur/nvrd-sample/master/novel/shape/shape_16_20.png,1,1376,shape_16,
192,Group 6,https://raw.githubusercontent.com/adadtur/nvrd-sample/master/novel/shape_24.png,novel,shape,2,vraxel,https://raw.githubusercontent.com/adadtur/nvrd-sample/master/novel/shape/shape_24_2.png,1,1973,shape_24,
192,Group 6,https://raw.githubusercontent.com/adadtur/nvrd-sample/master/novel/shape_13.png,novel,color,14,wrimble,https://raw.githubusercontent.com/adadtur/nvrd-sample/master/novel/color/shape_13_14.png,3,1506,shape_13,
192,Group 6,https://raw.githubusercontent.com/adadtur/nvrd-sample/master/known/rabbit.png,,,,pon,https://raw.githubusercontent.com/adadtur/nvrd-sample/master/known/corkscrew.png,1,1150,attention_check_3,
192,Group 6,https://raw.githubusercontent.com/adadtur/nvrd-sample/master/modified-shape-texture/checkerboard_tv-remote.png,modified/shape-texture,remove,2,grestle,https://raw.githubusercontent.com/adadtur/nvrd-sample/master/modified-shape-texture/remove/checkerboard_tv-remote_2.png,1,3379,checkerboard_tv-remote,
192,Group 6,https://raw.githubusercontent.com/adadtur/nvrd-sample/master/known/rabbit.png,known,texture,8,wrivlet,https://raw.githubusercontent.com/adadtur/nvrd-sample/master/known/texture/rabbit_8.png,4,1867,rabbit,
192,Group 6,https://raw.githubusercontent.com/adadtur/nvrd-sample/master/known/dolphin.png,known,style,17,thrimple,https://raw.githubusercontent.com/adadtur/nvrd-sample/master/known/style/dolphin_17.png,1,2699,dolphin,
192,Group 6,https://raw.githubusercontent.com/adadtur/nvrd-sample/master/modified-shape-texture/bird-feathers_saxophone.png,modified/shape-texture,style,19,plonwick,https://raw.githubusercontent.com/adadtur/nvrd-sample/master/modified-shape-texture/style/bird-feathers_saxophone_19.png,3,1734,bird-feathers_saxophone,
192,Group 6,https://raw.githubusercontent.com/adadtur/nvrd-sample/master/known/corkscrew.png,known,remove,11,vorthling,https://raw.githubusercontent.com/adadtur/nvrd-sample/master/known/remove/corkscrew_11.png,1,1426,corkscrew,
192,Group 6,https://raw.githubusercontent.com/adadtur/nvrd-sample/master/modified-shape-shape/drone_dagger.png,modified/shape-shape,background,2,zornett,https://raw.githubusercontent.com/adadtur/nvrd-sample/master/modified-shape-shape/background/drone_dagger_2.png,7,2105,drone_dagger,
192,Group 6,https://raw.githubusercontent.com/adadtur/nvrd-sample/master/known/corkscrew.png,known,add,20,vorthling,https://raw.githubusercontent.com/adadtur/nvrd-sample/master/known/add/corkscrew_20.png,1,1271,corkscrew,
192,Group 6,https://raw.githubusercontent.com/adadtur/nvrd-sample/master/known/dolphin.png,known,texture,17,thrimple,https://raw.githubusercontent.com/adadtur/nvrd-sample/master/known/texture/dolphin_17.png,1,5090,dolphin,
192,Group 6,https://raw.githubusercontent.com/adadtur/nvrd-sample/master/novel/shape_24.png,novel,add,11,vraxel,https://raw.githubusercontent.com/adadtur/nvrd-sample/master/novel/add/shape_24_11.png,1,1078,shape_24,
192,Group 6,https://raw.githubusercontent.com/adadtur/nvrd-sample/master/novel/shape_28.png,novel,background,2,frostling,https://raw.githubusercontent.com/adadtur/nvrd-sample/master/novel/background/shape_28_2.png,7,3745,shape_28,
192,Group 6,https://raw.githubusercontent.com/adadtur/nvrd-sample/master/modified-shape-shape/crystal_telescope.png,modified/shape-shape,add,19,drublit,https://raw.githubusercontent.com/adadtur/nvrd-sample/master/modified-shape-shape/add/crystal_telescope_19.png,1,1332,crystal_telescope,
192,Group 6,https://raw.githubusercontent.com/adadtur/nvrd-sample/master/novel/shape_19.png,novel,shape,2,frentish,https://raw.githubusercontent.com/adadtur/nvrd-sample/master/novel/shape/shape_19_2.png,1,5296,shape_19,
192,Group 6,https://raw.githubusercontent.com/adadtur/nvrd-sample/master/modified-shape-texture/checkerboard_tv-remote.png,modified/shape-texture,color,5,grestle,https://raw.githubusercontent.com/adadtur/nvrd-sample/master/modified-shape-texture/color/checkerboard_tv-remote_5.png,5,2185,checkerboard_tv-remote,
192,Group 6,https://raw.githubusercontent.com/adadtur/nvrd-sample/master/known/corkscrew.png,,,,neb,https://raw.githubusercontent.com/adadtur/nvrd-sample/master/known/golden-retriever.png,1,1137,attention_check_4,
192,Group 6,https://raw.githubusercontent.com/adadtur/nvrd-sample/master/novel/shape_13.png,novel,remove,11,wrimble,https://raw.githubusercontent.com/adadtur/nvrd-sample/master/novel/remove/shape_13_11.png,1,1542,shape_13,
192,Group 6,https://raw.githubusercontent.com/adadtur/nvrd-sample/master/known/dolphin.png,known,texture,8,thrimple,https://raw.githubusercontent.com/adadtur/nvrd-sample/master/known/texture/dolphin_8.png,5,1714,dolphin,
192,Group 6,https://raw.githubusercontent.com/adadtur/nvrd-sample/master/novel/shape_28.png,novel,shape,5,frostling,https://raw.githubusercontent.com/adadtur/nvrd-sample/master/novel/shape/shape_28_5.png,1,1425,shape_28,
192,Group 6,https://raw.githubusercontent.com/adadtur/nvrd-sample/master/modified-shape-texture/checkerboard_tiger.png,modified/shape-texture,texture,8,clentrel,https://raw.githubusercontent.com/adadtur/nvrd-sample/master/modified-shape-texture/texture/checkerboard_tiger_8.png,5,2423,checkerboard_tiger,
192,Group 6,https://raw.githubusercontent.com/adadtur/nvrd-sample/master/known/corkscrew.png,known,background,5,vorthling,https://raw.githubusercontent.com/adadtur/nvrd-sample/master/known/background/corkscrew_5.png,5,2594,corkscrew,
192,Group 6,https://raw.githubusercontent.com/adadtur/nvrd-sample/master/novel/shape_11.png,novel,style,20,scradge,https://raw.githubusercontent.com/adadtur/nvrd-sample/master/novel/style/shape_11_20.png,3,2457,shape_11,
192,Group 6,https://raw.githubusercontent.com/adadtur/nvrd-sample/master/known/golden-retriever.png,known,add,19,froatne,https://raw.githubusercontent.com/adadtur/nvrd-sample/master/known/add/golden-retriever_19.png,1,1217,golden-retriever,
192,Group 6,https://raw.githubusercontent.com/adadtur/nvrd-sample/master/modified-shape-shape/crystal_telescope.png,modified/shape-shape,remove,20,drublit,https://raw.githubusercontent.com/adadtur/nvrd-sample/master/modified-shape-shape/remove/crystal_telescope_20.png,1,2598,crystal_telescope,
192,Group 6,https://raw.githubusercontent.com/adadtur/nvrd-sample/master/modified-shape-shape/bonsai_crystal.png,modified/shape-shape,remove,19,cravish,https://raw.githubusercontent.com/adadtur/nvrd-sample/master/modified-shape-shape/remove/bonsai_crystal_19.png,1,1374,bonsai_crystal,
192,Group 6,https://raw.githubusercontent.com/adadtur/nvrd-sample/master/modified-shape-texture/checkerboard_tv-remote.png,modified/shape-texture,shape,19,grestle,https://raw.githubusercontent.com/adadtur/nvrd-sample/master/modified-shape-texture/shape/checkerboard_tv-remote_19.png,1,1500,checkerboard_tv-remote,
192,Group 6,https://raw.githubusercontent.com/adadtur/nvrd-sample/master/novel/shape_24.png,novel,remove,14,vraxel,https://raw.githubusercontent.com/adadtur/nvrd-sample/master/novel/remove/shape_24_14.png,1,1258,shape_24,
192,Group 6,https://raw.githubusercontent.com/adadtur/nvrd-sample/master/novel/shape_13.png,novel,shape,17,wrimble,https://raw.githubusercontent.com/adadtur/nvrd-sample/master/novel/shape/shape_13_17.png,1,1610,shape_13,
192,Group 6,https://raw.githubusercontent.com/adadtur/nvrd-sample/master/novel/shape_11.png,novel,shape,11,scradge,https://raw.githubusercontent.com/adadtur/nvrd-sample/master/novel/shape/shape_11_11.png,1,1306,shape_11,
192,Group 6,https://raw.githubusercontent.com/adadtur/nvrd-sample/master/known/dolphin.png,,,,rav,https://raw.githubusercontent.com/adadtur/nvrd-sample/master/known/rabbit.png,1,1202,attention_check_5,
192,Group 6,https://raw.githubusercontent.com/adadtur/nvrd-sample/master/novel/shape_16.png,novel,add,11,sdrindle,https://raw.githubusercontent.com/adadtur/nvrd-sample/master/novel/add/shape_16_11.png,1,1481,shape_16,
192,Group 6,https://raw.githubusercontent.com/adadtur/nvrd-sample/master/modified-shape-texture/bird-feathers_saxophone.png,modified/shape-texture,style,5,plonwick,https://raw.githubusercontent.com/adadtur/nvrd-sample/master/modified-shape-texture/style/bird-feathers_saxophone_5.png,5,3405,bird-feathers_saxophone,
192,Group 6,https://raw.githubusercontent.com/adadtur/nvrd-sample/master/known/bee.png,known,color,14,snavish,https://raw.githubusercontent.com/adadtur/nvrd-sample/master/known/color/bee_14.png,3,3340,bee,
192,Group 6,https://raw.githubusercontent.com/adadtur/nvrd-sample/master/modified-shape-shape/bonsai_crystal.png,modified/shape-shape,background,20,cravish,https://raw.githubusercontent.com/adadtur/nvrd-sample/master/modified-shape-shape/background/bonsai_crystal_20.png,5,5520,bonsai_crystal,
192,Group 6,https://raw.githubusercontent.com/adadtur/nvrd-sample/master/known/corkscrew.png,known,color,20,vorthling,https://raw.githubusercontent.com/adadtur/nvrd-sample/master/known/color/corkscrew_20.png,3,1698,corkscrew,
192,Group 6,https://raw.githubusercontent.com/adadtur/nvrd-sample/master/novel/shape_24.png,novel,color,11,vraxel,https://raw.githubusercontent.com/adadtur/nvrd-sample/master/novel/color/shape_24_11.png,3,1494,shape_24,
192,Group 6,https://raw.githubusercontent.com/adadtur/nvrd-sample/master/modified-shape-shape/bonsai_crystal.png,modified/shape-shape,style,19,cravish,https://raw.githubusercontent.com/adadtur/nvrd-sample/master/modified-shape-shape/style/bonsai_crystal_19.png,1,1408,bonsai_crystal,
192,Group 6,https://raw.githubusercontent.com/adadtur/nvrd-sample/master/known/dolphin.png,known,style,20,thrimple,https://raw.githubusercontent.com/adadtur/nvrd-sample/master/known/style/dolphin_20.png,1,1226,dolphin,
192,Group 6,https://raw.githubusercontent.com/adadtur/nvrd-sample/master/known/horse.png,known,shape,14,skelwick,https://raw.githubusercontent.com/adadtur/nvrd-sample/master/known/shape/horse_14.png,1,1129,horse,
192,Group 6,https://raw.githubusercontent.com/adadtur/nvrd-sample/master/novel/shape_16.png,novel,background,19,sdrindle,https://raw.githubusercontent.com/adadtur/nvrd-sample/master/novel/background/shape_16_19.png,4,3130,shape_16,
192,Group 6,https://raw.githubusercontent.com/adadtur/nvrd-sample/master/modified-shape-shape/crystal_telescope.png,modified/shape-shape,texture,2,drublit,https://raw.githubusercontent.com/adadtur/nvrd-sample/master/modified-shape-shape/texture/crystal_telescope_2.png,7,4753,crystal_telescope,
192,Group 6,https://raw.githubusercontent.com/adadtur/nvrd-sample/master/known/rabbit.png,known,texture,19,wrivlet,https://raw.githubusercontent.com/adadtur/nvrd-sample/master/known/texture/rabbit_19.png,4,1657,rabbit,
192,Group 6,,,,,,,,15089,,
180,Group 2,,,,,,,,,,
180,Group 2,,,,,,,,5091,,
180,Group 2,,,,,,,,9998,,
180,Group 2,,,,,,,1,15808,,
180,Group 2,,,,,,,,5392,,
180,Group 2,,,,,,,7,1940,,
180,Group 2,,,,,,,1,3572,,
180,Group 2,,,,,,,7,2780,,
180,Group 2,,,,,,,,6060,,
180,Group 2,,,,,,,3,5478,,
180,Group 2,,,,,,,,2313,,
180,Group 2,https://raw.githubusercontent.com/adadtur/nvrd-sample/master/known/horse.png,known,background,5,skelwick,https://raw.githubusercontent.com/adadtur/nvrd-sample/master/known/background/horse_5.png,7,4311,horse,
180,Group 2,https://raw.githubusercontent.com/adadtur/nvrd-sample/master/known/horse.png,known,color,17,skelwick,https://raw.githubusercontent.com/adadtur/nvrd-sample/master/known/color/horse_17.png,3,16471,horse,
180,Group 2,https://raw.githubusercontent.com/adadtur/nvrd-sample/master/known/golden-retriever.png,known,add,5,froatne,https://raw.githubusercontent.com/adadtur/nvrd-sample/master/known/add/golden-retriever_5.png,3,8320,golden-retriever,
180,Group 2,https://raw.githubusercontent.com/adadtur/nvrd-sample/master/novel/shape_28.png,novel,remove,5,frostling,https://raw.githubusercontent.com/adadtur/nvrd-sample/master/novel/remove/shape_28_5.png,3,9147,shape_28,
180,Group 2,https://raw.githubusercontent.com/adadtur/nvrd-sample/master/novel/shape_19.png,novel,style,2,frentish,https://raw.githubusercontent.com/adadtur/nvrd-sample/master/novel/style/shape_19_2.png,7,3983,shape_19,
180,Group 2,https://raw.githubusercontent.com/adadtur/nvrd-sample/master/novel/shape_13.png,novel,color,5,wrimble,https://raw.githubusercontent.com/adadtur/nvrd-sample/master/novel/color/shape_13_5.png,3,5963,shape_13,
180,Group 2,https://raw.githubusercontent.com/adadtur/nvrd-sample/master/known/corkscrew.png,known,style,20,vorthling,https://raw.githubusercontent.com/adadtur/nvrd-sample/master/known/style/corkscrew_20.png,3,3106,corkscrew,
180,Group 2,https://raw.githubusercontent.com/adadtur/nvrd-sample/master/novel/shape_11.png,novel,style,5,scradge,https://raw.githubusercontent.com/adadtur/nvrd-sample/master/novel/style/shape_11_5.png,3,6150,shape_11,
180,Group 2,https://raw.githubusercontent.com/adadtur/nvrd-sample/master/modified-shape-shape/bonsai_crystal.png,modified/shape-shape,texture,19,cravish,https://raw.githubusercontent.com/adadtur/nvrd-sample/master/modified-shape-shape/texture/bonsai_crystal_19.png,3,3084,bonsai_crystal,
180,Group 2,https://raw.githubusercontent.com/adadtur/nvrd-sample/master/modified-shape-shape/bonsai_crystal.png,modified/shape-shape,texture,20,cravish,https://raw.githubusercontent.com/adadtur/nvrd-sample/master/modified-shape-shape/texture/bonsai_crystal_20.png,3,3728,bonsai_crystal,
180,Group 2,https://raw.githubusercontent.com/adadtur/nvrd-sample/master/modified-shape-texture/checkerboard_tiger.png,modified/shape-texture,add,2,clentrel,https://raw.githubusercontent.com/adadtur/nvrd-sample/master/modified-shape-texture/add/checkerboard_tiger_2.png,3,6597,checkerboard_tiger,
180,Group 2,https://raw.githubusercontent.com/adadtur/nvrd-sample/master/modified-shape-texture/checkerboard_tiger.png,modified/shape-texture,background,11,clentrel,https://raw.githubusercontent.com/adadtur/nvrd-sample/master/modified-shape-texture/background/checkerboard_tiger_11.png,3,4490,checkerboard_tiger,
180,Group 2,https://raw.githubusercontent.com/adadtur/nvrd-sample/master/novel/shape_24.png,novel,shape,19,vraxel,https://raw.githubusercontent.com/adadtur/nvrd-sample/master/novel/shape/shape_24_19.png,1,4498,shape_24,
180,Group 2,https://raw.githubusercontent.com/adadtur/nvrd-sample/master/known/corkscrew.png,known,remove,2,vorthling,https://raw.githubusercontent.com/adadtur/nvrd-sample/master/known/remove/corkscrew_2.png,3,3737,corkscrew,
180,Group 2,https://raw.githubusercontent.com/adadtur/nvrd-sample/master/known/golden-retriever.png,,,,toma,https://raw.githubusercontent.com/adadtur/nvrd-sample/master/known/corkscrew.png,1,1730,attention_check_1,
180,Group 2,https://raw.githubusercontent.com/adadtur/nvrd-sample/master/novel/shape_19.png,novel,shape,19,frentish,https://raw.githubusercontent.com/adadtur/nvrd-sample/master/novel/shape/shape_19_19.png,1,2260,shape_19,
180,Group 2,https://raw.githubusercontent.com/adadtur/nvrd-sample/master/known/bee.png,known,shape,17,snavish,https://raw.githubusercontent.com/adadtur/nvrd-sample/master/known/shape/bee_17.png,7,3745,bee,
180,Group 2,https://raw.githubusercontent.com/adadtur/nvrd-sample/master/known/corkscrew.png,known,style,11,vorthling,https://raw.githubusercontent.com/adadtur/nvrd-sample/master/known/style/corkscrew_11.png,3,2772,corkscrew,
180,Group 2,https://raw.githubusercontent.com/adadtur/nvrd-sample/master/known/rabbit.png,known,color,8,wrivlet,https://raw.githubusercontent.com/adadtur/nvrd-sample/master/known/color/rabbit_8.png,3,1730,rabbit,
180,Group 2,https://raw.githubusercontent.com/adadtur/nvrd-sample/master/known/dolphin.png,known,shape,17,thrimple,https://raw.githubusercontent.com/adadtur/nvrd-sample/master/known/shape/dolphin_17.png,7,4242,dolphin,
180,Group 2,https://raw.githubusercontent.com/adadtur/nvrd-sample/master/novel/shape_11.png,novel,style,11,scradge,https://raw.githubusercontent.com/adadtur/nvrd-sample/master/novel/style/shape_11_11.png,3,3892,shape_11,
180,Group 2,https://raw.githubusercontent.com/adadtur/nvrd-sample/master/modified-shape-texture/bird-feathers_saxophone.png,modified/shape-texture,shape,11,plonwick,https://raw.githubusercontent.com/adadtur/nvrd-sample/master/modified-shape-texture/shape/bird-feathers_saxophone_11.png,3,3698,bird-feathers_saxophone,
180,Group 2,https://raw.githubusercontent.com/adadtur/nvrd-sample/master/novel/shape_13.png,novel,color,17,wrimble,https://raw.githubusercontent.com/adadtur/nvrd-sample/master/novel/color/shape_13_17.png,3,1373,shape_13,
180,Group 2,https://raw.githubusercontent.com/adadtur/nvrd-sample/master/novel/shape_19.png,novel,add,19,frentish,https://raw.githubusercontent.com/adadtur/nvrd-sample/master/novel/add/shape_19_19.png,1,2555,shape_19,
180,Group 2,https://raw.githubusercontent.com/adadtur/nvrd-sample/master/novel/shape_16.png,novel,style,14,sdrindle,https://raw.githubusercontent.com/adadtur/nvrd-sample/master/novel/style/shape_16_14.png,1,1754,shape_16,
180,Group 2,https://raw.githubusercontent.com/adadtur/nvrd-sample/master/novel/shape_13.png,novel,texture,20,wrimble,https://raw.githubusercontent.com/adadtur/nvrd-sample/master/novel/texture/shape_13_20.png,3,2229,shape_13,
180,Group 2,https://raw.githubusercontent.com/adadtur/nvrd-sample/master/novel/shape_13.png,novel,texture,19,wrimble,https://raw.githubusercontent.com/adadtur/nvrd-sample/master/novel/texture/shape_13_19.png,3,248,shape_13,
180,Group 2,https://raw.githubusercontent.com/adadtur/nvrd-sample/master/known/rabbit.png,known,background,19,wrivlet,https://raw.githubusercontent.com/adadtur/nvrd-sample/master/known/background/rabbit_19.png,7,7217,rabbit,
180,Group 2,https://raw.githubusercontent.com/adadtur/nvrd-sample/master/known/golden-retriever.png,known,texture,5,froatne,https://raw.githubusercontent.com/adadtur/nvrd-sample/master/known/texture/golden-retriever_5.png,3,5003,golden-retriever,
180,Group 2,https://raw.githubusercontent.com/adadtur/nvrd-sample/master/known/dolphin.png,,,,blick,https://raw.githubusercontent.com/adadtur/nvrd-sample/master/known/rabbit.png,1,2034,attention_check_2,
180,Group 2,https://raw.githubusercontent.com/adadtur/nvrd-sample/master/known/bee.png,known,shape,5,snavish,https://raw.githubusercontent.com/adadtur/nvrd-sample/master/known/shape/bee_5.png,7,4311,bee,
180,Group 2,https://raw.githubusercontent.com/adadtur/nvrd-sample/master/modified-shape-shape/bonsai_crystal.png,modified/shape-shape,background,14,cravish,https://raw.githubusercontent.com/adadtur/nvrd-sample/master/modified-shape-shape/background/bonsai_crystal_14.png,7,2040,bonsai_crystal,
180,Group 2,https://raw.githubusercontent.com/adadtur/nvrd-sample/master/modified-shape-shape/bonsai_crystal.png,modified/shape-shape,background,11,cravish,https://raw.githubusercontent.com/adadtur/nvrd-sample/master/modified-shape-shape/background/bonsai_crystal_11.png,3,5990,bonsai_crystal,
180,Group 2,https://raw.githubusercontent.com/adadtur/nvrd-sample/master/known/dolphin.png,known,add,11,thrimple,https://raw.githubusercontent.com/adadtur/nvrd-sample/master/known/add/dolphin_11.png,1,2336,dolphin,
180,Group 2,https://raw.githubusercontent.com/adadtur/nvrd-sample/master/novel/shape_13.png,novel,texture,14,wrimble,https://raw.githubusercontent.com/adadtur/nvrd-sample/master/novel/texture/shape_13_14.png,3,2425,shape_13,
180,Group 2,https://raw.githubusercontent.com/adadtur/nvrd-sample/master/novel/shape_28.png,novel,texture,17,frostling,https://raw.githubusercontent.com/adadtur/nvrd-sample/master/novel/texture/shape_28_17.png,3,1450,shape_28,
180,Group 2,https://raw.githubusercontent.com/adadtur/nvrd-sample/master/known/golden-retriever.png,known,color,17,froatne,https://raw.githubusercontent.com/adadtur/nvrd-sample/master/known/color/golden-retriever_17.png,1,2254,golden-retriever,
180,Group 2,https://raw.githubusercontent.com/adadtur/nvrd-sample/master/modified-shape-texture/checkerboard_tv-remote.png,modified/shape-texture,background,11,grestle,https://raw.githubusercontent.com/adadtur/nvrd-sample/master/modified-shape-texture/background/checkerboard_tv-remote_11.png,3,2858,checkerboard_tv-remote,
180,Group 2,https://raw.githubusercontent.com/adadtur/nvrd-sample/master/novel/shape_19.png,novel,style,11,frentish,https://raw.githubusercontent.com/adadtur/nvrd-sample/master/novel/style/shape_19_11.png,1,1730,shape_19,
180,Group 2,https://raw.githubusercontent.com/adadtur/nvrd-sample/master/novel/shape_24.png,novel,remove,20,vraxel,https://raw.githubusercontent.com/adadtur/nvrd-sample/master/novel/remove/shape_24_20.png,1,1630,shape_24,
180,Group 2,https://raw.githubusercontent.com/adadtur/nvrd-sample/master/novel/shape_11.png,novel,background,11,scradge,https://raw.githubusercontent.com/adadtur/nvrd-sample/master/novel/background/shape_11_11.png,7,3860,shape_11,
180,Group 2,https://raw.githubusercontent.com/adadtur/nvrd-sample/master/modified-shape-texture/checkerboard_tiger.png,modified/shape-texture,texture,19,clentrel,https://raw.githubusercontent.com/adadtur/nvrd-sample/master/modified-shape-texture/texture/checkerboard_tiger_19.png,3,2213,checkerboard_tiger,
180,Group 2,https://raw.githubusercontent.com/adadtur/nvrd-sample/master/modified-shape-shape/drone_dagger.png,modified/shape-shape,remove,19,zornett,https://raw.githubusercontent.com/adadtur/nvrd-sample/master/modified-shape-shape/remove/drone_dagger_19.png,1,1568,drone_dagger,
180,Group 2,https://raw.githubusercontent.com/adadtur/nvrd-sample/master/known/dolphin.png,known,shape,14,thrimple,https://raw.githubusercontent.com/adadtur/nvrd-sample/master/known/shape/dolphin_14.png,7,3549,dolphin,
180,Group 2,https://raw.githubusercontent.com/adadtur/nvrd-sample/master/known/rabbit.png,,,,pon,https://raw.githubusercontent.com/adadtur/nvrd-sample/master/known/corkscrew.png,1,2144,attention_check_3,
180,Group 2,https://raw.githubusercontent.com/adadtur/nvrd-sample/master/novel/shape_16.png,novel,color,2,sdrindle,https://raw.githubusercontent.com/adadtur/nvrd-sample/master/novel/color/shape_16_2.png,3,2469,shape_16,
180,Group 2,https://raw.githubusercontent.com/adadtur/nvrd-sample/master/novel/shape_19.png,novel,texture,2,frentish,https://raw.githubusercontent.com/adadtur/nvrd-sample/master/novel/texture/shape_19_2.png,7,3827,shape_19,
180,Group 2,https://raw.githubusercontent.com/adadtur/nvrd-sample/master/known/dolphin.png,known,shape,19,thrimple,https://raw.githubusercontent.com/adadtur/nvrd-sample/master/known/shape/dolphin_19.png,7,2766,dolphin,
180,Group 2,https://raw.githubusercontent.com/adadtur/nvrd-sample/master/novel/shape_16.png,novel,remove,20,sdrindle,https://raw.githubusercontent.com/adadtur/nvrd-sample/master/novel/remove/shape_16_20.png,1,2040,shape_16,
180,Group 2,https://raw.githubusercontent.com/adadtur/nvrd-sample/master/novel/shape_19.png,novel,shape,8,frentish,https://raw.githubusercontent.com/adadtur/nvrd-sample/master/novel/shape/shape_19_8.png,1,1194,shape_19,
180,Group 2,https://raw.githubusercontent.com/adadtur/nvrd-sample/master/known/dolphin.png,known,shape,5,thrimple,https://raw.githubusercontent.com/adadtur/nvrd-sample/master/known/shape/dolphin_5.png,7,2058,dolphin,
180,Group 2,https://raw.githubusercontent.com/adadtur/nvrd-sample/master/novel/shape_13.png,novel,style,14,wrimble,https://raw.githubusercontent.com/adadtur/nvrd-sample/master/novel/style/shape_13_14.png,3,2502,shape_13,
180,Group 2,https://raw.githubusercontent.com/adadtur/nvrd-sample/master/modified-shape-texture/checkerboard_tv-remote.png,modified/shape-texture,background,2,grestle,https://raw.githubusercontent.com/adadtur/nvrd-sample/master/modified-shape-texture/background/checkerboard_tv-remote_2.png,7,6307,checkerboard_tv-remote,
180,Group 2,https://raw.githubusercontent.com/adadtur/nvrd-sample/master/modified-shape-texture/checkerboard_tv-remote.png,modified/shape-texture,remove,8,grestle,https://raw.githubusercontent.com/adadtur/nvrd-sample/master/modified-shape-texture/remove/checkerboard_tv-remote_8.png,1,2825,checkerboard_tv-remote,
180,Group 2,https://raw.githubusercontent.com/adadtur/nvrd-sample/master/known/corkscrew.png,known,style,14,vorthling,https://raw.githubusercontent.com/adadtur/nvrd-sample/master/known/style/corkscrew_14.png,3,1981,corkscrew,
180,Group 2,https://raw.githubusercontent.com/adadtur/nvrd-sample/master/novel/shape_19.png,novel,add,17,frentish,https://raw.githubusercontent.com/adadtur/nvrd-sample/master/novel/add/shape_19_17.png,1,1372,shape_19,
180,Group 2,https://raw.githubusercontent.com/adadtur/nvrd-sample/master/known/horse.png,known,add,11,skelwick,https://raw.githubusercontent.com/adadtur/nvrd-sample/master/known/add/horse_11.png,1,1467,horse,
180,Group 2,https://raw.githubusercontent.com/adadtur/nvrd-sample/master/modified-shape-texture/checkerboard_tv-remote.png,modified/shape-texture,style,20,grestle,https://raw.githubusercontent.com/adadtur/nvrd-sample/master/modified-shape-texture/style/checkerboard_tv-remote_20.png,1,2214,checkerboard_tv-remote,
180,Group 2,https://raw.githubusercontent.com/adadtur/nvrd-sample/master/modified-shape-texture/checkerboard_tv-remote.png,modified/shape-texture,remove,17,grestle,https://raw.githubusercontent.com/adadtur/nvrd-sample/master/modified-shape-texture/remove/checkerboard_tv-remote_17.png,1,1467,checkerboard_tv-remote,
180,Group 2,https://raw.githubusercontent.com/adadtur/nvrd-sample/master/known/corkscrew.png,,,,neb,https://raw.githubusercontent.com/adadtur/nvrd-sample/master/known/golden-retriever.png,1,1677,attention_check_4,
180,Group 2,https://raw.githubusercontent.com/adadtur/nvrd-sample/master/modified-shape-shape/bonsai_crystal.png,modified/shape-shape,add,19,cravish,https://raw.githubusercontent.com/adadtur/nvrd-sample/master/modified-shape-shape/add/bonsai_crystal_19.png,3,4055,bonsai_crystal,
180,Group 2,https://raw.githubusercontent.com/adadtur/nvrd-sample/master/known/dolphin.png,known,remove,2,thrimple,https://raw.githubusercontent.com/adadtur/nvrd-sample/master/known/remove/dolphin_2.png,1,2236,dolphin,
180,Group 2,https://raw.githubusercontent.com/adadtur/nvrd-sample/master/modified-shape-texture/checkerboard_tv-remote.png,modified/shape-texture,remove,20,grestle,https://raw.githubusercontent.com/adadtur/nvrd-sample/master/modified-shape-texture/remove/checkerboard_tv-remote_20.png,1,1320,checkerboard_tv-remote,
180,Group 2,https://raw.githubusercontent.com/adadtur/nvrd-sample/master/modified-shape-shape/bonsai_crystal.png,modified/shape-shape,add,8,cravish,https://raw.githubusercontent.com/adadtur/nvrd-sample/master/modified-shape-shape/add/bonsai_crystal_8.png,3,2057,bonsai_crystal,
180,Group 2,https://raw.githubusercontent.com/adadtur/nvrd-sample/master/modified-shape-shape/bonsai_crystal.png,modified/shape-shape,shape,17,cravish,https://raw.githubusercontent.com/adadtur/nvrd-sample/master/modified-shape-shape/shape/bonsai_crystal_17.png,3,1103,bonsai_crystal,
180,Group 2,https://raw.githubusercontent.com/adadtur/nvrd-sample/master/novel/shape_28.png,novel,remove,2,frostling,https://raw.githubusercontent.com/adadtur/nvrd-sample/master/novel/remove/shape_28_2.png,3,2018,shape_28,
180,Group 2,https://raw.githubusercontent.com/adadtur/nvrd-sample/master/modified-shape-shape/drone_dagger.png,modified/shape-shape,add,5,zornett,https://raw.githubusercontent.com/adadtur/nvrd-sample/master/modified-shape-shape/add/drone_dagger_5.png,3,1630,drone_dagger,
180,Group 2,https://raw.githubusercontent.com/adadtur/nvrd-sample/master/modified-shape-shape/crystal_telescope.png,modified/shape-shape,add,17,drublit,https://raw.githubusercontent.com/adadtur/nvrd-sample/master/modified-shape-shape/add/crystal_telescope_17.png,3,1577,crystal_telescope,
180,Group 2,https://raw.githubusercontent.com/adadtur/nvrd-sample/master/known/corkscrew.png,known,add,19,vorthling,https://raw.githubusercontent.com/adadtur/nvrd-sample/master/known/add/corkscrew_19.png,1,2211,corkscrew,
180,Group 2,https://raw.githubusercontent.com/adadtur/nvrd-sample/master/known/rabbit.png,known,shape,20,wrivlet,https://raw.githubusercontent.com/adadtur/nvrd-sample/master/known/shape/rabbit_20.png,1,1732,rabbit,
180,Group 2,https://raw.githubusercontent.com/adadtur/nvrd-sample/master/modified-shape-texture/bird-feathers_saxophone.png,modified/shape-texture,background,20,plonwick,https://raw.githubusercontent.com/adadtur/nvrd-sample/master/modified-shape-texture/background/bird-feathers_saxophone_20.png,7,2484,bird-feathers_saxophone,
180,Group 2,https://raw.githubusercontent.com/adadtur/nvrd-sample/master/novel/shape_28.png,novel,background,17,frostling,https://raw.githubusercontent.com/adadtur/nvrd-sample/master/novel/background/shape_28_17.png,3,1631,shape_28,
180,Group 2,https://raw.githubusercontent.com/adadtur/nvrd-sample/master/novel/shape_24.png,novel,background,14,vraxel,https://raw.githubusercontent.com/adadtur/nvrd-sample/master/novel/background/shape_24_14.png,7,1514,shape_24,
180,Group 2,https://raw.githubusercontent.com/adadtur/nvrd-sample/master/known/golden-retriever.png,known,texture,14,froatne,https://raw.githubusercontent.com/adadtur/nvrd-sample/master/known/texture/golden-retriever_14.png,3,1412,golden-retriever,
180,Group 2,https://raw.githubusercontent.com/adadtur/nvrd-sample/master/known/dolphin.png,,,,rav,https://raw.githubusercontent.com/adadtur/nvrd-sample/master/known/rabbit.png,1,1631,attention_check_5,
180,Group 2,https://raw.githubusercontent.com/adadtur/nvrd-sample/master/modified-shape-shape/bonsai_crystal.png,modified/shape-shape,color,20,cravish,https://raw.githubusercontent.com/adadtur/nvrd-sample/master/modified-shape-shape/color/bonsai_crystal_20.png,1,1437,bonsai_crystal,
180,Group 2,https://raw.githubusercontent.com/adadtur/nvrd-sample/master/known/corkscrew.png,known,style,5,vorthling,https://raw.githubusercontent.com/adadtur/nvrd-sample/master/known/style/corkscrew_5.png,3,1995,corkscrew,
180,Group 2,https://raw.githubusercontent.com/adadtur/nvrd-sample/master/modified-shape-shape/crystal_telescope.png,modified/shape-shape,remove,14,drublit,https://raw.githubusercontent.com/adadtur/nvrd-sample/master/modified-shape-shape/remove/crystal_telescope_14.png,1,2199,crystal_telescope,
180,Group 2,https://raw.githubusercontent.com/adadtur/nvrd-sample/master/novel/shape_16.png,novel,texture,17,sdrindle,https://raw.githubusercontent.com/adadtur/nvrd-sample/master/novel/texture/shape_16_17.png,3,3346,shape_16,
180,Group 2,https://raw.githubusercontent.com/adadtur/nvrd-sample/master/known/rabbit.png,known,style,17,wrivlet,https://raw.githubusercontent.com/adadtur/nvrd-sample/master/known/style/rabbit_17.png,3,2027,rabbit,
180,Group 2,https://raw.githubusercontent.com/adadtur/nvrd-sample/master/known/golden-retriever.png,known,color,5,froatne,https://raw.githubusercontent.com/adadtur/nvrd-sample/master/known/color/golden-retriever_5.png,3,2484,golden-retriever,
180,Group 2,https://raw.githubusercontent.com/adadtur/nvrd-sample/master/novel/shape_16.png,novel,color,14,sdrindle,https://raw.githubusercontent.com/adadtur/nvrd-sample/master/novel/color/shape_16_14.png,3,1490,shape_16,
180,Group 2,https://raw.githubusercontent.com/adadtur/nvrd-sample/master/known/rabbit.png,known,color,17,wrivlet,https://raw.githubusercontent.com/adadtur/nvrd-sample/master/known/color/rabbit_17.png,3,1130,rabbit,
180,Group 2,https://raw.githubusercontent.com/adadtur/nvrd-sample/master/novel/shape_11.png,novel,background,20,scradge,https://raw.githubusercontent.com/adadtur/nvrd-sample/master/novel/background/shape_11_20.png,3,3282,shape_11,
180,Group 2,https://raw.githubusercontent.com/adadtur/nvrd-sample/master/known/corkscrew.png,known,texture,17,vorthling,https://raw.githubusercontent.com/adadtur/nvrd-sample/master/known/texture/corkscrew_17.png,3,2286,corkscrew,
180,Group 2,https://raw.githubusercontent.com/adadtur/nvrd-sample/master/modified-shape-shape/drone_dagger.png,modified/shape-shape,color,20,zornett,https://raw.githubusercontent.com/adadtur/nvrd-sample/master/modified-shape-shape/color/drone_dagger_20.png,3,1480,drone_dagger,
180,Group 2,https://raw.githubusercontent.com/adadtur/nvrd-sample/master/modified-shape-shape/bonsai_crystal.png,modified/shape-shape,add,2,cravish,https://raw.githubusercontent.com/adadtur/nvrd-sample/master/modified-shape-shape/add/bonsai_crystal_2.png,3,2246,bonsai_crystal,
180,Group 2,https://raw.githubusercontent.com/adadtur/nvrd-sample/master/novel/shape_16.png,novel,color,17,sdrindle,https://raw.githubusercontent.com/adadtur/nvrd-sample/master/novel/color/shape_16_17.png,3,2467,shape_16,
180,Group 2,,,,,,,,20670,,
176,Group 2,,,,,,,,,,
176,Group 2,,,,,,,,8851,,
176,Group 2,,,,,,,,22321,,
176,Group 2,,,,,,,7,5590,,
176,Group 2,,,,,,,1,1698,,
176,Group 2,,,,,,,6,5844,,
176,Group 2,,,,,,,,13068,,
176,Group 2,,,,,,,5,1443,,
176,Group 2,,,,,,,,5644,,
176,Group 2,https://raw.githubusercontent.com/adadtur/nvrd-sample/master/modified-shape-shape/bonsai_crystal.png,modified/shape-shape,texture,20,cravish,https://raw.githubusercontent.com/adadtur/nvrd-sample/master/modified-shape-shape/texture/bonsai_crystal_20.png,6,6882,bonsai_crystal,
176,Group 2,https://raw.githubusercontent.com/adadtur/nvrd-sample/master/novel/shape_19.png,novel,add,19,frentish,https://raw.githubusercontent.com/adadtur/nvrd-sample/master/novel/add/shape_19_19.png,2,6230,shape_19,
176,Group 2,https://raw.githubusercontent.com/adadtur/nvrd-sample/master/known/golden-retriever.png,known,add,5,froatne,https://raw.githubusercontent.com/adadtur/nvrd-sample/master/known/add/golden-retriever_5.png,3,4668,golden-retriever,
176,Group 2,https://raw.githubusercontent.com/adadtur/nvrd-sample/master/modified-shape-texture/checkerboard_tiger.png,modified/shape-texture,add,2,clentrel,https://raw.githubusercontent.com/adadtur/nvrd-sample/master/modified-shape-texture/add/checkerboard_tiger_2.png,5,7032,checkerboard_tiger,
176,Group 2,https://raw.githubusercontent.com/adadtur/nvrd-sample/master/novel/shape_28.png,novel,remove,2,frostling,https://raw.githubusercontent.com/adadtur/nvrd-sample/master/novel/remove/shape_28_2.png,5,7420,shape_28,
176,Group 2,https://raw.githubusercontent.com/adadtur/nvrd-sample/master/novel/shape_13.png,novel,texture,20,wrimble,https://raw.githubusercontent.com/adadtur/nvrd-sample/master/novel/texture/shape_13_20.png,2,7476,shape_13,
176,Group 2,https://raw.githubusercontent.com/adadtur/nvrd-sample/master/known/horse.png,known,add,11,skelwick,https://raw.githubusercontent.com/adadtur/nvrd-sample/master/known/add/horse_11.png,1,4636,horse,
176,Group 2,https://raw.githubusercontent.com/adadtur/nvrd-sample/master/known/dolphin.png,known,add,11,thrimple,https://raw.githubusercontent.com/adadtur/nvrd-sample/master/known/add/dolphin_11.png,2,4569,dolphin,
176,Group 2,https://raw.githubusercontent.com/adadtur/nvrd-sample/master/known/golden-retriever.png,known,color,17,froatne,https://raw.githubusercontent.com/adadtur/nvrd-sample/master/known/color/golden-retriever_17.png,6,5038,golden-retriever,
176,Group 2,https://raw.githubusercontent.com/adadtur/nvrd-sample/master/known/golden-retriever.png,known,texture,14,froatne,https://raw.githubusercontent.com/adadtur/nvrd-sample/master/known/texture/golden-retriever_14.png,6,5546,golden-retriever,
176,Group 2,https://raw.githubusercontent.com/adadtur/nvrd-sample/master/novel/shape_16.png,novel,color,2,sdrindle,https://raw.githubusercontent.com/adadtur/nvrd-sample/master/novel/color/shape_16_2.png,7,5943,shape_16,
176,Group 2,https://raw.githubusercontent.com/adadtur/nvrd-sample/master/novel/shape_11.png,novel,background,11,scradge,https://raw.githubusercontent.com/adadtur/nvrd-sample/master/novel/background/shape_11_11.png,7,8048,shape_11,
176,Group 2,https://raw.githubusercontent.com/adadtur/nvrd-sample/master/modified-shape-texture/checkerboard_tv-remote.png,modified/shape-texture,remove,8,grestle,https://raw.githubusercontent.com/adadtur/nvrd-sample/master/modified-shape-texture/remove/checkerboard_tv-remote_8.png,1,2470,checkerboard_tv-remote,
176,Group 2,https://raw.githubusercontent.com/adadtur/nvrd-sample/master/known/horse.png,known,color,17,skelwick,https://raw.githubusercontent.com/adadtur/nvrd-sample/master/known/color/horse_17.png,7,3426,horse,
176,Group 2,https://raw.githubusercontent.com/adadtur/nvrd-sample/master/known/golden-retriever.png,,,,toma,https://raw.githubusercontent.com/adadtur/nvrd-sample/master/known/corkscrew.png,1,1766,attention_check_1,
176,Group 2,https://raw.githubusercontent.com/adadtur/nvrd-sample/master/known/corkscrew.png,known,style,11,vorthling,https://raw.githubusercontent.com/adadtur/nvrd-sample/master/known/style/corkscrew_11.png,5,4632,corkscrew,
176,Group 2,https://raw.githubusercontent.com/adadtur/nvrd-sample/master/novel/shape_13.png,novel,color,17,wrimble,https://raw.githubusercontent.com/adadtur/nvrd-sample/master/novel/color/shape_13_17.png,6,3890,shape_13,
176,Group 2,https://raw.githubusercontent.com/adadtur/nvrd-sample/master/known/corkscrew.png,known,style,14,vorthling,https://raw.githubusercontent.com/adadtur/nvrd-sample/master/known/style/corkscrew_14.png,5,2998,corkscrew,
176,Group 2,https://raw.githubusercontent.com/adadtur/nvrd-sample/master/known/rabbit.png,known,background,19,wrivlet,https://raw.githubusercontent.com/adadtur/nvrd-sample/master/known/background/rabbit_19.png,7,5982,rabbit,
176,Group 2,https://raw.githubusercontent.com/adadtur/nvrd-sample/master/novel/shape_16.png,novel,color,14,sdrindle,https://raw.githubusercontent.com/adadtur/nvrd-sample/master/novel/color/shape_16_14.png,7,3260,shape_16,
176,Group 2,https://raw.githubusercontent.com/adadtur/nvrd-sample/master/known/bee.png,known,shape,17,snavish,https://raw.githubusercontent.com/adadtur/nvrd-sample/master/known/shape/bee_17.png,6,7520,bee,
176,Group 2,https://raw.githubusercontent.com/adadtur/nvrd-sample/master/modified-shape-shape/bonsai_crystal.png,modified/shape-shape,shape,17,cravish,https://raw.githubusercontent.com/adadtur/nvrd-sample/master/modified-shape-shape/shape/bonsai_crystal_17.png,4,5282,bonsai_crystal,
176,Group 2,https://raw.githubusercontent.com/adadtur/nvrd-sample/master/known/rabbit.png,known,color,8,wrivlet,https://raw.githubusercontent.com/adadtur/nvrd-sample/master/known/color/rabbit_8.png,7,9013,rabbit,
176,Group 2,https://raw.githubusercontent.com/adadtur/nvrd-sample/master/modified-shape-texture/checkerboard_tv-remote.png,modified/shape-texture,background,11,grestle,https://raw.githubusercontent.com/adadtur/nvrd-sample/master/modified-shape-texture/background/checkerboard_tv-remote_11.png,6,5355,checkerboard_tv-remote,
176,Group 2,https://raw.githubusercontent.com/adadtur/nvrd-sample/master/modified-shape-shape/crystal_telescope.png,modified/shape-shape,add,17,drublit,https://raw.githubusercontent.com/adadtur/nvrd-sample/master/modified-shape-shape/add/crystal_telescope_17.png,1,2180,crystal_telescope,
176,Group 2,https://raw.githubusercontent.com/adadtur/nvrd-sample/master/novel/shape_19.png,novel,style,11,frentish,https://raw.githubusercontent.com/adadtur/nvrd-sample/master/novel/style/shape_19_11.png,1,2044,shape_19,
176,Group 2,https://raw.githubusercontent.com/adadtur/nvrd-sample/master/modified-shape-texture/checkerboard_tv-remote.png,modified/shape-texture,remove,20,grestle,https://raw.githubusercontent.com/adadtur/nvrd-sample/master/modified-shape-texture/remove/checkerboard_tv-remote_20.png,1,2520,checkerboard_tv-remote,
176,Group 2,https://raw.githubusercontent.com/adadtur/nvrd-sample/master/known/corkscrew.png,known,style,5,vorthling,https://raw.githubusercontent.com/adadtur/nvrd-sample/master/known/style/corkscrew_5.png,5,4668,corkscrew,
176,Group 2,https://raw.githubusercontent.com/adadtur/nvrd-sample/master/modified-shape-texture/checkerboard_tv-remote.png,modified/shape-texture,background,2,grestle,https://raw.githubusercontent.com/adadtur/nvrd-sample/master/modified-shape-texture/background/checkerboard_tv-remote_2.png,7,3644,checkerboard_tv-remote,
176,Group 2,https://raw.githubusercontent.com/adadtur/nvrd-sample/master/known/dolphin.png,,,,blick,https://raw.githubusercontent.com/adadtur/nvrd-sample/master/known/rabbit.png,1,1574,attention_check_2,
176,Group 2,https://raw.githubusercontent.com/adadtur/nvrd-sample/master/known/rabbit.png,known,style,17,wrivlet,https://raw.githubusercontent.com/adadtur/nvrd-sample/master/known/style/rabbit_17.png,3,5275,rabbit,
176,Group 2,https://raw.githubusercontent.com/adadtur/nvrd-sample/master/modified-shape-texture/bird-feathers_saxophone.png,modified/shape-texture,background,20,plonwick,https://raw.githubusercontent.com/adadtur/nvrd-sample/master/modified-shape-texture/background/bird-feathers_saxophone_20.png,6,3844,bird-feathers_saxophone,
176,Group 2,https://raw.githubusercontent.com/adadtur/nvrd-sample/master/novel/shape_24.png,novel,remove,20,vraxel,https://raw.githubusercontent.com/adadtur/nvrd-sample/master/novel/remove/shape_24_20.png,1,2761,shape_24,
176,Group 2,https://raw.githubusercontent.com/adadtur/nvrd-sample/master/novel/shape_16.png,novel,texture,17,sdrindle,https://raw.githubusercontent.com/adadtur/nvrd-sample/master/novel/texture/shape_16_17.png,3,5604,shape_16,
176,Group 2,https://raw.githubusercontent.com/adadtur/nvrd-sample/master/novel/shape_13.png,novel,color,5,wrimble,https://raw.githubusercontent.com/adadtur/nvrd-sample/master/novel/color/shape_13_5.png,7,4406,shape_13,
176,Group 2,https://raw.githubusercontent.com/adadtur/nvrd-sample/master/modified-shape-texture/checkerboard_tiger.png,modified/shape-texture,background,11,clentrel,https://raw.githubusercontent.com/adadtur/nvrd-sample/master/modified-shape-texture/background/checkerboard_tiger_11.png,6,5766,checkerboard_tiger,
176,Group 2,https://raw.githubusercontent.com/adadtur/nvrd-sample/master/modified-shape-shape/drone_dagger.png,modified/shape-shape,remove,19,zornett,https://raw.githubusercontent.com/adadtur/nvrd-sample/master/modified-shape-shape/remove/drone_dagger_19.png,1,1599,drone_dagger,
176,Group 2,https://raw.githubusercontent.com/adadtur/nvrd-sample/master/novel/shape_16.png,novel,color,17,sdrindle,https://raw.githubusercontent.com/adadtur/nvrd-sample/master/novel/color/shape_16_17.png,5,3991,shape_16,
176,Group 2,https://raw.githubusercontent.com/adadtur/nvrd-sample/master/modified-shape-texture/checkerboard_tv-remote.png,modified/shape-texture,style,20,grestle,https://raw.githubusercontent.com/adadtur/nvrd-sample/master/modified-shape-texture/style/checkerboard_tv-remote_20.png,1,2028,checkerboard_tv-remote,
176,Group 2,https://raw.githubusercontent.com/adadtur/nvrd-sample/master/novel/shape_16.png,novel,remove,20,sdrindle,https://raw.githubusercontent.com/adadtur/nvrd-sample/master/novel/remove/shape_16_20.png,1,1928,shape_16,
176,Group 2,https://raw.githubusercontent.com/adadtur/nvrd-sample/master/novel/shape_11.png,novel,style,5,scradge,https://raw.githubusercontent.com/adadtur/nvrd-sample/master/novel/style/shape_11_5.png,3,5339,shape_11,
176,Group 2,https://raw.githubusercontent.com/adadtur/nvrd-sample/master/known/dolphin.png,known,shape,17,thrimple,https://raw.githubusercontent.com/adadtur/nvrd-sample/master/known/shape/dolphin_17.png,7,6267,dolphin,
176,Group 2,https://raw.githubusercontent.com/adadtur/nvrd-sample/master/novel/shape_19.png,novel,shape,8,frentish,https://raw.githubusercontent.com/adadtur/nvrd-sample/master/novel/shape/shape_19_8.png,1,2368,shape_19,
176,Group 2,https://raw.githubusercontent.com/adadtur/nvrd-sample/master/novel/shape_13.png,novel,style,14,wrimble,https://raw.githubusercontent.com/adadtur/nvrd-sample/master/novel/style/shape_13_14.png,2,4368,shape_13,
176,Group 2,https://raw.githubusercontent.com/adadtur/nvrd-sample/master/known/rabbit.png,,,,pon,https://raw.githubusercontent.com/adadtur/nvrd-sample/master/known/corkscrew.png,1,1306,attention_check_3,
176,Group 2,https://raw.githubusercontent.com/adadtur/nvrd-sample/master/novel/shape_11.png,novel,background,20,scradge,https://raw.githubusercontent.com/adadtur/nvrd-sample/master/novel/background/shape_11_20.png,6,4075,shape_11,
176,Group 2,https://raw.githubusercontent.com/adadtur/nvrd-sample/master/modified-shape-shape/bonsai_crystal.png,modified/shape-shape,add,19,cravish,https://raw.githubusercontent.com/adadtur/nvrd-sample/master/modified-shape-shape/add/bonsai_crystal_19.png,3,3436,bonsai_crystal,
176,Group 2,https://raw.githubusercontent.com/adadtur/nvrd-sample/master/known/corkscrew.png,known,remove,2,vorthling,https://raw.githubusercontent.com/adadtur/nvrd-sample/master/known/remove/corkscrew_2.png,3,6128,corkscrew,
176,Group 2,https://raw.githubusercontent.com/adadtur/nvrd-sample/master/novel/shape_24.png,novel,shape,19,vraxel,https://raw.githubusercontent.com/adadtur/nvrd-sample/master/novel/shape/shape_24_19.png,1,3414,shape_24,
176,Group 2,https://raw.githubusercontent.com/adadtur/nvrd-sample/master/modified-shape-shape/bonsai_crystal.png,modified/shape-shape,texture,19,cravish,https://raw.githubusercontent.com/adadtur/nvrd-sample/master/modified-shape-shape/texture/bonsai_crystal_19.png,6,4175,bonsai_crystal,
176,Group 2,https://raw.githubusercontent.com/adadtur/nvrd-sample/master/known/corkscrew.png,known,add,19,vorthling,https://raw.githubusercontent.com/adadtur/nvrd-sample/master/known/add/corkscrew_19.png,1,6007,corkscrew,
176,Group 2,https://raw.githubusercontent.com/adadtur/nvrd-sample/master/modified-shape-shape/bonsai_crystal.png,modified/shape-shape,add,8,cravish,https://raw.githubusercontent.com/adadtur/nvrd-sample/master/modified-shape-shape/add/bonsai_crystal_8.png,3,3367,bonsai_crystal,
176,Group 2,https://raw.githubusercontent.com/adadtur/nvrd-sample/master/modified-shape-texture/checkerboard_tiger.png,modified/shape-texture,texture,19,clentrel,https://raw.githubusercontent.com/adadtur/nvrd-sample/master/modified-shape-texture/texture/checkerboard_tiger_19.png,5,3336,checkerboard_tiger,
176,Group 2,https://raw.githubusercontent.com/adadtur/nvrd-sample/master/novel/shape_19.png,novel,texture,2,frentish,https://raw.githubusercontent.com/adadtur/nvrd-sample/master/novel/texture/shape_19_2.png,7,3953,shape_19,
176,Group 2,https://raw.githubusercontent.com/adadtur/nvrd-sample/master/known/rabbit.png,known,color,17,wrivlet,https://raw.githubusercontent.com/adadtur/nvrd-sample/master/known/color/rabbit_17.png,6,3474,rabbit,
176,Group 2,https://raw.githubusercontent.com/adadtur/nvrd-sample/master/novel/shape_13.png,novel,texture,14,wrimble,https://raw.githubusercontent.com/adadtur/nvrd-sample/master/novel/texture/shape_13_14.png,5,2784,shape_13,
176,Group 2,https://raw.githubusercontent.com/adadtur/nvrd-sample/master/known/golden-retriever.png,known,texture,5,froatne,https://raw.githubusercontent.com/adadtur/nvrd-sample/master/known/texture/golden-retriever_5.png,7,2051,golden-retriever,
176,Group 2,https://raw.githubusercontent.com/adadtur/nvrd-sample/master/novel/shape_19.png,novel,shape,19,frentish,https://raw.githubusercontent.com/adadtur/nvrd-sample/master/novel/shape/shape_19_19.png,1,2452,shape_19,
176,Group 2,https://raw.githubusercontent.com/adadtur/nvrd-sample/master/known/bee.png,known,shape,5,snavish,https://raw.githubusercontent.com/adadtur/nvrd-sample/master/known/shape/bee_5.png,7,4791,bee,
176,Group 2,https://raw.githubusercontent.com/adadtur/nvrd-sample/master/known/corkscrew.png,,,,neb,https://raw.githubusercontent.com/adadtur/nvrd-sample/master/known/golden-retriever.png,1,1428,attention_check_4,
176,Group 2,https://raw.githubusercontent.com/adadtur/nvrd-sample/master/novel/shape_13.png,novel,texture,19,wrimble,https://raw.githubusercontent.com/adadtur/nvrd-sample/master/novel/texture/shape_13_19.png,3,3213,shape_13,
176,Group 2,https://raw.githubusercontent.com/adadtur/nvrd-sample/master/modified-shape-shape/bonsai_crystal.png,modified/shape-shape,background,14,cravish,https://raw.githubusercontent.com/adadtur/nvrd-sample/master/modified-shape-shape/background/bonsai_crystal_14.png,6,3153,bonsai_crystal,
176,Group 2,https://raw.githubusercontent.com/adadtur/nvrd-sample/master/novel/shape_28.png,novel,texture,17,frostling,https://raw.githubusercontent.com/adadtur/nvrd-sample/master/novel/texture/shape_28_17.png,3,6028,shape_28,
176,Group 2,https://raw.githubusercontent.com/adadtur/nvrd-sample/master/modified-shape-texture/checkerboard_tv-remote.png,modified/shape-texture,remove,17,grestle,https://raw.githubusercontent.com/adadtur/nvrd-sample/master/modified-shape-texture/remove/checkerboard_tv-remote_17.png,1,1760,checkerboard_tv-remote,
176,Group 2,https://raw.githubusercontent.com/adadtur/nvrd-sample/master/known/golden-retriever.png,known,color,5,froatne,https://raw.githubusercontent.com/adadtur/nvrd-sample/master/known/color/golden-retriever_5.png,7,3034,golden-retriever,
176,Group 2,https://raw.githubusercontent.com/adadtur/nvrd-sample/master/modified-shape-texture/bird-feathers_saxophone.png,modified/shape-texture,shape,11,plonwick,https://raw.githubusercontent.com/adadtur/nvrd-sample/master/modified-shape-texture/shape/bird-feathers_saxophone_11.png,2,4125,bird-feathers_saxophone,
176,Group 2,https://raw.githubusercontent.com/adadtur/nvrd-sample/master/novel/shape_16.png,novel,style,14,sdrindle,https://raw.githubusercontent.com/adadtur/nvrd-sample/master/novel/style/shape_16_14.png,1,2974,shape_16,
176,Group 2,https://raw.githubusercontent.com/adadtur/nvrd-sample/master/novel/shape_19.png,novel,style,2,frentish,https://raw.githubusercontent.com/adadtur/nvrd-sample/master/novel/style/shape_19_2.png,7,3037,shape_19,
176,Group 2,https://raw.githubusercontent.com/adadtur/nvrd-sample/master/modified-shape-shape/bonsai_crystal.png,modified/shape-shape,background,11,cravish,https://raw.githubusercontent.com/adadtur/nvrd-sample/master/modified-shape-shape/background/bonsai_crystal_11.png,7,3938,bonsai_crystal,
176,Group 2,https://raw.githubusercontent.com/adadtur/nvrd-sample/master/known/rabbit.png,known,shape,20,wrivlet,https://raw.githubusercontent.com/adadtur/nvrd-sample/master/known/shape/rabbit_20.png,3,4843,rabbit,
176,Group 2,https://raw.githubusercontent.com/adadtur/nvrd-sample/master/novel/shape_19.png,novel,add,17,frentish,https://raw.githubusercontent.com/adadtur/nvrd-sample/master/novel/add/shape_19_17.png,2,3074,shape_19,
176,Group 2,https://raw.githubusercontent.com/adadtur/nvrd-sample/master/modified-shape-shape/drone_dagger.png,modified/shape-shape,add,5,zornett,https://raw.githubusercontent.com/adadtur/nvrd-sample/master/modified-shape-shape/add/drone_dagger_5.png,2,5899,drone_dagger,
176,Group 2,https://raw.githubusercontent.com/adadtur/nvrd-sample/master/known/corkscrew.png,known,texture,17,vorthling,https://raw.githubusercontent.com/adadtur/nvrd-sample/master/known/texture/corkscrew_17.png,5,4212,corkscrew,
176,Group 2,https://raw.githubusercontent.com/adadtur/nvrd-sample/master/novel/shape_28.png,novel,background,17,frostling,https://raw.githubusercontent.com/adadtur/nvrd-sample/master/novel/background/shape_28_17.png,7,7306,shape_28,
176,Group 2,https://raw.githubusercontent.com/adadtur/nvrd-sample/master/known/dolphin.png,,,,rav,https://raw.githubusercontent.com/adadtur/nvrd-sample/master/known/rabbit.png,1,1952,attention_check_5,
176,Group 2,https://raw.githubusercontent.com/adadtur/nvrd-sample/master/novel/shape_11.png,novel,style,11,scradge,https://raw.githubusercontent.com/adadtur/nvrd-sample/master/novel/style/shape_11_11.png,3,4213,shape_11,
176,Group 2,https://raw.githubusercontent.com/adadtur/nvrd-sample/master/modified-shape-shape/crystal_telescope.png,modified/shape-shape,remove,14,drublit,https://raw.githubusercontent.com/adadtur/nvrd-sample/master/modified-shape-shape/remove/crystal_telescope_14.png,1,1585,crystal_telescope,
176,Group 2,https://raw.githubusercontent.com/adadtur/nvrd-sample/master/modified-shape-shape/bonsai_crystal.png,modified/shape-shape,color,20,cravish,https://raw.githubusercontent.com/adadtur/nvrd-sample/master/modified-shape-shape/color/bonsai_crystal_20.png,5,2182,bonsai_crystal,
176,Group 2,https://raw.githubusercontent.com/adadtur/nvrd-sample/master/known/corkscrew.png,known,style,20,vorthling,https://raw.githubusercontent.com/adadtur/nvrd-sample/master/known/style/corkscrew_20.png,2,2743,corkscrew,
176,Group 2,https://raw.githubusercontent.com/adadtur/nvrd-sample/master/known/dolphin.png,known,shape,5,thrimple,https://raw.githubusercontent.com/adadtur/nvrd-sample/master/known/shape/dolphin_5.png,7,6877,dolphin,
176,Group 2,https://raw.githubusercontent.com/adadtur/nvrd-sample/master/known/dolphin.png,known,shape,14,thrimple,https://raw.githubusercontent.com/adadtur/nvrd-sample/master/known/shape/dolphin_14.png,6,2828,dolphin,
176,Group 2,https://raw.githubusercontent.com/adadtur/nvrd-sample/master/novel/shape_28.png,novel,remove,5,frostling,https://raw.githubusercontent.com/adadtur/nvrd-sample/master/novel/remove/shape_28_5.png,3,2890,shape_28,
176,Group 2,https://raw.githubusercontent.com/adadtur/nvrd-sample/master/known/dolphin.png,known,shape,19,thrimple,https://raw.githubusercontent.com/adadtur/nvrd-sample/master/known/shape/dolphin_19.png,7,4715,dolphin,
176,Group 2,https://raw.githubusercontent.com/adadtur/nvrd-sample/master/known/dolphin.png,known,remove,2,thrimple,https://raw.githubusercontent.com/adadtur/nvrd-sample/master/known/remove/dolphin_2.png,3,2974,dolphin,
176,Group 2,https://raw.githubusercontent.com/adadtur/nvrd-sample/master/novel/shape_24.png,novel,background,14,vraxel,https://raw.githubusercontent.com/adadtur/nvrd-sample/master/novel/background/shape_24_14.png,7,7067,shape_24,
176,Group 2,https://raw.githubusercontent.com/adadtur/nvrd-sample/master/modified-shape-shape/drone_dagger.png,modified/shape-shape,color,20,zornett,https://raw.githubusercontent.com/adadtur/nvrd-sample/master/modified-shape-shape/color/drone_dagger_20.png,6,1828,drone_dagger,
176,Group 2,https://raw.githubusercontent.com/adadtur/nvrd-sample/master/modified-shape-shape/bonsai_crystal.png,modified/shape-shape,add,2,cravish,https://raw.githubusercontent.com/adadtur/nvrd-sample/master/modified-shape-shape/add/bonsai_crystal_2.png,6,5338,bonsai_crystal,
176,Group 2,https://raw.githubusercontent.com/adadtur/nvrd-sample/master/known/horse.png,known,background,5,skelwick,https://raw.githubusercontent.com/adadtur/nvrd-sample/master/known/background/horse_5.png,7,6439,horse,
176,Group 2,,,,,,,,2854,,
172,Group 2,,,,,,,,,,
172,Group 2,,,,,,,,3632,,
172,Group 2,,,,,,,,194134,,
172,Group 2,,,,,,,1,3428,,
172,Group 2,,,,,,,,4498,,
172,Group 2,,,,,,,7,1863,,
172,Group 2,,,,,,,1,1564,,
172,Group 2,,,,,,,5,1415,,
172,Group 2,,,,,,,,6866,,
172,Group 2,https://raw.githubusercontent.com/adadtur/nvrd-sample/master/known/rabbit.png,known,shape,20,wrivlet,https://raw.githubusercontent.com/adadtur/nvrd-sample/master/known/shape/rabbit_20.png,5,14532,rabbit,
172,Group 2,https://raw.githubusercontent.com/adadtur/nvrd-sample/master/modified-shape-shape/drone_dagger.png,modified/shape-shape,add,5,zornett,https://raw.githubusercontent.com/adadtur/nvrd-sample/master/modified-shape-shape/add/drone_dagger_5.png,5,1780,drone_dagger,
172,Group 2,https://raw.githubusercontent.com/adadtur/nvrd-sample/master/modified-shape-texture/checkerboard_tv-remote.png,modified/shape-texture,background,2,grestle,https://raw.githubusercontent.com/adadtur/nvrd-sample/master/modified-shape-texture/background/checkerboard_tv-remote_2.png,7,1832,checkerboard_tv-remote,
172,Group 2,https://raw.githubusercontent.com/adadtur/nvrd-sample/master/known/corkscrew.png,known,texture,17,vorthling,https://raw.githubusercontent.com/adadtur/nvrd-sample/master/known/texture/corkscrew_17.png,5,1047,corkscrew,
172,Group 2,https://raw.githubusercontent.com/adadtur/nvrd-sample/master/novel/shape_19.png,novel,style,11,frentish,https://raw.githubusercontent.com/adadtur/nvrd-sample/master/novel/style/shape_19_11.png,4,1482,shape_19,
172,Group 2,https://raw.githubusercontent.com/adadtur/nvrd-sample/master/known/golden-retriever.png,known,texture,5,froatne,https://raw.githubusercontent.com/adadtur/nvrd-sample/master/known/texture/golden-retriever_5.png,6,1765,golden-retriever,
172,Group 2,https://raw.githubusercontent.com/adadtur/nvrd-sample/master/known/dolphin.png,known,shape,19,thrimple,https://raw.githubusercontent.com/adadtur/nvrd-sample/master/known/shape/dolphin_19.png,6,1382,dolphin,
172,Group 2,https://raw.githubusercontent.com/adadtur/nvrd-sample/master/novel/shape_11.png,novel,style,11,scradge,https://raw.githubusercontent.com/adadtur/nvrd-sample/master/novel/style/shape_11_11.png,5,1114,shape_11,
172,Group 2,https://raw.githubusercontent.com/adadtur/nvrd-sample/master/modified-shape-shape/bonsai_crystal.png,modified/shape-shape,shape,17,cravish,https://raw.githubusercontent.com/adadtur/nvrd-sample/master/modified-shape-shape/shape/bonsai_crystal_17.png,5,1598,bonsai_crystal,
172,Group 2,https://raw.githubusercontent.com/adadtur/nvrd-sample/master/known/rabbit.png,known,color,8,wrivlet,https://raw.githubusercontent.com/adadtur/nvrd-sample/master/known/color/rabbit_8.png,6,1630,rabbit,
172,Group 2,https://raw.githubusercontent.com/adadtur/nvrd-sample/master/known/rabbit.png,known,style,17,wrivlet,https://raw.githubusercontent.com/adadtur/nvrd-sample/master/known/style/rabbit_17.png,5,997,rabbit,
172,Group 2,https://raw.githubusercontent.com/adadtur/nvrd-sample/master/known/corkscrew.png,known,remove,2,vorthling,https://raw.githubusercontent.com/adadtur/nvrd-sample/master/known/remove/corkscrew_2.png,6,1515,corkscrew,
172,Group 2,https://raw.githubusercontent.com/adadtur/nvrd-sample/master/known/corkscrew.png,known,style,11,vorthling,https://raw.githubusercontent.com/adadtur/nvrd-sample/master/known/style/corkscrew_11.png,6,1147,corkscrew,
172,Group 2,https://raw.githubusercontent.com/adadtur/nvrd-sample/master/novel/shape_13.png,novel,texture,14,wrimble,https://raw.githubusercontent.com/adadtur/nvrd-sample/master/novel/texture/shape_13_14.png,5,1783,shape_13,
172,Group 2,https://raw.githubusercontent.com/adadtur/nvrd-sample/master/known/golden-retriever.png,,,,toma,https://raw.githubusercontent.com/adadtur/nvrd-sample/master/known/corkscrew.png,1,2315,attention_check_1,
172,Group 2,https://raw.githubusercontent.com/adadtur/nvrd-sample/master/novel/shape_16.png,novel,color,14,sdrindle,https://raw.githubusercontent.com/adadtur/nvrd-sample/master/novel/color/shape_16_14.png,4,2549,shape_16,
172,Group 2,https://raw.githubusercontent.com/adadtur/nvrd-sample/master/modified-shape-texture/checkerboard_tiger.png,modified/shape-texture,add,2,clentrel,https://raw.githubusercontent.com/adadtur/nvrd-sample/master/modified-shape-texture/add/checkerboard_tiger_2.png,5,2447,checkerboard_tiger,
172,Group 2,https://raw.githubusercontent.com/adadtur/nvrd-sample/master/known/dolphin.png,known,add,11,thrimple,https://raw.githubusercontent.com/adadtur/nvrd-sample/master/known/add/dolphin_11.png,4,2164,dolphin,
172,Group 2,https://raw.githubusercontent.com/adadtur/nvrd-sample/master/modified-shape-texture/checkerboard_tiger.png,modified/shape-texture,texture,19,clentrel,https://raw.githubusercontent.com/adadtur/nvrd-sample/master/modified-shape-texture/texture/checkerboard_tiger_19.png,4,69600,checkerboard_tiger,
172,Group 2,https://raw.githubusercontent.com/adadtur/nvrd-sample/master/known/golden-retriever.png,known,add,5,froatne,https://raw.githubusercontent.com/adadtur/nvrd-sample/master/known/add/golden-retriever_5.png,4,1580,golden-retriever,
172,Group 2,https://raw.githubusercontent.com/adadtur/nvrd-sample/master/novel/shape_16.png,novel,texture,17,sdrindle,https://raw.githubusercontent.com/adadtur/nvrd-sample/master/novel/texture/shape_16_17.png,4,3165,shape_16,
172,Group 2,https://raw.githubusercontent.com/adadtur/nvrd-sample/master/modified-shape-texture/checkerboard_tv-remote.png,modified/shape-texture,remove,8,grestle,https://raw.githubusercontent.com/adadtur/nvrd-sample/master/modified-shape-texture/remove/checkerboard_tv-remote_8.png,3,5948,checkerboard_tv-remote,
172,Group 2,https://raw.githubusercontent.com/adadtur/nvrd-sample/master/novel/shape_24.png,novel,remove,20,vraxel,https://raw.githubusercontent.com/adadtur/nvrd-sample/master/novel/remove/shape_24_20.png,1,1482,shape_24,
172,Group 2,https://raw.githubusercontent.com/adadtur/nvrd-sample/master/modified-shape-shape/drone_dagger.png,modified/shape-shape,remove,19,zornett,https://raw.githubusercontent.com/adadtur/nvrd-sample/master/modified-shape-shape/remove/drone_dagger_19.png,1,1698,drone_dagger,
172,Group 2,https://raw.githubusercontent.com/adadtur/nvrd-sample/master/modified-shape-shape/crystal_telescope.png,modified/shape-shape,add,17,drublit,https://raw.githubusercontent.com/adadtur/nvrd-sample/master/modified-shape-shape/add/crystal_telescope_17.png,1,1380,crystal_telescope,
172,Group 2,https://raw.githubusercontent.com/adadtur/nvrd-sample/master/known/corkscrew.png,known,style,14,vorthling,https://raw.githubusercontent.com/adadtur/nvrd-sample/master/known/style/corkscrew_14.png,5,2817,corkscrew,
172,Group 2,https://raw.githubusercontent.com/adadtur/nvrd-sample/master/modified-shape-texture/bird-feathers_saxophone.png,modified/shape-texture,shape,11,plonwick,https://raw.githubusercontent.com/adadtur/nvrd-sample/master/modified-shape-texture/shape/bird-feathers_saxophone_11.png,5,1132,bird-feathers_saxophone,
172,Group 2,https://raw.githubusercontent.com/adadtur/nvrd-sample/master/known/golden-retriever.png,known,texture,14,froatne,https://raw.githubusercontent.com/adadtur/nvrd-sample/master/known/texture/golden-retriever_14.png,4,1131,golden-retriever,
172,Group 2,https://raw.githubusercontent.com/adadtur/nvrd-sample/master/known/horse.png,known,background,5,skelwick,https://raw.githubusercontent.com/adadtur/nvrd-sample/master/known/background/horse_5.png,6,1115,horse,
172,Group 2,https://raw.githubusercontent.com/adadtur/nvrd-sample/master/known/dolphin.png,,,,blick,https://raw.githubusercontent.com/adadtur/nvrd-sample/master/known/rabbit.png,1,1747,attention_check_2,
172,Group 2,https://raw.githubusercontent.com/adadtur/nvrd-sample/master/novel/shape_28.png,novel,background,17,frostling,https://raw.githubusercontent.com/adadtur/nvrd-sample/master/novel/background/shape_28_17.png,6,1466,shape_28,
172,Group 2,https://raw.githubusercontent.com/adadtur/nvrd-sample/master/known/bee.png,known,shape,17,snavish,https://raw.githubusercontent.com/adadtur/nvrd-sample/master/known/shape/bee_17.png,7,1548,bee,
172,Group 2,https://raw.githubusercontent.com/adadtur/nvrd-sample/master/novel/shape_13.png,novel,color,5,wrimble,https://raw.githubusercontent.com/adadtur/nvrd-sample/master/novel/color/shape_13_5.png,7,1415,shape_13,
172,Group 2,https://raw.githubusercontent.com/adadtur/nvrd-sample/master/novel/shape_16.png,novel,remove,20,sdrindle,https://raw.githubusercontent.com/adadtur/nvrd-sample/master/novel/remove/shape_16_20.png,1,1764,shape_16,
172,Group 2,https://raw.githubusercontent.com/adadtur/nvrd-sample/master/modified-shape-texture/checkerboard_tiger.png,modified/shape-texture,background,11,clentrel,https://raw.githubusercontent.com/adadtur/nvrd-sample/master/modified-shape-texture/background/checkerboard_tiger_11.png,7,1282,checkerboard_tiger,
172,Group 2,https://raw.githubusercontent.com/adadtur/nvrd-sample/master/novel/shape_28.png,novel,texture,17,frostling,https://raw.githubusercontent.com/adadtur/nvrd-sample/master/novel/texture/shape_28_17.png,6,1331,shape_28,
172,Group 2,https://raw.githubusercontent.com/adadtur/nvrd-sample/master/novel/shape_19.png,novel,texture,2,frentish,https://raw.githubusercontent.com/adadtur/nvrd-sample/master/novel/texture/shape_19_2.png,7,1180,shape_19,
172,Group 2,https://raw.githubusercontent.com/adadtur/nvrd-sample/master/modified-shape-shape/bonsai_crystal.png,modified/shape-shape,add,2,cravish,https://raw.githubusercontent.com/adadtur/nvrd-sample/master/modified-shape-shape/add/bonsai_crystal_2.png,7,1315,bonsai_crystal,
172,Group 2,https://raw.githubusercontent.com/adadtur/nvrd-sample/master/known/rabbit.png,known,color,17,wrivlet,https://raw.githubusercontent.com/adadtur/nvrd-sample/master/known/color/rabbit_17.png,2,2033,rabbit,
172,Group 2,https://raw.githubusercontent.com/adadtur/nvrd-sample/master/modified-shape-shape/drone_dagger.png,modified/shape-shape,color,20,zornett,https://raw.githubusercontent.com/adadtur/nvrd-sample/master/modified-shape-shape/color/drone_dagger_20.png,5,2731,drone_dagger,
172,Group 2,https://raw.githubusercontent.com/adadtur/nvrd-sample/master/novel/shape_19.png,novel,shape,8,frentish,https://raw.githubusercontent.com/adadtur/nvrd-sample/master/novel/shape/shape_19_8.png,6,1231,shape_19,
172,Group 2,https://raw.githubusercontent.com/adadtur/nvrd-sample/master/novel/shape_19.png,novel,shape,19,frentish,https://raw.githubusercontent.com/adadtur/nvrd-sample/master/novel/shape/shape_19_19.png,5,1248,shape_19,
172,Group 2,https://raw.githubusercontent.com/adadtur/nvrd-sample/master/modified-shape-texture/checkerboard_tv-remote.png,modified/shape-texture,remove,20,grestle,https://raw.githubusercontent.com/adadtur/nvrd-sample/master/modified-shape-texture/remove/checkerboard_tv-remote_20.png,1,1581,checkerboard_tv-remote,
172,Group 2,https://raw.githubusercontent.com/adadtur/nvrd-sample/master/novel/shape_19.png,novel,style,2,frentish,https://raw.githubusercontent.com/adadtur/nvrd-sample/master/novel/style/shape_19_2.png,7,2414,shape_19,
172,Group 2,https://raw.githubusercontent.com/adadtur/nvrd-sample/master/known/rabbit.png,,,,pon,https://raw.githubusercontent.com/adadtur/nvrd-sample/master/known/corkscrew.png,1,5314,attention_check_3,
172,Group 2,https://raw.githubusercontent.com/adadtur/nvrd-sample/master/novel/shape_28.png,novel,remove,5,frostling,https://raw.githubusercontent.com/adadtur/nvrd-sample/master/novel/remove/shape_28_5.png,5,1300,shape_28,
172,Group 2,https://raw.githubusercontent.com/adadtur/nvrd-sample/master/novel/shape_13.png,novel,texture,20,wrimble,https://raw.githubusercontent.com/adadtur/nvrd-sample/master/novel/texture/shape_13_20.png,5,1148,shape_13,
172,Group 2,https://raw.githubusercontent.com/adadtur/nvrd-sample/master/known/horse.png,known,add,11,skelwick,https://raw.githubusercontent.com/adadtur/nvrd-sample/master/known/add/horse_11.png,5,1231,horse,
172,Group 2,https://raw.githubusercontent.com/adadtur/nvrd-sample/master/known/corkscrew.png,known,style,20,vorthling,https://raw.githubusercontent.com/adadtur/nvrd-sample/master/known/style/corkscrew_20.png,5,1166,corkscrew,
172,Group 2,https://raw.githubusercontent.com/adadtur/nvrd-sample/master/known/horse.png,known,color,17,skelwick,https://raw.githubusercontent.com/adadtur/nvrd-sample/master/known/color/horse_17.png,5,1147,horse,
172,Group 2,https://raw.githubusercontent.com/adadtur/nvrd-sample/master/novel/shape_13.png,novel,color,17,wrimble,https://raw.githubusercontent.com/adadtur/nvrd-sample/master/novel/color/shape_13_17.png,5,798,shape_13,
172,Group 2,https://raw.githubusercontent.com/adadtur/nvrd-sample/master/known/golden-retriever.png,known,color,5,froatne,https://raw.githubusercontent.com/adadtur/nvrd-sample/master/known/color/golden-retriever_5.png,7,14565,golden-retriever,
172,Group 2,https://raw.githubusercontent.com/adadtur/nvrd-sample/master/known/bee.png,known,shape,5,snavish,https://raw.githubusercontent.com/adadtur/nvrd-sample/master/known/shape/bee_5.png,7,1714,bee,
172,Group 2,https://raw.githubusercontent.com/adadtur/nvrd-sample/master/known/golden-retriever.png,known,color,17,froatne,https://raw.githubusercontent.com/adadtur/nvrd-sample/master/known/color/golden-retriever_17.png,5,34573,golden-retriever,
172,Group 2,https://raw.githubusercontent.com/adadtur/nvrd-sample/master/novel/shape_11.png,novel,style,5,scradge,https://raw.githubusercontent.com/adadtur/nvrd-sample/master/novel/style/shape_11_5.png,5,1357,shape_11,
172,Group 2,https://raw.githubusercontent.com/adadtur/nvrd-sample/master/known/corkscrew.png,known,add,19,vorthling,https://raw.githubusercontent.com/adadtur/nvrd-sample/master/known/add/corkscrew_19.png,4,1381,corkscrew,
172,Group 2,https://raw.githubusercontent.com/adadtur/nvrd-sample/master/known/dolphin.png,known,shape,17,thrimple,https://raw.githubusercontent.com/adadtur/nvrd-sample/master/known/shape/dolphin_17.png,6,1247,dolphin,
172,Group 2,https://raw.githubusercontent.com/adadtur/nvrd-sample/master/novel/shape_16.png,novel,color,2,sdrindle,https://raw.githubusercontent.com/adadtur/nvrd-sample/master/novel/color/shape_16_2.png,7,1633,shape_16,
172,Group 2,https://raw.githubusercontent.com/adadtur/nvrd-sample/master/known/rabbit.png,known,background,19,wrivlet,https://raw.githubusercontent.com/adadtur/nvrd-sample/master/known/background/rabbit_19.png,7,965,rabbit,
172,Group 2,https://raw.githubusercontent.com/adadtur/nvrd-sample/master/known/corkscrew.png,,,,neb,https://raw.githubusercontent.com/adadtur/nvrd-sample/master/known/golden-retriever.png,1,2231,attention_check_4,
172,Group 2,https://raw.githubusercontent.com/adadtur/nvrd-sample/master/modified-shape-shape/bonsai_crystal.png,modified/shape-shape,add,8,cravish,https://raw.githubusercontent.com/adadtur/nvrd-sample/master/modified-shape-shape/add/bonsai_crystal_8.png,5,1716,bonsai_crystal,
172,Group 2,https://raw.githubusercontent.com/adadtur/nvrd-sample/master/modified-shape-shape/bonsai_crystal.png,modified/shape-shape,color,20,cravish,https://raw.githubusercontent.com/adadtur/nvrd-sample/master/modified-shape-shape/color/bonsai_crystal_20.png,4,1481,bonsai_crystal,
172,Group 2,https://raw.githubusercontent.com/adadtur/nvrd-sample/master/novel/shape_16.png,novel,color,17,sdrindle,https://raw.githubusercontent.com/adadtur/nvrd-sample/master/novel/color/shape_16_17.png,5,1147,shape_16,
172,Group 2,https://raw.githubusercontent.com/adadtur/nvrd-sample/master/modified-shape-texture/bird-feathers_saxophone.png,modified/shape-texture,background,20,plonwick,https://raw.githubusercontent.com/adadtur/nvrd-sample/master/modified-shape-texture/background/bird-feathers_saxophone_20.png,6,1298,bird-feathers_saxophone,
172,Group 2,https://raw.githubusercontent.com/adadtur/nvrd-sample/master/known/corkscrew.png,known,style,5,vorthling,https://raw.githubusercontent.com/adadtur/nvrd-sample/master/known/style/corkscrew_5.png,6,4815,corkscrew,
172,Group 2,https://raw.githubusercontent.com/adadtur/nvrd-sample/master/modified-shape-shape/bonsai_crystal.png,modified/shape-shape,texture,19,cravish,https://raw.githubusercontent.com/adadtur/nvrd-sample/master/modified-shape-shape/texture/bonsai_crystal_19.png,5,1048,bonsai_crystal,
172,Group 2,https://raw.githubusercontent.com/adadtur/nvrd-sample/master/known/dolphin.png,known,shape,14,thrimple,https://raw.githubusercontent.com/adadtur/nvrd-sample/master/known/shape/dolphin_14.png,7,1648,dolphin,
172,Group 2,https://raw.githubusercontent.com/adadtur/nvrd-sample/master/novel/shape_24.png,novel,background,14,vraxel,https://raw.githubusercontent.com/adadtur/nvrd-sample/master/novel/background/shape_24_14.png,7,1066,shape_24,
172,Group 2,https://raw.githubusercontent.com/adadtur/nvrd-sample/master/novel/shape_24.png,novel,shape,19,vraxel,https://raw.githubusercontent.com/adadtur/nvrd-sample/master/novel/shape/shape_24_19.png,4,4815,shape_24,
172,Group 2,https://raw.githubusercontent.com/adadtur/nvrd-sample/master/novel/shape_13.png,novel,texture,19,wrimble,https://raw.githubusercontent.com/adadtur/nvrd-sample/master/novel/texture/shape_13_19.png,4,1564,shape_13,
172,Group 2,https://raw.githubusercontent.com/adadtur/nvrd-sample/master/modified-shape-shape/crystal_telescope.png,modified/shape-shape,remove,14,drublit,https://raw.githubusercontent.com/adadtur/nvrd-sample/master/modified-shape-shape/remove/crystal_telescope_14.png,2,1931,crystal_telescope,
172,Group 2,https://raw.githubusercontent.com/adadtur/nvrd-sample/master/known/dolphin.png,known,remove,2,thrimple,https://raw.githubusercontent.com/adadtur/nvrd-sample/master/known/remove/dolphin_2.png,5,2465,dolphin,
172,Group 2,https://raw.githubusercontent.com/adadtur/nvrd-sample/master/novel/shape_11.png,novel,background,20,scradge,https://raw.githubusercontent.com/adadtur/nvrd-sample/master/novel/background/shape_11_20.png,4,3465,shape_11,
172,Group 2,https://raw.githubusercontent.com/adadtur/nvrd-sample/master/novel/shape_13.png,novel,style,14,wrimble,https://raw.githubusercontent.com/adadtur/nvrd-sample/master/novel/style/shape_13_14.png,4,3283,shape_13,
172,Group 2,https://raw.githubusercontent.com/adadtur/nvrd-sample/master/known/dolphin.png,,,,rav,https://raw.githubusercontent.com/adadtur/nvrd-sample/master/known/rabbit.png,1,1365,attention_check_5,
172,Group 2,https://raw.githubusercontent.com/adadtur/nvrd-sample/master/modified-shape-shape/bonsai_crystal.png,modified/shape-shape,add,19,cravish,https://raw.githubusercontent.com/adadtur/nvrd-sample/master/modified-shape-shape/add/bonsai_crystal_19.png,4,1398,bonsai_crystal,
172,Group 2,https://raw.githubusercontent.com/adadtur/nvrd-sample/master/novel/shape_19.png,novel,add,17,frentish,https://raw.githubusercontent.com/adadtur/nvrd-sample/master/novel/add/shape_19_17.png,3,1530,shape_19,
172,Group 2,https://raw.githubusercontent.com/adadtur/nvrd-sample/master/modified-shape-texture/checkerboard_tv-remote.png,modified/shape-texture,background,11,grestle,https://raw.githubusercontent.com/adadtur/nvrd-sample/master/modified-shape-texture/background/checkerboard_tv-remote_11.png,5,1183,checkerboard_tv-remote,
172,Group 2,https://raw.githubusercontent.com/adadtur/nvrd-sample/master/modified-shape-shape/bonsai_crystal.png,modified/shape-shape,background,11,cravish,https://raw.githubusercontent.com/adadtur/nvrd-sample/master/modified-shape-shape/background/bonsai_crystal_11.png,6,1431,bonsai_crystal,
172,Group 2,https://raw.githubusercontent.com/adadtur/nvrd-sample/master/novel/shape_28.png,novel,remove,2,frostling,https://raw.githubusercontent.com/adadtur/nvrd-sample/master/novel/remove/shape_28_2.png,7,1515,shape_28,
172,Group 2,https://raw.githubusercontent.com/adadtur/nvrd-sample/master/modified-shape-shape/bonsai_crystal.png,modified/shape-shape,texture,20,cravish,https://raw.githubusercontent.com/adadtur/nvrd-sample/master/modified-shape-shape/texture/bonsai_crystal_20.png,5,1064,bonsai_crystal,
172,Group 2,https://raw.githubusercontent.com/adadtur/nvrd-sample/master/novel/shape_11.png,novel,background,11,scradge,https://raw.githubusercontent.com/adadtur/nvrd-sample/master/novel/background/shape_11_11.png,5,864,shape_11,
172,Group 2,https://raw.githubusercontent.com/adadtur/nvrd-sample/master/modified-shape-shape/bonsai_crystal.png,modified/shape-shape,background,14,cravish,https://raw.githubusercontent.com/adadtur/nvrd-sample/master/modified-shape-shape/background/bonsai_crystal_14.png,6,1164,bonsai_crystal,
172,Group 2,https://raw.githubusercontent.com/adadtur/nvrd-sample/master/novel/shape_19.png,novel,add,19,frentish,https://raw.githubusercontent.com/adadtur/nvrd-sample/master/novel/add/shape_19_19.png,5,1432,shape_19,
172,Group 2,https://raw.githubusercontent.com/adadtur/nvrd-sample/master/known/dolphin.png,known,shape,5,thrimple,https://raw.githubusercontent.com/adadtur/nvrd-sample/master/known/shape/dolphin_5.png,7,1082,dolphin,
172,Group 2,https://raw.githubusercontent.com/adadtur/nvrd-sample/master/modified-shape-texture/checkerboard_tv-remote.png,modified/shape-texture,style,20,grestle,https://raw.githubusercontent.com/adadtur/nvrd-sample/master/modified-shape-texture/style/checkerboard_tv-remote_20.png,4,2114,checkerboard_tv-remote,
172,Group 2,https://raw.githubusercontent.com/adadtur/nvrd-sample/master/novel/shape_16.png,novel,style,14,sdrindle,https://raw.githubusercontent.com/adadtur/nvrd-sample/master/novel/style/shape_16_14.png,2,1781,shape_16,
172,Group 2,https://raw.githubusercontent.com/adadtur/nvrd-sample/master/modified-shape-texture/checkerboard_tv-remote.png,modified/shape-texture,remove,17,grestle,https://raw.githubusercontent.com/adadtur/nvrd-sample/master/modified-shape-texture/remove/checkerboard_tv-remote_17.png,1,1381,checkerboard_tv-remote,
172,Group 2,,,,,,,,7634,,
181,Group 0,,,,,,,,,,
181,Group 0,,,,,,,,7609,,
181,Group 0,,,,,,,,31127,,
181,Group 0,,,,,,,7,16338,,
181,Group 0,,,,,,,1,7814,,
181,Group 0,,,,,,,7,6755,,
181,Group 0,,,,,,,,5053,,
181,Group 0,,,,,,,5,5792,,
181,Group 0,,,,,,,,3956,,
181,Group 0,https://raw.githubusercontent.com/adadtur/nvrd-sample/master/modified-shape-texture/bird-feathers_saxophone.png,modified/shape-texture,shape,17,plonwick,https://raw.githubusercontent.com/adadtur/nvrd-sample/master/modified-shape-texture/shape/bird-feathers_saxophone_17.png,5,13217,bird-feathers_saxophone,
181,Group 0,https://raw.githubusercontent.com/adadtur/nvrd-sample/master/known/horse.png,known,background,11,skelwick,https://raw.githubusercontent.com/adadtur/nvrd-sample/master/known/background/horse_11.png,6,8864,horse,
181,Group 0,https://raw.githubusercontent.com/adadtur/nvrd-sample/master/known/rabbit.png,known,style,2,wrivlet,https://raw.githubusercontent.com/adadtur/nvrd-sample/master/known/style/rabbit_2.png,6,5251,rabbit,
181,Group 0,https://raw.githubusercontent.com/adadtur/nvrd-sample/master/novel/shape_13.png,novel,background,19,wrimble,https://raw.githubusercontent.com/adadtur/nvrd-sample/master/novel/background/shape_13_19.png,6,12022,shape_13,
181,Group 0,https://raw.githubusercontent.com/adadtur/nvrd-sample/master/novel/shape_19.png,novel,add,5,frentish,https://raw.githubusercontent.com/adadtur/nvrd-sample/master/novel/add/shape_19_5.png,5,9582,shape_19,
181,Group 0,https://raw.githubusercontent.com/adadtur/nvrd-sample/master/known/golden-retriever.png,known,add,8,froatne,https://raw.githubusercontent.com/adadtur/nvrd-sample/master/known/add/golden-retriever_8.png,2,4433,golden-retriever,
181,Group 0,https://raw.githubusercontent.com/adadtur/nvrd-sample/master/known/bee.png,known,color,5,snavish,https://raw.githubusercontent.com/adadtur/nvrd-sample/master/known/color/bee_5.png,6,5566,bee,
181,Group 0,https://raw.githubusercontent.com/adadtur/nvrd-sample/master/modified-shape-texture/checkerboard_tv-remote.png,modified/shape-texture,style,11,grestle,https://raw.githubusercontent.com/adadtur/nvrd-sample/master/modified-shape-texture/style/checkerboard_tv-remote_11.png,6,7868,checkerboard_tv-remote,
181,Group 0,https://raw.githubusercontent.com/adadtur/nvrd-sample/master/known/dolphin.png,known,shape,11,thrimple,https://raw.githubusercontent.com/adadtur/nvrd-sample/master/known/shape/dolphin_11.png,7,7406,dolphin,
181,Group 0,https://raw.githubusercontent.com/adadtur/nvrd-sample/master/known/rabbit.png,known,color,20,wrivlet,https://raw.githubusercontent.com/adadtur/nvrd-sample/master/known/color/rabbit_20.png,6,7752,rabbit,
181,Group 0,https://raw.githubusercontent.com/adadtur/nvrd-sample/master/modified-shape-texture/checkerboard_tiger.png,modified/shape-texture,style,19,clentrel,https://raw.githubusercontent.com/adadtur/nvrd-sample/master/modified-shape-texture/style/checkerboard_tiger_19.png,4,5135,checkerboard_tiger,
181,Group 0,https://raw.githubusercontent.com/adadtur/nvrd-sample/master/known/corkscrew.png,known,add,11,vorthling,https://raw.githubusercontent.com/adadtur/nvrd-sample/master/known/add/corkscrew_11.png,3,6301,corkscrew,
181,Group 0,https://raw.githubusercontent.com/adadtur/nvrd-sample/master/known/rabbit.png,known,add,5,wrivlet,https://raw.githubusercontent.com/adadtur/nvrd-sample/master/known/add/rabbit_5.png,2,2875,rabbit,
181,Group 0,https://raw.githubusercontent.com/adadtur/nvrd-sample/master/known/bee.png,known,add,19,snavish,https://raw.githubusercontent.com/adadtur/nvrd-sample/master/known/add/bee_19.png,5,11945,bee,
181,Group 0,https://raw.githubusercontent.com/adadtur/nvrd-sample/master/known/golden-retriever.png,,,,toma,https://raw.githubusercontent.com/adadtur/nvrd-sample/master/known/corkscrew.png,1,3789,attention_check_1,
181,Group 0,https://raw.githubusercontent.com/adadtur/nvrd-sample/master/modified-shape-texture/checkerboard_tiger.png,modified/shape-texture,shape,2,clentrel,https://raw.githubusercontent.com/adadtur/nvrd-sample/master/modified-shape-texture/shape/checkerboard_tiger_2.png,6,8047,checkerboard_tiger,
181,Group 0,https://raw.githubusercontent.com/adadtur/nvrd-sample/master/novel/shape_13.png,novel,background,8,wrimble,https://raw.githubusercontent.com/adadtur/nvrd-sample/master/novel/background/shape_13_8.png,5,5783,shape_13,
181,Group 0,https://raw.githubusercontent.com/adadtur/nvrd-sample/master/modified-shape-texture/checkerboard_tiger.png,modified/shape-texture,texture,20,clentrel,https://raw.githubusercontent.com/adadtur/nvrd-sample/master/modified-shape-texture/texture/checkerboard_tiger_20.png,2,5401,checkerboard_tiger,
181,Group 0,https://raw.githubusercontent.com/adadtur/nvrd-sample/master/modified-shape-texture/bird-feathers_saxophone.png,modified/shape-texture,color,11,plonwick,https://raw.githubusercontent.com/adadtur/nvrd-sample/master/modified-shape-texture/color/bird-feathers_saxophone_11.png,6,4848,bird-feathers_saxophone,
181,Group 0,https://raw.githubusercontent.com/adadtur/nvrd-sample/master/known/dolphin.png,known,color,8,thrimple,https://raw.githubusercontent.com/adadtur/nvrd-sample/master/known/color/dolphin_8.png,6,3572,dolphin,
181,Group 0,https://raw.githubusercontent.com/adadtur/nvrd-sample/master/modified-shape-texture/checkerboard_tv-remote.png,modified/shape-texture,style,14,grestle,https://raw.githubusercontent.com/adadtur/nvrd-sample/master/modified-shape-texture/style/checkerboard_tv-remote_14.png,5,5337,checkerboard_tv-remote,
181,Group 0,https://raw.githubusercontent.com/adadtur/nvrd-sample/master/modified-shape-texture/bird-feathers_saxophone.png,modified/shape-texture,remove,19,plonwick,https://raw.githubusercontent.com/adadtur/nvrd-sample/master/modified-shape-texture/remove/bird-feathers_saxophone_19.png,1,4463,bird-feathers_saxophone,
181,Group 0,https://raw.githubusercontent.com/adadtur/nvrd-sample/master/novel/shape_28.png,novel,background,5,frostling,https://raw.githubusercontent.com/adadtur/nvrd-sample/master/novel/background/shape_28_5.png,7,7784,shape_28,
181,Group 0,https://raw.githubusercontent.com/adadtur/nvrd-sample/master/novel/shape_13.png,novel,shape,8,wrimble,https://raw.githubusercontent.com/adadtur/nvrd-sample/master/novel/shape/shape_13_8.png,2,4662,shape_13,
181,Group 0,https://raw.githubusercontent.com/adadtur/nvrd-sample/master/novel/shape_28.png,novel,texture,11,frostling,https://raw.githubusercontent.com/adadtur/nvrd-sample/master/novel/texture/shape_28_11.png,5,7363,shape_28,
181,Group 0,https://raw.githubusercontent.com/adadtur/nvrd-sample/master/novel/shape_11.png,novel,style,19,scradge,https://raw.githubusercontent.com/adadtur/nvrd-sample/master/novel/style/shape_11_19.png,1,4705,shape_11,
181,Group 0,https://raw.githubusercontent.com/adadtur/nvrd-sample/master/modified-shape-shape/crystal_telescope.png,modified/shape-shape,style,11,drublit,https://raw.githubusercontent.com/adadtur/nvrd-sample/master/modified-shape-shape/style/crystal_telescope_11.png,5,5195,crystal_telescope,
181,Group 0,https://raw.githubusercontent.com/adadtur/nvrd-sample/master/known/corkscrew.png,known,texture,19,vorthling,https://raw.githubusercontent.com/adadtur/nvrd-sample/master/known/texture/corkscrew_19.png,6,5675,corkscrew,
181,Group 0,https://raw.githubusercontent.com/adadtur/nvrd-sample/master/known/golden-retriever.png,known,texture,17,froatne,https://raw.githubusercontent.com/adadtur/nvrd-sample/master/known/texture/golden-retriever_17.png,4,4693,golden-retriever,
181,Group 0,https://raw.githubusercontent.com/adadtur/nvrd-sample/master/known/dolphin.png,,,,blick,https://raw.githubusercontent.com/adadtur/nvrd-sample/master/known/rabbit.png,1,4755,attention_check_2,
181,Group 0,https://raw.githubusercontent.com/adadtur/nvrd-sample/master/novel/shape_11.png,novel,remove,14,scradge,https://raw.githubusercontent.com/adadtur/nvrd-sample/master/novel/remove/shape_11_14.png,5,6359,shape_11,
181,Group 0,https://raw.githubusercontent.com/adadtur/nvrd-sample/master/known/corkscrew.png,known,shape,2,vorthling,https://raw.githubusercontent.com/adadtur/nvrd-sample/master/known/shape/corkscrew_2.png,6,4570,corkscrew,
181,Group 0,https://raw.githubusercontent.com/adadtur/nvrd-sample/master/modified-shape-texture/checkerboard_tiger.png,modified/shape-texture,shape,8,clentrel,https://raw.githubusercontent.com/adadtur/nvrd-sample/master/modified-shape-texture/shape/checkerboard_tiger_8.png,3,4188,checkerboard_tiger,
181,Group 0,https://raw.githubusercontent.com/adadtur/nvrd-sample/master/known/golden-retriever.png,known,color,8,froatne,https://raw.githubusercontent.com/adadtur/nvrd-sample/master/known/color/golden-retriever_8.png,6,3030,golden-retriever,
181,Group 0,https://raw.githubusercontent.com/adadtur/nvrd-sample/master/novel/shape_16.png,novel,add,5,sdrindle,https://raw.githubusercontent.com/adadtur/nvrd-sample/master/novel/add/shape_16_5.png,2,6976,shape_16,
181,Group 0,https://raw.githubusercontent.com/adadtur/nvrd-sample/master/novel/shape_24.png,novel,shape,11,vraxel,https://raw.githubusercontent.com/adadtur/nvrd-sample/master/novel/shape/shape_24_11.png,2,3752,shape_24,
181,Group 0,https://raw.githubusercontent.com/adadtur/nvrd-sample/master/known/rabbit.png,known,style,14,wrivlet,https://raw.githubusercontent.com/adadtur/nvrd-sample/master/known/style/rabbit_14.png,6,4483,rabbit,
181,Group 0,https://raw.githubusercontent.com/adadtur/nvrd-sample/master/modified-shape-shape/bonsai_crystal.png,modified/shape-shape,remove,17,cravish,https://raw.githubusercontent.com/adadtur/nvrd-sample/master/modified-shape-shape/remove/bonsai_crystal_17.png,3,5222,bonsai_crystal,
181,Group 0,https://raw.githubusercontent.com/adadtur/nvrd-sample/master/known/bee.png,known,remove,8,snavish,https://raw.githubusercontent.com/adadtur/nvrd-sample/master/known/remove/bee_8.png,5,4974,bee,
181,Group 0,https://raw.githubusercontent.com/adadtur/nvrd-sample/master/known/dolphin.png,known,background,8,thrimple,https://raw.githubusercontent.com/adadtur/nvrd-sample/master/known/background/dolphin_8.png,6,3596,dolphin,
181,Group 0,https://raw.githubusercontent.com/adadtur/nvrd-sample/master/known/rabbit.png,known,shape,8,wrivlet,https://raw.githubusercontent.com/adadtur/nvrd-sample/master/known/shape/rabbit_8.png,2,4498,rabbit,
181,Group 0,https://raw.githubusercontent.com/adadtur/nvrd-sample/master/modified-shape-shape/crystal_telescope.png,modified/shape-shape,background,8,drublit,https://raw.githubusercontent.com/adadtur/nvrd-sample/master/modified-shape-shape/background/crystal_telescope_8.png,6,5237,crystal_telescope,
181,Group 0,https://raw.githubusercontent.com/adadtur/nvrd-sample/master/modified-shape-shape/drone_dagger.png,modified/shape-shape,remove,2,zornett,https://raw.githubusercontent.com/adadtur/nvrd-sample/master/modified-shape-shape/remove/drone_dagger_2.png,4,6408,drone_dagger,
181,Group 0,https://raw.githubusercontent.com/adadtur/nvrd-sample/master/novel/shape_16.png,novel,background,5,sdrindle,https://raw.githubusercontent.com/adadtur/nvrd-sample/master/novel/background/shape_16_5.png,6,4781,shape_16,
181,Group 0,https://raw.githubusercontent.com/adadtur/nvrd-sample/master/known/rabbit.png,,,,pon,https://raw.githubusercontent.com/adadtur/nvrd-sample/master/known/corkscrew.png,1,3710,attention_check_3,
181,Group 0,https://raw.githubusercontent.com/adadtur/nvrd-sample/master/known/dolphin.png,known,add,17,thrimple,https://raw.githubusercontent.com/adadtur/nvrd-sample/master/known/add/dolphin_17.png,3,8740,dolphin,
181,Group 0,https://raw.githubusercontent.com/adadtur/nvrd-sample/master/novel/shape_11.png,novel,remove,20,scradge,https://raw.githubusercontent.com/adadtur/nvrd-sample/master/novel/remove/shape_11_20.png,5,4547,shape_11,
181,Group 0,https://raw.githubusercontent.com/adadtur/nvrd-sample/master/modified-shape-shape/drone_dagger.png,modified/shape-shape,texture,2,zornett,https://raw.githubusercontent.com/adadtur/nvrd-sample/master/modified-shape-shape/texture/drone_dagger_2.png,6,3931,drone_dagger,
181,Group 0,https://raw.githubusercontent.com/adadtur/nvrd-sample/master/known/corkscrew.png,known,color,2,vorthling,https://raw.githubusercontent.com/adadtur/nvrd-sample/master/known/color/corkscrew_2.png,6,3134,corkscrew,
181,Group 0,https://raw.githubusercontent.com/adadtur/nvrd-sample/master/known/dolphin.png,known,color,14,thrimple,https://raw.githubusercontent.com/adadtur/nvrd-sample/master/known/color/dolphin_14.png,6,4014,dolphin,
181,Group 0,https://raw.githubusercontent.com/adadtur/nvrd-sample/master/novel/shape_11.png,novel,color,20,scradge,https://raw.githubusercontent.com/adadtur/nvrd-sample/master/novel/color/shape_11_20.png,6,6254,shape_11,
181,Group 0,https://raw.githubusercontent.com/adadtur/nvrd-sample/master/novel/shape_11.png,novel,background,19,scradge,https://raw.githubusercontent.com/adadtur/nvrd-sample/master/novel/background/shape_11_19.png,5,7200,shape_11,
181,Group 0,https://raw.githubusercontent.com/adadtur/nvrd-sample/master/modified-shape-texture/checkerboard_tiger.png,modified/shape-texture,texture,2,clentrel,https://raw.githubusercontent.com/adadtur/nvrd-sample/master/modified-shape-texture/texture/checkerboard_tiger_2.png,6,4017,checkerboard_tiger,
181,Group 0,https://raw.githubusercontent.com/adadtur/nvrd-sample/master/novel/shape_24.png,novel,add,14,vraxel,https://raw.githubusercontent.com/adadtur/nvrd-sample/master/novel/add/shape_24_14.png,2,2370,shape_24,
181,Group 0,https://raw.githubusercontent.com/adadtur/nvrd-sample/master/known/bee.png,known,background,20,snavish,https://raw.githubusercontent.com/adadtur/nvrd-sample/master/known/background/bee_20.png,6,6856,bee,
181,Group 0,https://raw.githubusercontent.com/adadtur/nvrd-sample/master/novel/shape_19.png,novel,remove,2,frentish,https://raw.githubusercontent.com/adadtur/nvrd-sample/master/novel/remove/shape_19_2.png,4,7544,shape_19,
181,Group 0,https://raw.githubusercontent.com/adadtur/nvrd-sample/master/known/horse.png,known,shape,19,skelwick,https://raw.githubusercontent.com/adadtur/nvrd-sample/master/known/shape/horse_19.png,3,8398,horse,
181,Group 0,https://raw.githubusercontent.com/adadtur/nvrd-sample/master/modified-shape-texture/checkerboard_tv-remote.png,modified/shape-texture,shape,2,grestle,https://raw.githubusercontent.com/adadtur/nvrd-sample/master/modified-shape-texture/shape/checkerboard_tv-remote_2.png,4,4804,checkerboard_tv-remote,
181,Group 0,https://raw.githubusercontent.com/adadtur/nvrd-sample/master/known/bee.png,known,remove,2,snavish,https://raw.githubusercontent.com/adadtur/nvrd-sample/master/known/remove/bee_2.png,5,5600,bee,
181,Group 0,https://raw.githubusercontent.com/adadtur/nvrd-sample/master/known/corkscrew.png,,,,neb,https://raw.githubusercontent.com/adadtur/nvrd-sample/master/known/golden-retriever.png,1,7306,attention_check_4,
181,Group 0,https://raw.githubusercontent.com/adadtur/nvrd-sample/master/known/horse.png,known,texture,2,skelwick,https://raw.githubusercontent.com/adadtur/nvrd-sample/master/known/texture/horse_2.png,6,4512,horse,
181,Group 0,https://raw.githubusercontent.com/adadtur/nvrd-sample/master/known/horse.png,known,texture,8,skelwick,https://raw.githubusercontent.com/adadtur/nvrd-sample/master/known/texture/horse_8.png,5,3533,horse,
181,Group 0,https://raw.githubusercontent.com/adadtur/nvrd-sample/master/modified-shape-shape/crystal_telescope.png,modified/shape-shape,remove,19,drublit,https://raw.githubusercontent.com/adadtur/nvrd-sample/master/modified-shape-shape/remove/crystal_telescope_19.png,1,4114,crystal_telescope,
181,Group 0,https://raw.githubusercontent.com/adadtur/nvrd-sample/master/known/rabbit.png,known,remove,5,wrivlet,https://raw.githubusercontent.com/adadtur/nvrd-sample/master/known/remove/rabbit_5.png,2,3252,rabbit,
181,Group 0,https://raw.githubusercontent.com/adadtur/nvrd-sample/master/novel/shape_16.png,novel,background,17,sdrindle,https://raw.githubusercontent.com/adadtur/nvrd-sample/master/novel/background/shape_16_17.png,6,4136,shape_16,
181,Group 0,https://raw.githubusercontent.com/adadtur/nvrd-sample/master/novel/shape_19.png,novel,texture,19,frentish,https://raw.githubusercontent.com/adadtur/nvrd-sample/master/novel/texture/shape_19_19.png,2,2957,shape_19,
181,Group 0,https://raw.githubusercontent.com/adadtur/nvrd-sample/master/modified-shape-shape/bonsai_crystal.png,modified/shape-shape,color,5,cravish,https://raw.githubusercontent.com/adadtur/nvrd-sample/master/modified-shape-shape/color/bonsai_crystal_5.png,6,3477,bonsai_crystal,
181,Group 0,https://raw.githubusercontent.com/adadtur/nvrd-sample/master/modified-shape-texture/bird-feathers_saxophone.png,modified/shape-texture,shape,14,plonwick,https://raw.githubusercontent.com/adadtur/nvrd-sample/master/modified-shape-texture/shape/bird-feathers_saxophone_14.png,3,3594,bird-feathers_saxophone,
181,Group 0,https://raw.githubusercontent.com/adadtur/nvrd-sample/master/novel/shape_16.png,novel,color,19,sdrindle,https://raw.githubusercontent.com/adadtur/nvrd-sample/master/novel/color/shape_16_19.png,6,3763,shape_16,
181,Group 0,https://raw.githubusercontent.com/adadtur/nvrd-sample/master/modified-shape-shape/bonsai_crystal.png,modified/shape-shape,style,8,cravish,https://raw.githubusercontent.com/adadtur/nvrd-sample/master/modified-shape-shape/style/bonsai_crystal_8.png,6,4683,bonsai_crystal,
181,Group 0,https://raw.githubusercontent.com/adadtur/nvrd-sample/master/modified-shape-texture/checkerboard_tv-remote.png,modified/shape-texture,style,19,grestle,https://raw.githubusercontent.com/adadtur/nvrd-sample/master/modified-shape-texture/style/checkerboard_tv-remote_19.png,2,2436,checkerboard_tv-remote,
181,Group 0,https://raw.githubusercontent.com/adadtur/nvrd-sample/master/novel/shape_24.png,novel,shape,8,vraxel,https://raw.githubusercontent.com/adadtur/nvrd-sample/master/novel/shape/shape_24_8.png,3,3344,shape_24,
181,Group 0,https://raw.githubusercontent.com/adadtur/nvrd-sample/master/novel/shape_28.png,novel,texture,19,frostling,https://raw.githubusercontent.com/adadtur/nvrd-sample/master/novel/texture/shape_28_19.png,5,2942,shape_28,
181,Group 0,https://raw.githubusercontent.com/adadtur/nvrd-sample/master/known/rabbit.png,known,add,8,wrivlet,https://raw.githubusercontent.com/adadtur/nvrd-sample/master/known/add/rabbit_8.png,2,2399,rabbit,
181,Group 0,https://raw.githubusercontent.com/adadtur/nvrd-sample/master/known/dolphin.png,,,,rav,https://raw.githubusercontent.com/adadtur/nvrd-sample/master/known/rabbit.png,1,2340,attention_check_5,
181,Group 0,https://raw.githubusercontent.com/adadtur/nvrd-sample/master/known/horse.png,known,style,19,skelwick,https://raw.githubusercontent.com/adadtur/nvrd-sample/master/known/style/horse_19.png,6,3388,horse,
181,Group 0,https://raw.githubusercontent.com/adadtur/nvrd-sample/master/modified-shape-texture/checkerboard_tv-remote.png,modified/shape-texture,texture,14,grestle,https://raw.githubusercontent.com/adadtur/nvrd-sample/master/modified-shape-texture/texture/checkerboard_tv-remote_14.png,6,3293,checkerboard_tv-remote,
181,Group 0,https://raw.githubusercontent.com/adadtur/nvrd-sample/master/known/dolphin.png,known,color,5,thrimple,https://raw.githubusercontent.com/adadtur/nvrd-sample/master/known/color/dolphin_5.png,6,5327,dolphin,
181,Group 0,https://raw.githubusercontent.com/adadtur/nvrd-sample/master/modified-shape-shape/drone_dagger.png,modified/shape-shape,background,20,zornett,https://raw.githubusercontent.com/adadtur/nvrd-sample/master/modified-shape-shape/background/drone_dagger_20.png,6,3998,drone_dagger,
181,Group 0,https://raw.githubusercontent.com/adadtur/nvrd-sample/master/modified-shape-texture/checkerboard_tv-remote.png,modified/shape-texture,background,20,grestle,https://raw.githubusercontent.com/adadtur/nvrd-sample/master/modified-shape-texture/background/checkerboard_tv-remote_20.png,5,5737,checkerboard_tv-remote,
181,Group 0,https://raw.githubusercontent.com/adadtur/nvrd-sample/master/novel/shape_28.png,novel,add,8,frostling,https://raw.githubusercontent.com/adadtur/nvrd-sample/master/novel/add/shape_28_8.png,3,2803,shape_28,
181,Group 0,https://raw.githubusercontent.com/adadtur/nvrd-sample/master/known/rabbit.png,known,color,5,wrivlet,https://raw.githubusercontent.com/adadtur/nvrd-sample/master/known/color/rabbit_5.png,6,6591,rabbit,
181,Group 0,https://raw.githubusercontent.com/adadtur/nvrd-sample/master/modified-shape-texture/bird-feathers_saxophone.png,modified/shape-texture,remove,8,plonwick,https://raw.githubusercontent.com/adadtur/nvrd-sample/master/modified-shape-texture/remove/bird-feathers_saxophone_8.png,4,4130,bird-feathers_saxophone,
181,Group 0,https://raw.githubusercontent.com/adadtur/nvrd-sample/master/novel/shape_19.png,novel,style,19,frentish,https://raw.githubusercontent.com/adadtur/nvrd-sample/master/novel/style/shape_19_19.png,1,2472,shape_19,
181,Group 0,https://raw.githubusercontent.com/adadtur/nvrd-sample/master/novel/shape_11.png,novel,add,14,scradge,https://raw.githubusercontent.com/adadtur/nvrd-sample/master/novel/add/shape_11_14.png,4,5060,shape_11,
181,Group 0,https://raw.githubusercontent.com/adadtur/nvrd-sample/master/known/rabbit.png,known,add,11,wrivlet,https://raw.githubusercontent.com/adadtur/nvrd-sample/master/known/add/rabbit_11.png,2,3350,rabbit,
181,Group 0,https://raw.githubusercontent.com/adadtur/nvrd-sample/master/novel/shape_16.png,novel,texture,11,sdrindle,https://raw.githubusercontent.com/adadtur/nvrd-sample/master/novel/texture/shape_16_11.png,5,3658,shape_16,
181,Group 0,https://raw.githubusercontent.com/adadtur/nvrd-sample/master/novel/shape_13.png,novel,style,8,wrimble,https://raw.githubusercontent.com/adadtur/nvrd-sample/master/novel/style/shape_13_8.png,6,5002,shape_13,
181,Group 0,,,,,,,,17693,,
186,Group 0,,,,,,,,,,
186,Group 0,,,,,,,,6368,,
186,Group 0,,,,,,,,78681,,
186,Group 0,,,,,,,7,4812,,
186,Group 0,,,,,,,2,2713,,
186,Group 0,,,,,,,,4846,,
186,Group 0,,,,,,,1,1842,,
186,Group 0,,,,,,,5,2584,,
186,Group 0,,,,,,,,2386,,
186,Group 0,https://raw.githubusercontent.com/adadtur/nvrd-sample/master/modified-shape-texture/checkerboard_tv-remote.png,modified/shape-texture,background,20,grestle,https://raw.githubusercontent.com/adadtur/nvrd-sample/master/modified-shape-texture/background/checkerboard_tv-remote_20.png,5,7065,checkerboard_tv-remote,
186,Group 0,https://raw.githubusercontent.com/adadtur/nvrd-sample/master/known/rabbit.png,known,shape,8,wrivlet,https://raw.githubusercontent.com/adadtur/nvrd-sample/master/known/shape/rabbit_8.png,5,3965,rabbit,
186,Group 0,https://raw.githubusercontent.com/adadtur/nvrd-sample/master/novel/shape_24.png,novel,shape,11,vraxel,https://raw.githubusercontent.com/adadtur/nvrd-sample/master/novel/shape/shape_24_11.png,5,3134,shape_24,
186,Group 0,https://raw.githubusercontent.com/adadtur/nvrd-sample/master/novel/shape_11.png,novel,style,19,scradge,https://raw.githubusercontent.com/adadtur/nvrd-sample/master/novel/style/shape_11_19.png,2,3982,shape_11,
186,Group 0,https://raw.githubusercontent.com/adadtur/nvrd-sample/master/known/horse.png,known,shape,19,skelwick,https://raw.githubusercontent.com/adadtur/nvrd-sample/master/known/shape/horse_19.png,5,4074,horse,
186,Group 0,https://raw.githubusercontent.com/adadtur/nvrd-sample/master/modified-shape-texture/bird-feathers_saxophone.png,modified/shape-texture,shape,17,plonwick,https://raw.githubusercontent.com/adadtur/nvrd-sample/master/modified-shape-texture/shape/bird-feathers_saxophone_17.png,6,2232,bird-feathers_saxophone,
186,Group 0,https://raw.githubusercontent.com/adadtur/nvrd-sample/master/novel/shape_28.png,novel,texture,19,frostling,https://raw.githubusercontent.com/adadtur/nvrd-sample/master/novel/texture/shape_28_19.png,6,2724,shape_28,
186,Group 0,https://raw.githubusercontent.com/adadtur/nvrd-sample/master/modified-shape-texture/checkerboard_tv-remote.png,modified/shape-texture,style,11,grestle,https://raw.githubusercontent.com/adadtur/nvrd-sample/master/modified-shape-texture/style/checkerboard_tv-remote_11.png,5,2442,checkerboard_tv-remote,
186,Group 0,https://raw.githubusercontent.com/adadtur/nvrd-sample/master/novel/shape_13.png,novel,shape,8,wrimble,https://raw.githubusercontent.com/adadtur/nvrd-sample/master/novel/shape/shape_13_8.png,6,2346,shape_13,
186,Group 0,https://raw.githubusercontent.com/adadtur/nvrd-sample/master/known/rabbit.png,known,add,5,wrivlet,https://raw.githubusercontent.com/adadtur/nvrd-sample/master/known/add/rabbit_5.png,5,2634,rabbit,
186,Group 0,https://raw.githubusercontent.com/adadtur/nvrd-sample/master/novel/shape_24.png,novel,shape,8,vraxel,https://raw.githubusercontent.com/adadtur/nvrd-sample/master/novel/shape/shape_24_8.png,6,1954,shape_24,
186,Group 0,https://raw.githubusercontent.com/adadtur/nvrd-sample/master/novel/shape_19.png,novel,style,19,frentish,https://raw.githubusercontent.com/adadtur/nvrd-sample/master/novel/style/shape_19_19.png,2,2208,shape_19,
186,Group 0,https://raw.githubusercontent.com/adadtur/nvrd-sample/master/known/dolphin.png,known,color,5,thrimple,https://raw.githubusercontent.com/adadtur/nvrd-sample/master/known/color/dolphin_5.png,6,2018,dolphin,
186,Group 0,https://raw.githubusercontent.com/adadtur/nvrd-sample/master/modified-shape-shape/drone_dagger.png,modified/shape-shape,remove,2,zornett,https://raw.githubusercontent.com/adadtur/nvrd-sample/master/modified-shape-shape/remove/drone_dagger_2.png,6,2042,drone_dagger,
186,Group 0,https://raw.githubusercontent.com/adadtur/nvrd-sample/master/known/golden-retriever.png,,,,toma,https://raw.githubusercontent.com/adadtur/nvrd-sample/master/known/corkscrew.png,1,1848,attention_check_1,
186,Group 0,https://raw.githubusercontent.com/adadtur/nvrd-sample/master/novel/shape_11.png,novel,remove,20,scradge,https://raw.githubusercontent.com/adadtur/nvrd-sample/master/novel/remove/shape_11_20.png,5,2336,shape_11,
186,Group 0,https://raw.githubusercontent.com/adadtur/nvrd-sample/master/modified-shape-texture/checkerboard_tv-remote.png,modified/shape-texture,shape,2,grestle,https://raw.githubusercontent.com/adadtur/nvrd-sample/master/modified-shape-texture/shape/checkerboard_tv-remote_2.png,6,2643,checkerboard_tv-remote,
186,Group 0,https://raw.githubusercontent.com/adadtur/nvrd-sample/master/modified-shape-shape/crystal_telescope.png,modified/shape-shape,remove,19,drublit,https://raw.githubusercontent.com/adadtur/nvrd-sample/master/modified-shape-shape/remove/crystal_telescope_19.png,2,2834,crystal_telescope,
186,Group 0,https://raw.githubusercontent.com/adadtur/nvrd-sample/master/modified-shape-texture/bird-feathers_saxophone.png,modified/shape-texture,color,11,plonwick,https://raw.githubusercontent.com/adadtur/nvrd-sample/master/modified-shape-texture/color/bird-feathers_saxophone_11.png,6,1688,bird-feathers_saxophone,
186,Group 0,https://raw.githubusercontent.com/adadtur/nvrd-sample/master/known/bee.png,known,add,19,snavish,https://raw.githubusercontent.com/adadtur/nvrd-sample/master/known/add/bee_19.png,6,2162,bee,
186,Group 0,https://raw.githubusercontent.com/adadtur/nvrd-sample/master/novel/shape_24.png,novel,add,14,vraxel,https://raw.githubusercontent.com/adadtur/nvrd-sample/master/novel/add/shape_24_14.png,6,2578,shape_24,
186,Group 0,https://raw.githubusercontent.com/adadtur/nvrd-sample/master/modified-shape-texture/checkerboard_tv-remote.png,modified/shape-texture,style,14,grestle,https://raw.githubusercontent.com/adadtur/nvrd-sample/master/modified-shape-texture/style/checkerboard_tv-remote_14.png,5,2914,checkerboard_tv-remote,
186,Group 0,https://raw.githubusercontent.com/adadtur/nvrd-sample/master/known/dolphin.png,known,color,8,thrimple,https://raw.githubusercontent.com/adadtur/nvrd-sample/master/known/color/dolphin_8.png,6,1136,dolphin,
186,Group 0,https://raw.githubusercontent.com/adadtur/nvrd-sample/master/modified-shape-texture/checkerboard_tiger.png,modified/shape-texture,shape,2,clentrel,https://raw.githubusercontent.com/adadtur/nvrd-sample/master/modified-shape-texture/shape/checkerboard_tiger_2.png,6,1256,checkerboard_tiger,
186,Group 0,https://raw.githubusercontent.com/adadtur/nvrd-sample/master/modified-shape-texture/checkerboard_tiger.png,modified/shape-texture,shape,8,clentrel,https://raw.githubusercontent.com/adadtur/nvrd-sample/master/modified-shape-texture/shape/checkerboard_tiger_8.png,6,3724,checkerboard_tiger,
186,Group 0,https://raw.githubusercontent.com/adadtur/nvrd-sample/master/novel/shape_19.png,novel,add,5,frentish,https://raw.githubusercontent.com/adadtur/nvrd-sample/master/novel/add/shape_19_5.png,6,2098,shape_19,
186,Group 0,https://raw.githubusercontent.com/adadtur/nvrd-sample/master/novel/shape_16.png,novel,add,5,sdrindle,https://raw.githubusercontent.com/adadtur/nvrd-sample/master/novel/add/shape_16_5.png,6,3020,shape_16,
186,Group 0,https://raw.githubusercontent.com/adadtur/nvrd-sample/master/known/dolphin.png,known,background,8,thrimple,https://raw.githubusercontent.com/adadtur/nvrd-sample/master/known/background/dolphin_8.png,6,1887,dolphin,
186,Group 0,https://raw.githubusercontent.com/adadtur/nvrd-sample/master/modified-shape-shape/bonsai_crystal.png,modified/shape-shape,remove,17,cravish,https://raw.githubusercontent.com/adadtur/nvrd-sample/master/modified-shape-shape/remove/bonsai_crystal_17.png,2,2178,bonsai_crystal,
186,Group 0,https://raw.githubusercontent.com/adadtur/nvrd-sample/master/known/dolphin.png,,,,blick,https://raw.githubusercontent.com/adadtur/nvrd-sample/master/known/rabbit.png,2,1762,attention_check_2,
186,Group 0,https://raw.githubusercontent.com/adadtur/nvrd-sample/master/known/rabbit.png,known,color,5,wrivlet,https://raw.githubusercontent.com/adadtur/nvrd-sample/master/known/color/rabbit_5.png,6,1528,rabbit,
186,Group 0,https://raw.githubusercontent.com/adadtur/nvrd-sample/master/novel/shape_28.png,novel,background,5,frostling,https://raw.githubusercontent.com/adadtur/nvrd-sample/master/novel/background/shape_28_5.png,6,1416,shape_28,
186,Group 0,https://raw.githubusercontent.com/adadtur/nvrd-sample/master/novel/shape_11.png,novel,color,20,scradge,https://raw.githubusercontent.com/adadtur/nvrd-sample/master/novel/color/shape_11_20.png,6,2578,shape_11,
186,Group 0,https://raw.githubusercontent.com/adadtur/nvrd-sample/master/modified-shape-shape/drone_dagger.png,modified/shape-shape,texture,2,zornett,https://raw.githubusercontent.com/adadtur/nvrd-sample/master/modified-shape-shape/texture/drone_dagger_2.png,6,1400,drone_dagger,
186,Group 0,https://raw.githubusercontent.com/adadtur/nvrd-sample/master/known/rabbit.png,known,remove,5,wrivlet,https://raw.githubusercontent.com/adadtur/nvrd-sample/master/known/remove/rabbit_5.png,3,4220,rabbit,
186,Group 0,https://raw.githubusercontent.com/adadtur/nvrd-sample/master/known/bee.png,known,color,5,snavish,https://raw.githubusercontent.com/adadtur/nvrd-sample/master/known/color/bee_5.png,6,1584,bee,
186,Group 0,https://raw.githubusercontent.com/adadtur/nvrd-sample/master/novel/shape_28.png,novel,texture,11,frostling,https://raw.githubusercontent.com/adadtur/nvrd-sample/master/novel/texture/shape_28_11.png,6,1080,shape_28,
186,Group 0,https://raw.githubusercontent.com/adadtur/nvrd-sample/master/modified-shape-texture/bird-feathers_saxophone.png,modified/shape-texture,shape,14,plonwick,https://raw.githubusercontent.com/adadtur/nvrd-sample/master/modified-shape-texture/shape/bird-feathers_saxophone_14.png,5,1906,bird-feathers_saxophone,
186,Group 0,https://raw.githubusercontent.com/adadtur/nvrd-sample/master/modified-shape-shape/bonsai_crystal.png,modified/shape-shape,style,8,cravish,https://raw.githubusercontent.com/adadtur/nvrd-sample/master/modified-shape-shape/style/bonsai_crystal_8.png,6,1896,bonsai_crystal,
186,Group 0,https://raw.githubusercontent.com/adadtur/nvrd-sample/master/known/golden-retriever.png,known,texture,17,froatne,https://raw.githubusercontent.com/adadtur/nvrd-sample/master/known/texture/golden-retriever_17.png,6,1224,golden-retriever,
186,Group 0,https://raw.githubusercontent.com/adadtur/nvrd-sample/master/known/rabbit.png,known,style,14,wrivlet,https://raw.githubusercontent.com/adadtur/nvrd-sample/master/known/style/rabbit_14.png,6,1514,rabbit,
186,Group 0,https://raw.githubusercontent.com/adadtur/nvrd-sample/master/known/corkscrew.png,known,add,11,vorthling,https://raw.githubusercontent.com/adadtur/nvrd-sample/master/known/add/corkscrew_11.png,5,2248,corkscrew,
186,Group 0,https://raw.githubusercontent.com/adadtur/nvrd-sample/master/novel/shape_16.png,novel,background,5,sdrindle,https://raw.githubusercontent.com/adadtur/nvrd-sample/master/novel/background/shape_16_5.png,6,1504,shape_16,
186,Group 0,https://raw.githubusercontent.com/adadtur/nvrd-sample/master/novel/shape_11.png,novel,add,14,scradge,https://raw.githubusercontent.com/adadtur/nvrd-sample/master/novel/add/shape_11_14.png,6,1384,shape_11,
186,Group 0,https://raw.githubusercontent.com/adadtur/nvrd-sample/master/known/rabbit.png,,,,pon,https://raw.githubusercontent.com/adadtur/nvrd-sample/master/known/corkscrew.png,1,1770,attention_check_3,
186,Group 0,https://raw.githubusercontent.com/adadtur/nvrd-sample/master/novel/shape_16.png,novel,color,19,sdrindle,https://raw.githubusercontent.com/adadtur/nvrd-sample/master/novel/color/shape_16_19.png,6,1664,shape_16,
186,Group 0,https://raw.githubusercontent.com/adadtur/nvrd-sample/master/modified-shape-texture/checkerboard_tv-remote.png,modified/shape-texture,style,19,grestle,https://raw.githubusercontent.com/adadtur/nvrd-sample/master/modified-shape-texture/style/checkerboard_tv-remote_19.png,4,2802,checkerboard_tv-remote,
186,Group 0,https://raw.githubusercontent.com/adadtur/nvrd-sample/master/novel/shape_11.png,novel,background,19,scradge,https://raw.githubusercontent.com/adadtur/nvrd-sample/master/novel/background/shape_11_19.png,6,1976,shape_11,
186,Group 0,https://raw.githubusercontent.com/adadtur/nvrd-sample/master/modified-shape-texture/checkerboard_tiger.png,modified/shape-texture,style,19,clentrel,https://raw.githubusercontent.com/adadtur/nvrd-sample/master/modified-shape-texture/style/checkerboard_tiger_19.png,4,3490,checkerboard_tiger,
186,Group 0,https://raw.githubusercontent.com/adadtur/nvrd-sample/master/known/corkscrew.png,known,color,2,vorthling,https://raw.githubusercontent.com/adadtur/nvrd-sample/master/known/color/corkscrew_2.png,6,1336,corkscrew,
186,Group 0,https://raw.githubusercontent.com/adadtur/nvrd-sample/master/known/horse.png,known,texture,2,skelwick,https://raw.githubusercontent.com/adadtur/nvrd-sample/master/known/texture/horse_2.png,6,1208,horse,
186,Group 0,https://raw.githubusercontent.com/adadtur/nvrd-sample/master/modified-shape-texture/checkerboard_tiger.png,modified/shape-texture,texture,2,clentrel,https://raw.githubusercontent.com/adadtur/nvrd-sample/master/modified-shape-texture/texture/checkerboard_tiger_2.png,6,976,checkerboard_tiger,
186,Group 0,https://raw.githubusercontent.com/adadtur/nvrd-sample/master/known/horse.png,known,texture,8,skelwick,https://raw.githubusercontent.com/adadtur/nvrd-sample/master/known/texture/horse_8.png,6,2242,horse,
186,Group 0,https://raw.githubusercontent.com/adadtur/nvrd-sample/master/novel/shape_11.png,novel,remove,14,scradge,https://raw.githubusercontent.com/adadtur/nvrd-sample/master/novel/remove/shape_11_14.png,5,2410,shape_11,
186,Group 0,https://raw.githubusercontent.com/adadtur/nvrd-sample/master/known/rabbit.png,known,color,20,wrivlet,https://raw.githubusercontent.com/adadtur/nvrd-sample/master/known/color/rabbit_20.png,6,1528,rabbit,
186,Group 0,https://raw.githubusercontent.com/adadtur/nvrd-sample/master/novel/shape_13.png,novel,background,8,wrimble,https://raw.githubusercontent.com/adadtur/nvrd-sample/master/novel/background/shape_13_8.png,5,1823,shape_13,
186,Group 0,https://raw.githubusercontent.com/adadtur/nvrd-sample/master/known/horse.png,known,style,19,skelwick,https://raw.githubusercontent.com/adadtur/nvrd-sample/master/known/style/horse_19.png,6,1367,horse,
186,Group 0,https://raw.githubusercontent.com/adadtur/nvrd-sample/master/novel/shape_16.png,novel,background,17,sdrindle,https://raw.githubusercontent.com/adadtur/nvrd-sample/master/novel/background/shape_16_17.png,6,1706,shape_16,
186,Group 0,https://raw.githubusercontent.com/adadtur/nvrd-sample/master/known/corkscrew.png,known,shape,2,vorthling,https://raw.githubusercontent.com/adadtur/nvrd-sample/master/known/shape/corkscrew_2.png,5,1642,corkscrew,
186,Group 0,https://raw.githubusercontent.com/adadtur/nvrd-sample/master/known/corkscrew.png,,,,neb,https://raw.githubusercontent.com/adadtur/nvrd-sample/master/known/golden-retriever.png,1,2448,attention_check_4,
186,Group 0,https://raw.githubusercontent.com/adadtur/nvrd-sample/master/known/golden-retriever.png,known,color,8,froatne,https://raw.githubusercontent.com/adadtur/nvrd-sample/master/known/color/golden-retriever_8.png,6,1561,golden-retriever,
186,Group 0,https://raw.githubusercontent.com/adadtur/nvrd-sample/master/modified-shape-texture/bird-feathers_saxophone.png,modified/shape-texture,remove,19,plonwick,https://raw.githubusercontent.com/adadtur/nvrd-sample/master/modified-shape-texture/remove/bird-feathers_saxophone_19.png,1,2042,bird-feathers_saxophone,
186,Group 0,https://raw.githubusercontent.com/adadtur/nvrd-sample/master/modified-shape-shape/drone_dagger.png,modified/shape-shape,background,20,zornett,https://raw.githubusercontent.com/adadtur/nvrd-sample/master/modified-shape-shape/background/drone_dagger_20.png,6,1504,drone_dagger,
186,Group 0,https://raw.githubusercontent.com/adadtur/nvrd-sample/master/novel/shape_13.png,novel,background,19,wrimble,https://raw.githubusercontent.com/adadtur/nvrd-sample/master/novel/background/shape_13_19.png,5,1256,shape_13,
186,Group 0,https://raw.githubusercontent.com/adadtur/nvrd-sample/master/novel/shape_19.png,novel,remove,2,frentish,https://raw.githubusercontent.com/adadtur/nvrd-sample/master/novel/remove/shape_19_2.png,6,1328,shape_19,
186,Group 0,https://raw.githubusercontent.com/adadtur/nvrd-sample/master/known/dolphin.png,known,color,14,thrimple,https://raw.githubusercontent.com/adadtur/nvrd-sample/master/known/color/dolphin_14.png,6,830,dolphin,
186,Group 0,https://raw.githubusercontent.com/adadtur/nvrd-sample/master/novel/shape_28.png,novel,add,8,frostling,https://raw.githubusercontent.com/adadtur/nvrd-sample/master/novel/add/shape_28_8.png,5,2514,shape_28,
186,Group 0,https://raw.githubusercontent.com/adadtur/nvrd-sample/master/known/bee.png,known,remove,2,snavish,https://raw.githubusercontent.com/adadtur/nvrd-sample/master/known/remove/bee_2.png,5,1946,bee,
186,Group 0,https://raw.githubusercontent.com/adadtur/nvrd-sample/master/modified-shape-texture/bird-feathers_saxophone.png,modified/shape-texture,remove,8,plonwick,https://raw.githubusercontent.com/adadtur/nvrd-sample/master/modified-shape-texture/remove/bird-feathers_saxophone_8.png,5,2306,bird-feathers_saxophone,
186,Group 0,https://raw.githubusercontent.com/adadtur/nvrd-sample/master/known/horse.png,known,background,11,skelwick,https://raw.githubusercontent.com/adadtur/nvrd-sample/master/known/background/horse_11.png,6,1496,horse,
186,Group 0,https://raw.githubusercontent.com/adadtur/nvrd-sample/master/known/bee.png,known,background,20,snavish,https://raw.githubusercontent.com/adadtur/nvrd-sample/master/known/background/bee_20.png,6,1088,bee,
186,Group 0,https://raw.githubusercontent.com/adadtur/nvrd-sample/master/novel/shape_16.png,novel,texture,11,sdrindle,https://raw.githubusercontent.com/adadtur/nvrd-sample/master/novel/texture/shape_16_11.png,6,1794,shape_16,
186,Group 0,https://raw.githubusercontent.com/adadtur/nvrd-sample/master/known/rabbit.png,known,add,8,wrivlet,https://raw.githubusercontent.com/adadtur/nvrd-sample/master/known/add/rabbit_8.png,5,1792,rabbit,
186,Group 0,https://raw.githubusercontent.com/adadtur/nvrd-sample/master/known/dolphin.png,known,shape,11,thrimple,https://raw.githubusercontent.com/adadtur/nvrd-sample/master/known/shape/dolphin_11.png,6,1703,dolphin,
186,Group 0,https://raw.githubusercontent.com/adadtur/nvrd-sample/master/known/dolphin.png,,,,rav,https://raw.githubusercontent.com/adadtur/nvrd-sample/master/known/rabbit.png,2,2108,attention_check_5,
186,Group 0,https://raw.githubusercontent.com/adadtur/nvrd-sample/master/known/golden-retriever.png,known,add,8,froatne,https://raw.githubusercontent.com/adadtur/nvrd-sample/master/known/add/golden-retriever_8.png,6,2744,golden-retriever,
186,Group 0,https://raw.githubusercontent.com/adadtur/nvrd-sample/master/known/dolphin.png,known,add,17,thrimple,https://raw.githubusercontent.com/adadtur/nvrd-sample/master/known/add/dolphin_17.png,5,2154,dolphin,
186,Group 0,https://raw.githubusercontent.com/adadtur/nvrd-sample/master/modified-shape-texture/checkerboard_tv-remote.png,modified/shape-texture,texture,14,grestle,https://raw.githubusercontent.com/adadtur/nvrd-sample/master/modified-shape-texture/texture/checkerboard_tv-remote_14.png,6,2242,checkerboard_tv-remote,
186,Group 0,https://raw.githubusercontent.com/adadtur/nvrd-sample/master/known/corkscrew.png,known,texture,19,vorthling,https://raw.githubusercontent.com/adadtur/nvrd-sample/master/known/texture/corkscrew_19.png,6,2008,corkscrew,
186,Group 0,https://raw.githubusercontent.com/adadtur/nvrd-sample/master/modified-shape-shape/crystal_telescope.png,modified/shape-shape,background,8,drublit,https://raw.githubusercontent.com/adadtur/nvrd-sample/master/modified-shape-shape/background/crystal_telescope_8.png,6,2053,crystal_telescope,
186,Group 0,https://raw.githubusercontent.com/adadtur/nvrd-sample/master/modified-shape-texture/checkerboard_tiger.png,modified/shape-texture,texture,20,clentrel,https://raw.githubusercontent.com/adadtur/nvrd-sample/master/modified-shape-texture/texture/checkerboard_tiger_20.png,6,1512,checkerboard_tiger,
186,Group 0,https://raw.githubusercontent.com/adadtur/nvrd-sample/master/modified-shape-shape/bonsai_crystal.png,modified/shape-shape,color,5,cravish,https://raw.githubusercontent.com/adadtur/nvrd-sample/master/modified-shape-shape/color/bonsai_crystal_5.png,6,1672,bonsai_crystal,
186,Group 0,https://raw.githubusercontent.com/adadtur/nvrd-sample/master/modified-shape-shape/crystal_telescope.png,modified/shape-shape,style,11,drublit,https://raw.githubusercontent.com/adadtur/nvrd-sample/master/modified-shape-shape/style/crystal_telescope_11.png,6,2100,crystal_telescope,
186,Group 0,https://raw.githubusercontent.com/adadtur/nvrd-sample/master/known/rabbit.png,known,add,11,wrivlet,https://raw.githubusercontent.com/adadtur/nvrd-sample/master/known/add/rabbit_11.png,5,2048,rabbit,
186,Group 0,https://raw.githubusercontent.com/adadtur/nvrd-sample/master/novel/shape_19.png,novel,texture,19,frentish,https://raw.githubusercontent.com/adadtur/nvrd-sample/master/novel/texture/shape_19_19.png,6,1784,shape_19,
186,Group 0,https://raw.githubusercontent.com/adadtur/nvrd-sample/master/novel/shape_13.png,novel,style,8,wrimble,https://raw.githubusercontent.com/adadtur/nvrd-sample/master/novel/style/shape_13_8.png,6,2290,shape_13,
186,Group 0,https://raw.githubusercontent.com/adadtur/nvrd-sample/master/known/rabbit.png,known,style,2,wrivlet,https://raw.githubusercontent.com/adadtur/nvrd-sample/master/known/style/rabbit_2.png,6,1304,rabbit,
186,Group 0,https://raw.githubusercontent.com/adadtur/nvrd-sample/master/known/bee.png,known,remove,8,snavish,https://raw.githubusercontent.com/adadtur/nvrd-sample/master/known/remove/bee_8.png,5,3181,bee,
186,Group 0,,,,,,,,2306,,
177,Group 0,,,,,,,,,,
177,Group 0,,,,,,,,8082,,
177,Group 0,,,,,,,,22003,,
177,Group 0,,,,,,,7,2789,,
177,Group 0,,,,,,,1,1572,,
177,Group 0,,,,,,,7,2824,,
177,Group 0,,,,,,,,4838,,
177,Group 0,,,,,,,6,1223,,
177,Group 0,,,,,,,,1049,,
177,Group 0,,,,,,,5,768,,
177,Group 0,,,,,,,,12214,,
177,Group 0,https://raw.githubusercontent.com/adadtur/nvrd-sample/master/known/corkscrew.png,known,color,2,vorthling,https://raw.githubusercontent.com/adadtur/nvrd-sample/master/known/color/corkscrew_2.png,5,3122,corkscrew,
177,Group 0,https://raw.githubusercontent.com/adadtur/nvrd-sample/master/modified-shape-texture/bird-feathers_saxophone.png,modified/shape-texture,remove,8,plonwick,https://raw.githubusercontent.com/adadtur/nvrd-sample/master/modified-shape-texture/remove/bird-feathers_saxophone_8.png,2,2518,bird-feathers_saxophone,
177,Group 0,https://raw.githubusercontent.com/adadtur/nvrd-sample/master/modified-shape-shape/crystal_telescope.png,modified/shape-shape,remove,19,drublit,https://raw.githubusercontent.com/adadtur/nvrd-sample/master/modified-shape-shape/remove/crystal_telescope_19.png,1,4157,crystal_telescope,
177,Group 0,https://raw.githubusercontent.com/adadtur/nvrd-sample/master/novel/shape_16.png,novel,color,19,sdrindle,https://raw.githubusercontent.com/adadtur/nvrd-sample/master/novel/color/shape_16_19.png,5,2090,shape_16,
177,Group 0,https://raw.githubusercontent.com/adadtur/nvrd-sample/master/modified-shape-shape/crystal_telescope.png,modified/shape-shape,style,11,drublit,https://raw.githubusercontent.com/adadtur/nvrd-sample/master/modified-shape-shape/style/crystal_telescope_11.png,5,10340,crystal_telescope,
177,Group 0,https://raw.githubusercontent.com/adadtur/nvrd-sample/master/known/rabbit.png,known,style,2,wrivlet,https://raw.githubusercontent.com/adadtur/nvrd-sample/master/known/style/rabbit_2.png,5,1732,rabbit,
177,Group 0,https://raw.githubusercontent.com/adadtur/nvrd-sample/master/novel/shape_19.png,novel,add,5,frentish,https://raw.githubusercontent.com/adadtur/nvrd-sample/master/novel/add/shape_19_5.png,4,8617,shape_19,
177,Group 0,https://raw.githubusercontent.com/adadtur/nvrd-sample/master/modified-shape-texture/checkerboard_tv-remote.png,modified/shape-texture,style,14,grestle,https://raw.githubusercontent.com/adadtur/nvrd-sample/master/modified-shape-texture/style/checkerboard_tv-remote_14.png,5,10113,checkerboard_tv-remote,
177,Group 0,https://raw.githubusercontent.com/adadtur/nvrd-sample/master/known/rabbit.png,known,add,5,wrivlet,https://raw.githubusercontent.com/adadtur/nvrd-sample/master/known/add/rabbit_5.png,5,2300,rabbit,
177,Group 0,https://raw.githubusercontent.com/adadtur/nvrd-sample/master/modified-shape-texture/checkerboard_tiger.png,modified/shape-texture,shape,2,clentrel,https://raw.githubusercontent.com/adadtur/nvrd-sample/master/modified-shape-texture/shape/checkerboard_tiger_2.png,6,1739,checkerboard_tiger,
177,Group 0,https://raw.githubusercontent.com/adadtur/nvrd-sample/master/novel/shape_11.png,novel,style,19,scradge,https://raw.githubusercontent.com/adadtur/nvrd-sample/master/novel/style/shape_11_19.png,3,1819,shape_11,
177,Group 0,https://raw.githubusercontent.com/adadtur/nvrd-sample/master/novel/shape_13.png,novel,style,8,wrimble,https://raw.githubusercontent.com/adadtur/nvrd-sample/master/novel/style/shape_13_8.png,5,1215,shape_13,
177,Group 0,https://raw.githubusercontent.com/adadtur/nvrd-sample/master/known/golden-retriever.png,known,color,8,froatne,https://raw.githubusercontent.com/adadtur/nvrd-sample/master/known/color/golden-retriever_8.png,6,2729,golden-retriever,
177,Group 0,https://raw.githubusercontent.com/adadtur/nvrd-sample/master/modified-shape-texture/checkerboard_tiger.png,modified/shape-texture,style,19,clentrel,https://raw.githubusercontent.com/adadtur/nvrd-sample/master/modified-shape-texture/style/checkerboard_tiger_19.png,3,1870,checkerboard_tiger,
177,Group 0,https://raw.githubusercontent.com/adadtur/nvrd-sample/master/known/golden-retriever.png,,,,toma,https://raw.githubusercontent.com/adadtur/nvrd-sample/master/known/corkscrew.png,1,1478,attention_check_1,
177,Group 0,https://raw.githubusercontent.com/adadtur/nvrd-sample/master/modified-shape-shape/drone_dagger.png,modified/shape-shape,background,20,zornett,https://raw.githubusercontent.com/adadtur/nvrd-sample/master/modified-shape-shape/background/drone_dagger_20.png,5,2307,drone_dagger,
177,Group 0,https://raw.githubusercontent.com/adadtur/nvrd-sample/master/novel/shape_28.png,novel,texture,19,frostling,https://raw.githubusercontent.com/adadtur/nvrd-sample/master/novel/texture/shape_28_19.png,5,2856,shape_28,
177,Group 0,https://raw.githubusercontent.com/adadtur/nvrd-sample/master/modified-shape-texture/bird-feathers_saxophone.png,modified/shape-texture,shape,14,plonwick,https://raw.githubusercontent.com/adadtur/nvrd-sample/master/modified-shape-texture/shape/bird-feathers_saxophone_14.png,5,1805,bird-feathers_saxophone,
177,Group 0,https://raw.githubusercontent.com/adadtur/nvrd-sample/master/known/rabbit.png,known,add,8,wrivlet,https://raw.githubusercontent.com/adadtur/nvrd-sample/master/known/add/rabbit_8.png,5,1678,rabbit,
177,Group 0,https://raw.githubusercontent.com/adadtur/nvrd-sample/master/modified-shape-shape/bonsai_crystal.png,modified/shape-shape,color,5,cravish,https://raw.githubusercontent.com/adadtur/nvrd-sample/master/modified-shape-shape/color/bonsai_crystal_5.png,6,1758,bonsai_crystal,
177,Group 0,https://raw.githubusercontent.com/adadtur/nvrd-sample/master/known/rabbit.png,known,shape,8,wrivlet,https://raw.githubusercontent.com/adadtur/nvrd-sample/master/known/shape/rabbit_8.png,3,1914,rabbit,
177,Group 0,https://raw.githubusercontent.com/adadtur/nvrd-sample/master/known/dolphin.png,known,color,8,thrimple,https://raw.githubusercontent.com/adadtur/nvrd-sample/master/known/color/dolphin_8.png,5,1373,dolphin,
177,Group 0,https://raw.githubusercontent.com/adadtur/nvrd-sample/master/known/corkscrew.png,known,add,11,vorthling,https://raw.githubusercontent.com/adadtur/nvrd-sample/master/known/add/corkscrew_11.png,3,2439,corkscrew,
177,Group 0,https://raw.githubusercontent.com/adadtur/nvrd-sample/master/novel/shape_13.png,novel,background,19,wrimble,https://raw.githubusercontent.com/adadtur/nvrd-sample/master/novel/background/shape_13_19.png,5,13701,shape_13,
177,Group 0,https://raw.githubusercontent.com/adadtur/nvrd-sample/master/known/dolphin.png,known,shape,11,thrimple,https://raw.githubusercontent.com/adadtur/nvrd-sample/master/known/shape/dolphin_11.png,6,1520,dolphin,
177,Group 0,https://raw.githubusercontent.com/adadtur/nvrd-sample/master/known/horse.png,known,shape,19,skelwick,https://raw.githubusercontent.com/adadtur/nvrd-sample/master/known/shape/horse_19.png,2,1670,horse,
177,Group 0,https://raw.githubusercontent.com/adadtur/nvrd-sample/master/known/dolphin.png,known,color,14,thrimple,https://raw.githubusercontent.com/adadtur/nvrd-sample/master/known/color/dolphin_14.png,5,1337,dolphin,
177,Group 0,https://raw.githubusercontent.com/adadtur/nvrd-sample/master/novel/shape_28.png,novel,texture,11,frostling,https://raw.githubusercontent.com/adadtur/nvrd-sample/master/novel/texture/shape_28_11.png,5,1871,shape_28,
177,Group 0,https://raw.githubusercontent.com/adadtur/nvrd-sample/master/modified-shape-texture/bird-feathers_saxophone.png,modified/shape-texture,color,11,plonwick,https://raw.githubusercontent.com/adadtur/nvrd-sample/master/modified-shape-texture/color/bird-feathers_saxophone_11.png,6,1416,bird-feathers_saxophone,
177,Group 0,https://raw.githubusercontent.com/adadtur/nvrd-sample/master/known/dolphin.png,,,,blick,https://raw.githubusercontent.com/adadtur/nvrd-sample/master/known/rabbit.png,1,1258,attention_check_2,
177,Group 0,https://raw.githubusercontent.com/adadtur/nvrd-sample/master/novel/shape_24.png,novel,add,14,vraxel,https://raw.githubusercontent.com/adadtur/nvrd-sample/master/novel/add/shape_24_14.png,5,11006,shape_24,
177,Group 0,https://raw.githubusercontent.com/adadtur/nvrd-sample/master/known/rabbit.png,known,add,11,wrivlet,https://raw.githubusercontent.com/adadtur/nvrd-sample/master/known/add/rabbit_11.png,2,9466,rabbit,
177,Group 0,https://raw.githubusercontent.com/adadtur/nvrd-sample/master/novel/shape_19.png,novel,texture,19,frentish,https://raw.githubusercontent.com/adadtur/nvrd-sample/master/novel/texture/shape_19_19.png,3,1460,shape_19,
177,Group 0,https://raw.githubusercontent.com/adadtur/nvrd-sample/master/known/rabbit.png,known,remove,5,wrivlet,https://raw.githubusercontent.com/adadtur/nvrd-sample/master/known/remove/rabbit_5.png,1,2116,rabbit,
177,Group 0,https://raw.githubusercontent.com/adadtur/nvrd-sample/master/modified-shape-shape/bonsai_crystal.png,modified/shape-shape,style,8,cravish,https://raw.githubusercontent.com/adadtur/nvrd-sample/master/modified-shape-shape/style/bonsai_crystal_8.png,5,2159,bonsai_crystal,
177,Group 0,https://raw.githubusercontent.com/adadtur/nvrd-sample/master/novel/shape_19.png,novel,style,19,frentish,https://raw.githubusercontent.com/adadtur/nvrd-sample/master/novel/style/shape_19_19.png,2,6544,shape_19,
177,Group 0,https://raw.githubusercontent.com/adadtur/nvrd-sample/master/modified-shape-texture/checkerboard_tv-remote.png,modified/shape-texture,style,11,grestle,https://raw.githubusercontent.com/adadtur/nvrd-sample/master/modified-shape-texture/style/checkerboard_tv-remote_11.png,5,7358,checkerboard_tv-remote,
177,Group 0,https://raw.githubusercontent.com/adadtur/nvrd-sample/master/modified-shape-texture/checkerboard_tv-remote.png,modified/shape-texture,style,19,grestle,https://raw.githubusercontent.com/adadtur/nvrd-sample/master/modified-shape-texture/style/checkerboard_tv-remote_19.png,2,1469,checkerboard_tv-remote,
177,Group 0,https://raw.githubusercontent.com/adadtur/nvrd-sample/master/known/rabbit.png,known,style,14,wrivlet,https://raw.githubusercontent.com/adadtur/nvrd-sample/master/known/style/rabbit_14.png,2,1215,rabbit,
177,Group 0,https://raw.githubusercontent.com/adadtur/nvrd-sample/master/known/golden-retriever.png,known,add,8,froatne,https://raw.githubusercontent.com/adadtur/nvrd-sample/master/known/add/golden-retriever_8.png,3,2291,golden-retriever,
177,Group 0,https://raw.githubusercontent.com/adadtur/nvrd-sample/master/novel/shape_16.png,novel,texture,11,sdrindle,https://raw.githubusercontent.com/adadtur/nvrd-sample/master/novel/texture/shape_16_11.png,5,18024,shape_16,
177,Group 0,https://raw.githubusercontent.com/adadtur/nvrd-sample/master/known/golden-retriever.png,known,texture,17,froatne,https://raw.githubusercontent.com/adadtur/nvrd-sample/master/known/texture/golden-retriever_17.png,5,1275,golden-retriever,
177,Group 0,https://raw.githubusercontent.com/adadtur/nvrd-sample/master/novel/shape_11.png,novel,add,14,scradge,https://raw.githubusercontent.com/adadtur/nvrd-sample/master/novel/add/shape_11_14.png,5,3490,shape_11,
177,Group 0,https://raw.githubusercontent.com/adadtur/nvrd-sample/master/novel/shape_11.png,novel,remove,14,scradge,https://raw.githubusercontent.com/adadtur/nvrd-sample/master/novel/remove/shape_11_14.png,3,1311,shape_11,
177,Group 0,https://raw.githubusercontent.com/adadtur/nvrd-sample/master/known/rabbit.png,,,,pon,https://raw.githubusercontent.com/adadtur/nvrd-sample/master/known/corkscrew.png,1,1223,attention_check_3,
177,Group 0,https://raw.githubusercontent.com/adadtur/nvrd-sample/master/modified-shape-texture/checkerboard_tv-remote.png,modified/shape-texture,shape,2,grestle,https://raw.githubusercontent.com/adadtur/nvrd-sample/master/modified-shape-texture/shape/checkerboard_tv-remote_2.png,5,3682,checkerboard_tv-remote,
177,Group 0,https://raw.githubusercontent.com/adadtur/nvrd-sample/master/known/dolphin.png,known,background,8,thrimple,https://raw.githubusercontent.com/adadtur/nvrd-sample/master/known/background/dolphin_8.png,6,1362,dolphin,
177,Group 0,https://raw.githubusercontent.com/adadtur/nvrd-sample/master/known/horse.png,known,texture,2,skelwick,https://raw.githubusercontent.com/adadtur/nvrd-sample/master/known/texture/horse_2.png,7,1461,horse,
177,Group 0,https://raw.githubusercontent.com/adadtur/nvrd-sample/master/novel/shape_13.png,novel,shape,8,wrimble,https://raw.githubusercontent.com/adadtur/nvrd-sample/master/novel/shape/shape_13_8.png,1,1670,shape_13,
177,Group 0,https://raw.githubusercontent.com/adadtur/nvrd-sample/master/modified-shape-shape/crystal_telescope.png,modified/shape-shape,background,8,drublit,https://raw.githubusercontent.com/adadtur/nvrd-sample/master/modified-shape-shape/background/crystal_telescope_8.png,6,8871,crystal_telescope,
177,Group 0,https://raw.githubusercontent.com/adadtur/nvrd-sample/master/known/horse.png,known,texture,8,skelwick,https://raw.githubusercontent.com/adadtur/nvrd-sample/master/known/texture/horse_8.png,5,1206,horse,
177,Group 0,https://raw.githubusercontent.com/adadtur/nvrd-sample/master/novel/shape_11.png,novel,remove,20,scradge,https://raw.githubusercontent.com/adadtur/nvrd-sample/master/novel/remove/shape_11_20.png,3,1530,shape_11,
177,Group 0,https://raw.githubusercontent.com/adadtur/nvrd-sample/master/known/corkscrew.png,known,shape,2,vorthling,https://raw.githubusercontent.com/adadtur/nvrd-sample/master/known/shape/corkscrew_2.png,5,9824,corkscrew,
177,Group 0,https://raw.githubusercontent.com/adadtur/nvrd-sample/master/novel/shape_19.png,novel,remove,2,frentish,https://raw.githubusercontent.com/adadtur/nvrd-sample/master/novel/remove/shape_19_2.png,5,3043,shape_19,
177,Group 0,https://raw.githubusercontent.com/adadtur/nvrd-sample/master/known/horse.png,known,style,19,skelwick,https://raw.githubusercontent.com/adadtur/nvrd-sample/master/known/style/horse_19.png,3,1118,horse,
177,Group 0,https://raw.githubusercontent.com/adadtur/nvrd-sample/master/modified-shape-texture/bird-feathers_saxophone.png,modified/shape-texture,remove,19,plonwick,https://raw.githubusercontent.com/adadtur/nvrd-sample/master/modified-shape-texture/remove/bird-feathers_saxophone_19.png,1,1363,bird-feathers_saxophone,
177,Group 0,https://raw.githubusercontent.com/adadtur/nvrd-sample/master/known/dolphin.png,known,color,5,thrimple,https://raw.githubusercontent.com/adadtur/nvrd-sample/master/known/color/dolphin_5.png,6,1461,dolphin,
177,Group 0,https://raw.githubusercontent.com/adadtur/nvrd-sample/master/modified-shape-texture/checkerboard_tiger.png,modified/shape-texture,texture,20,clentrel,https://raw.githubusercontent.com/adadtur/nvrd-sample/master/modified-shape-texture/texture/checkerboard_tiger_20.png,5,1372,checkerboard_tiger,
177,Group 0,https://raw.githubusercontent.com/adadtur/nvrd-sample/master/known/horse.png,known,background,11,skelwick,https://raw.githubusercontent.com/adadtur/nvrd-sample/master/known/background/horse_11.png,6,1915,horse,
177,Group 0,https://raw.githubusercontent.com/adadtur/nvrd-sample/master/known/corkscrew.png,,,,neb,https://raw.githubusercontent.com/adadtur/nvrd-sample/master/known/golden-retriever.png,1,1214,attention_check_4,
177,Group 0,https://raw.githubusercontent.com/adadtur/nvrd-sample/master/novel/shape_13.png,novel,background,8,wrimble,https://raw.githubusercontent.com/adadtur/nvrd-sample/master/novel/background/shape_13_8.png,5,2370,shape_13,
177,Group 0,https://raw.githubusercontent.com/adadtur/nvrd-sample/master/modified-shape-texture/checkerboard_tiger.png,modified/shape-texture,shape,8,clentrel,https://raw.githubusercontent.com/adadtur/nvrd-sample/master/modified-shape-texture/shape/checkerboard_tiger_8.png,3,10245,checkerboard_tiger,
177,Group 0,https://raw.githubusercontent.com/adadtur/nvrd-sample/master/modified-shape-texture/checkerboard_tv-remote.png,modified/shape-texture,background,20,grestle,https://raw.githubusercontent.com/adadtur/nvrd-sample/master/modified-shape-texture/background/checkerboard_tv-remote_20.png,5,1669,checkerboard_tv-remote,
177,Group 0,https://raw.githubusercontent.com/adadtur/nvrd-sample/master/known/rabbit.png,known,color,20,wrivlet,https://raw.githubusercontent.com/adadtur/nvrd-sample/master/known/color/rabbit_20.png,5,1521,rabbit,
177,Group 0,https://raw.githubusercontent.com/adadtur/nvrd-sample/master/novel/shape_11.png,novel,color,20,scradge,https://raw.githubusercontent.com/adadtur/nvrd-sample/master/novel/color/shape_11_20.png,5,1381,shape_11,
177,Group 0,https://raw.githubusercontent.com/adadtur/nvrd-sample/master/novel/shape_24.png,novel,shape,8,vraxel,https://raw.githubusercontent.com/adadtur/nvrd-sample/master/novel/shape/shape_24_8.png,6,2089,shape_24,
177,Group 0,https://raw.githubusercontent.com/adadtur/nvrd-sample/master/known/bee.png,known,remove,2,snavish,https://raw.githubusercontent.com/adadtur/nvrd-sample/master/known/remove/bee_2.png,3,1854,bee,
177,Group 0,https://raw.githubusercontent.com/adadtur/nvrd-sample/master/known/corkscrew.png,known,texture,19,vorthling,https://raw.githubusercontent.com/adadtur/nvrd-sample/master/known/texture/corkscrew_19.png,6,1425,corkscrew,
177,Group 0,https://raw.githubusercontent.com/adadtur/nvrd-sample/master/modified-shape-texture/checkerboard_tiger.png,modified/shape-texture,texture,2,clentrel,https://raw.githubusercontent.com/adadtur/nvrd-sample/master/modified-shape-texture/texture/checkerboard_tiger_2.png,7,1433,checkerboard_tiger,
177,Group 0,https://raw.githubusercontent.com/adadtur/nvrd-sample/master/known/bee.png,known,add,19,snavish,https://raw.githubusercontent.com/adadtur/nvrd-sample/master/known/add/bee_19.png,6,1967,bee,
177,Group 0,https://raw.githubusercontent.com/adadtur/nvrd-sample/master/novel/shape_16.png,novel,background,5,sdrindle,https://raw.githubusercontent.com/adadtur/nvrd-sample/master/novel/background/shape_16_5.png,6,4128,shape_16,
177,Group 0,https://raw.githubusercontent.com/adadtur/nvrd-sample/master/modified-shape-shape/drone_dagger.png,modified/shape-shape,texture,2,zornett,https://raw.githubusercontent.com/adadtur/nvrd-sample/master/modified-shape-shape/texture/drone_dagger_2.png,6,1906,drone_dagger,
177,Group 0,https://raw.githubusercontent.com/adadtur/nvrd-sample/master/known/dolphin.png,known,add,17,thrimple,https://raw.githubusercontent.com/adadtur/nvrd-sample/master/known/add/dolphin_17.png,7,1267,dolphin,
177,Group 0,https://raw.githubusercontent.com/adadtur/nvrd-sample/master/known/bee.png,known,remove,8,snavish,https://raw.githubusercontent.com/adadtur/nvrd-sample/master/known/remove/bee_8.png,3,1583,bee,
177,Group 0,https://raw.githubusercontent.com/adadtur/nvrd-sample/master/known/dolphin.png,,,,rav,https://raw.githubusercontent.com/adadtur/nvrd-sample/master/known/rabbit.png,1,1442,attention_check_5,
177,Group 0,https://raw.githubusercontent.com/adadtur/nvrd-sample/master/modified-shape-texture/bird-feathers_saxophone.png,modified/shape-texture,shape,17,plonwick,https://raw.githubusercontent.com/adadtur/nvrd-sample/master/modified-shape-texture/shape/bird-feathers_saxophone_17.png,5,9081,bird-feathers_saxophone,
177,Group 0,https://raw.githubusercontent.com/adadtur/nvrd-sample/master/novel/shape_16.png,novel,add,5,sdrindle,https://raw.githubusercontent.com/adadtur/nvrd-sample/master/novel/add/shape_16_5.png,3,1731,shape_16,
177,Group 0,https://raw.githubusercontent.com/adadtur/nvrd-sample/master/novel/shape_28.png,novel,add,8,frostling,https://raw.githubusercontent.com/adadtur/nvrd-sample/master/novel/add/shape_28_8.png,3,1285,shape_28,
177,Group 0,https://raw.githubusercontent.com/adadtur/nvrd-sample/master/novel/shape_16.png,novel,background,17,sdrindle,https://raw.githubusercontent.com/adadtur/nvrd-sample/master/novel/background/shape_16_17.png,2,1941,shape_16,
177,Group 0,https://raw.githubusercontent.com/adadtur/nvrd-sample/master/known/bee.png,known,color,5,snavish,https://raw.githubusercontent.com/adadtur/nvrd-sample/master/known/color/bee_5.png,6,1258,bee,
177,Group 0,https://raw.githubusercontent.com/adadtur/nvrd-sample/master/novel/shape_28.png,novel,background,5,frostling,https://raw.githubusercontent.com/adadtur/nvrd-sample/master/novel/background/shape_28_5.png,6,4470,shape_28,
177,Group 0,https://raw.githubusercontent.com/adadtur/nvrd-sample/master/modified-shape-texture/checkerboard_tv-remote.png,modified/shape-texture,texture,14,grestle,https://raw.githubusercontent.com/adadtur/nvrd-sample/master/modified-shape-texture/texture/checkerboard_tv-remote_14.png,5,1259,checkerboard_tv-remote,
177,Group 0,https://raw.githubusercontent.com/adadtur/nvrd-sample/master/novel/shape_24.png,novel,shape,11,vraxel,https://raw.githubusercontent.com/adadtur/nvrd-sample/master/novel/shape/shape_24_11.png,3,2300,shape_24,
177,Group 0,https://raw.githubusercontent.com/adadtur/nvrd-sample/master/known/rabbit.png,known,color,5,wrivlet,https://raw.githubusercontent.com/adadtur/nvrd-sample/master/known/color/rabbit_5.png,5,1215,rabbit,
177,Group 0,https://raw.githubusercontent.com/adadtur/nvrd-sample/master/modified-shape-shape/bonsai_crystal.png,modified/shape-shape,remove,17,cravish,https://raw.githubusercontent.com/adadtur/nvrd-sample/master/modified-shape-shape/remove/bonsai_crystal_17.png,2,1854,bonsai_crystal,
177,Group 0,https://raw.githubusercontent.com/adadtur/nvrd-sample/master/modified-shape-shape/drone_dagger.png,modified/shape-shape,remove,2,zornett,https://raw.githubusercontent.com/adadtur/nvrd-sample/master/modified-shape-shape/remove/drone_dagger_2.png,2,1450,drone_dagger,
177,Group 0,https://raw.githubusercontent.com/adadtur/nvrd-sample/master/novel/shape_11.png,novel,background,19,scradge,https://raw.githubusercontent.com/adadtur/nvrd-sample/master/novel/background/shape_11_19.png,6,9897,shape_11,
177,Group 0,https://raw.githubusercontent.com/adadtur/nvrd-sample/master/known/bee.png,known,background,20,snavish,https://raw.githubusercontent.com/adadtur/nvrd-sample/master/known/background/bee_20.png,6,1862,bee,
177,Group 0,,,,,,,,1750,,
178,Group 3,,,,,,,,,,
178,Group 3,,,,,,,,12787,,
178,Group 3,,,,,,,,30605,,
178,Group 3,,,,,,,7,7611,,
178,Group 3,,,,,,,1,2976,,
178,Group 3,,,,,,,7,3863,,
178,Group 3,,,,,,,,15255,,
178,Group 3,,,,,,,5,3884,,
178,Group 3,,,,,,,,2113,,
178,Group 3,https://raw.githubusercontent.com/adadtur/nvrd-sample/master/known/bee.png,known,style,5,snavish,https://raw.githubusercontent.com/adadtur/nvrd-sample/master/known/style/bee_5.png,5,6585,bee,
178,Group 3,https://raw.githubusercontent.com/adadtur/nvrd-sample/master/modified-shape-texture/checkerboard_tv-remote.png,modified/shape-texture,style,2,grestle,https://raw.githubusercontent.com/adadtur/nvrd-sample/master/modified-shape-texture/style/checkerboard_tv-remote_2.png,5,5193,checkerboard_tv-remote,
178,Group 3,https://raw.githubusercontent.com/adadtur/nvrd-sample/master/novel/shape_24.png,novel,texture,5,vraxel,https://raw.githubusercontent.com/adadtur/nvrd-sample/master/novel/texture/shape_24_5.png,6,3839,shape_24,
178,Group 3,https://raw.githubusercontent.com/adadtur/nvrd-sample/master/modified-shape-shape/bonsai_crystal.png,modified/shape-shape,shape,14,cravish,https://raw.githubusercontent.com/adadtur/nvrd-sample/master/modified-shape-shape/shape/bonsai_crystal_14.png,4,2883,bonsai_crystal,
178,Group 3,https://raw.githubusercontent.com/adadtur/nvrd-sample/master/known/rabbit.png,known,style,20,wrivlet,https://raw.githubusercontent.com/adadtur/nvrd-sample/master/known/style/rabbit_20.png,5,4181,rabbit,
178,Group 3,https://raw.githubusercontent.com/adadtur/nvrd-sample/master/known/horse.png,known,color,14,skelwick,https://raw.githubusercontent.com/adadtur/nvrd-sample/master/known/color/horse_14.png,6,4910,horse,
178,Group 3,https://raw.githubusercontent.com/adadtur/nvrd-sample/master/novel/shape_13.png,novel,texture,11,wrimble,https://raw.githubusercontent.com/adadtur/nvrd-sample/master/novel/texture/shape_13_11.png,6,3172,shape_13,
178,Group 3,https://raw.githubusercontent.com/adadtur/nvrd-sample/master/novel/shape_24.png,novel,shape,17,vraxel,https://raw.githubusercontent.com/adadtur/nvrd-sample/master/novel/shape/shape_24_17.png,3,2848,shape_24,
178,Group 3,https://raw.githubusercontent.com/adadtur/nvrd-sample/master/novel/shape_13.png,novel,remove,14,wrimble,https://raw.githubusercontent.com/adadtur/nvrd-sample/master/novel/remove/shape_13_14.png,2,2908,shape_13,
178,Group 3,https://raw.githubusercontent.com/adadtur/nvrd-sample/master/novel/shape_11.png,novel,shape,5,scradge,https://raw.githubusercontent.com/adadtur/nvrd-sample/master/novel/shape/shape_11_5.png,3,4166,shape_11,
178,Group 3,https://raw.githubusercontent.com/adadtur/nvrd-sample/master/modified-shape-texture/checkerboard_tv-remote.png,modified/shape-texture,shape,17,grestle,https://raw.githubusercontent.com/adadtur/nvrd-sample/master/modified-shape-texture/shape/checkerboard_tv-remote_17.png,5,3990,checkerboard_tv-remote,
178,Group 3,https://raw.githubusercontent.com/adadtur/nvrd-sample/master/novel/shape_19.png,novel,background,2,frentish,https://raw.githubusercontent.com/adadtur/nvrd-sample/master/novel/background/shape_19_2.png,7,7951,shape_19,
178,Group 3,https://raw.githubusercontent.com/adadtur/nvrd-sample/master/novel/shape_24.png,novel,color,8,vraxel,https://raw.githubusercontent.com/adadtur/nvrd-sample/master/novel/color/shape_24_8.png,7,2759,shape_24,
178,Group 3,https://raw.githubusercontent.com/adadtur/nvrd-sample/master/novel/shape_24.png,novel,background,2,vraxel,https://raw.githubusercontent.com/adadtur/nvrd-sample/master/novel/background/shape_24_2.png,7,2428,shape_24,
178,Group 3,https://raw.githubusercontent.com/adadtur/nvrd-sample/master/known/golden-retriever.png,,,,toma,https://raw.githubusercontent.com/adadtur/nvrd-sample/master/known/corkscrew.png,1,3807,attention_check_1,
178,Group 3,https://raw.githubusercontent.com/adadtur/nvrd-sample/master/novel/shape_19.png,novel,shape,5,frentish,https://raw.githubusercontent.com/adadtur/nvrd-sample/master/novel/shape/shape_19_5.png,5,2338,shape_19,
178,Group 3,https://raw.githubusercontent.com/adadtur/nvrd-sample/master/known/bee.png,known,shape,8,snavish,https://raw.githubusercontent.com/adadtur/nvrd-sample/master/known/shape/bee_8.png,7,4346,bee,
178,Group 3,https://raw.githubusercontent.com/adadtur/nvrd-sample/master/modified-shape-texture/checkerboard_tv-remote.png,modified/shape-texture,add,8,grestle,https://raw.githubusercontent.com/adadtur/nvrd-sample/master/modified-shape-texture/add/checkerboard_tv-remote_8.png,4,3400,checkerboard_tv-remote,
178,Group 3,https://raw.githubusercontent.com/adadtur/nvrd-sample/master/modified-shape-texture/checkerboard_tiger.png,modified/shape-texture,add,11,clentrel,https://raw.githubusercontent.com/adadtur/nvrd-sample/master/modified-shape-texture/add/checkerboard_tiger_11.png,7,5444,checkerboard_tiger,
178,Group 3,https://raw.githubusercontent.com/adadtur/nvrd-sample/master/known/corkscrew.png,known,remove,5,vorthling,https://raw.githubusercontent.com/adadtur/nvrd-sample/master/known/remove/corkscrew_5.png,5,3312,corkscrew,
178,Group 3,https://raw.githubusercontent.com/adadtur/nvrd-sample/master/known/dolphin.png,known,style,14,thrimple,https://raw.githubusercontent.com/adadtur/nvrd-sample/master/known/style/dolphin_14.png,5,1753,dolphin,
178,Group 3,https://raw.githubusercontent.com/adadtur/nvrd-sample/master/known/horse.png,known,style,20,skelwick,https://raw.githubusercontent.com/adadtur/nvrd-sample/master/known/style/horse_20.png,5,3597,horse,
178,Group 3,https://raw.githubusercontent.com/adadtur/nvrd-sample/master/known/rabbit.png,known,texture,11,wrivlet,https://raw.githubusercontent.com/adadtur/nvrd-sample/master/known/texture/rabbit_11.png,5,3498,rabbit,
178,Group 3,https://raw.githubusercontent.com/adadtur/nvrd-sample/master/known/bee.png,known,shape,19,snavish,https://raw.githubusercontent.com/adadtur/nvrd-sample/master/known/shape/bee_19.png,7,3654,bee,
178,Group 3,https://raw.githubusercontent.com/adadtur/nvrd-sample/master/modified-shape-texture/checkerboard_tv-remote.png,modified/shape-texture,shape,11,grestle,https://raw.githubusercontent.com/adadtur/nvrd-sample/master/modified-shape-texture/shape/checkerboard_tv-remote_11.png,5,3953,checkerboard_tv-remote,
178,Group 3,https://raw.githubusercontent.com/adadtur/nvrd-sample/master/modified-shape-shape/bonsai_crystal.png,modified/shape-shape,background,5,cravish,https://raw.githubusercontent.com/adadtur/nvrd-sample/master/modified-shape-shape/background/bonsai_crystal_5.png,6,2282,bonsai_crystal,
178,Group 3,https://raw.githubusercontent.com/adadtur/nvrd-sample/master/novel/shape_13.png,novel,color,20,wrimble,https://raw.githubusercontent.com/adadtur/nvrd-sample/master/novel/color/shape_13_20.png,6,2016,shape_13,
178,Group 3,https://raw.githubusercontent.com/adadtur/nvrd-sample/master/known/golden-retriever.png,known,style,19,froatne,https://raw.githubusercontent.com/adadtur/nvrd-sample/master/known/style/golden-retriever_19.png,5,2661,golden-retriever,
178,Group 3,https://raw.githubusercontent.com/adadtur/nvrd-sample/master/novel/shape_13.png,novel,background,5,wrimble,https://raw.githubusercontent.com/adadtur/nvrd-sample/master/novel/background/shape_13_5.png,7,2326,shape_13,
178,Group 3,https://raw.githubusercontent.com/adadtur/nvrd-sample/master/known/dolphin.png,,,,blick,https://raw.githubusercontent.com/adadtur/nvrd-sample/master/known/rabbit.png,1,2896,attention_check_2,
178,Group 3,https://raw.githubusercontent.com/adadtur/nvrd-sample/master/known/bee.png,known,add,5,snavish,https://raw.githubusercontent.com/adadtur/nvrd-sample/master/known/add/bee_5.png,7,2366,bee,
178,Group 3,https://raw.githubusercontent.com/adadtur/nvrd-sample/master/novel/shape_16.png,novel,add,2,sdrindle,https://raw.githubusercontent.com/adadtur/nvrd-sample/master/novel/add/shape_16_2.png,7,2928,shape_16,
178,Group 3,https://raw.githubusercontent.com/adadtur/nvrd-sample/master/novel/shape_19.png,novel,shape,20,frentish,https://raw.githubusercontent.com/adadtur/nvrd-sample/master/novel/shape/shape_19_20.png,2,2512,shape_19,
178,Group 3,https://raw.githubusercontent.com/adadtur/nvrd-sample/master/known/golden-retriever.png,known,remove,5,froatne,https://raw.githubusercontent.com/adadtur/nvrd-sample/master/known/remove/golden-retriever_5.png,4,2588,golden-retriever,
178,Group 3,https://raw.githubusercontent.com/adadtur/nvrd-sample/master/known/bee.png,known,color,20,snavish,https://raw.githubusercontent.com/adadtur/nvrd-sample/master/known/color/bee_20.png,5,1756,bee,
178,Group 3,https://raw.githubusercontent.com/adadtur/nvrd-sample/master/novel/shape_11.png,novel,background,2,scradge,https://raw.githubusercontent.com/adadtur/nvrd-sample/master/novel/background/shape_11_2.png,7,2627,shape_11,
178,Group 3,https://raw.githubusercontent.com/adadtur/nvrd-sample/master/novel/shape_11.png,novel,remove,5,scradge,https://raw.githubusercontent.com/adadtur/nvrd-sample/master/novel/remove/shape_11_5.png,5,1940,shape_11,
178,Group 3,https://raw.githubusercontent.com/adadtur/nvrd-sample/master/novel/shape_28.png,novel,texture,2,frostling,https://raw.githubusercontent.com/adadtur/nvrd-sample/master/novel/texture/shape_28_2.png,7,6644,shape_28,
178,Group 3,https://raw.githubusercontent.com/adadtur/nvrd-sample/master/modified-shape-texture/bird-feathers_saxophone.png,modified/shape-texture,texture,19,plonwick,https://raw.githubusercontent.com/adadtur/nvrd-sample/master/modified-shape-texture/texture/bird-feathers_saxophone_19.png,5,2579,bird-feathers_saxophone,
178,Group 3,https://raw.githubusercontent.com/adadtur/nvrd-sample/master/modified-shape-shape/bonsai_crystal.png,modified/shape-shape,remove,20,cravish,https://raw.githubusercontent.com/adadtur/nvrd-sample/master/modified-shape-shape/remove/bonsai_crystal_20.png,3,2514,bonsai_crystal,
178,Group 3,https://raw.githubusercontent.com/adadtur/nvrd-sample/master/novel/shape_16.png,novel,shape,2,sdrindle,https://raw.githubusercontent.com/adadtur/nvrd-sample/master/novel/shape/shape_16_2.png,4,2287,shape_16,
178,Group 3,https://raw.githubusercontent.com/adadtur/nvrd-sample/master/known/bee.png,known,background,17,snavish,https://raw.githubusercontent.com/adadtur/nvrd-sample/master/known/background/bee_17.png,6,3257,bee,
178,Group 3,https://raw.githubusercontent.com/adadtur/nvrd-sample/master/modified-shape-shape/bonsai_crystal.png,modified/shape-shape,style,14,cravish,https://raw.githubusercontent.com/adadtur/nvrd-sample/master/modified-shape-shape/style/bonsai_crystal_14.png,5,3111,bonsai_crystal,
178,Group 3,https://raw.githubusercontent.com/adadtur/nvrd-sample/master/novel/shape_16.png,novel,remove,17,sdrindle,https://raw.githubusercontent.com/adadtur/nvrd-sample/master/novel/remove/shape_16_17.png,2,2213,shape_16,
178,Group 3,https://raw.githubusercontent.com/adadtur/nvrd-sample/master/known/rabbit.png,,,,pon,https://raw.githubusercontent.com/adadtur/nvrd-sample/master/known/corkscrew.png,1,2242,attention_check_3,
178,Group 3,https://raw.githubusercontent.com/adadtur/nvrd-sample/master/modified-shape-shape/bonsai_crystal.png,modified/shape-shape,color,2,cravish,https://raw.githubusercontent.com/adadtur/nvrd-sample/master/modified-shape-shape/color/bonsai_crystal_2.png,7,2634,bonsai_crystal,
178,Group 3,https://raw.githubusercontent.com/adadtur/nvrd-sample/master/novel/shape_11.png,novel,add,2,scradge,https://raw.githubusercontent.com/adadtur/nvrd-sample/master/novel/add/shape_11_2.png,5,2639,shape_11,
178,Group 3,https://raw.githubusercontent.com/adadtur/nvrd-sample/master/novel/shape_28.png,novel,background,20,frostling,https://raw.githubusercontent.com/adadtur/nvrd-sample/master/novel/background/shape_28_20.png,7,2863,shape_28,
178,Group 3,https://raw.githubusercontent.com/adadtur/nvrd-sample/master/modified-shape-shape/drone_dagger.png,modified/shape-shape,style,5,zornett,https://raw.githubusercontent.com/adadtur/nvrd-sample/master/modified-shape-shape/style/drone_dagger_5.png,6,2515,drone_dagger,
178,Group 3,https://raw.githubusercontent.com/adadtur/nvrd-sample/master/modified-shape-shape/bonsai_crystal.png,modified/shape-shape,style,17,cravish,https://raw.githubusercontent.com/adadtur/nvrd-sample/master/modified-shape-shape/style/bonsai_crystal_17.png,5,2068,bonsai_crystal,
178,Group 3,https://raw.githubusercontent.com/adadtur/nvrd-sample/master/modified-shape-shape/crystal_telescope.png,modified/shape-shape,texture,14,drublit,https://raw.githubusercontent.com/adadtur/nvrd-sample/master/modified-shape-shape/texture/crystal_telescope_14.png,5,2439,crystal_telescope,
178,Group 3,https://raw.githubusercontent.com/adadtur/nvrd-sample/master/modified-shape-shape/bonsai_crystal.png,modified/shape-shape,texture,14,cravish,https://raw.githubusercontent.com/adadtur/nvrd-sample/master/modified-shape-shape/texture/bonsai_crystal_14.png,5,3227,bonsai_crystal,
178,Group 3,https://raw.githubusercontent.com/adadtur/nvrd-sample/master/modified-shape-texture/checkerboard_tv-remote.png,modified/shape-texture,shape,20,grestle,https://raw.githubusercontent.com/adadtur/nvrd-sample/master/modified-shape-texture/shape/checkerboard_tv-remote_20.png,5,1516,checkerboard_tv-remote,
178,Group 3,https://raw.githubusercontent.com/adadtur/nvrd-sample/master/known/dolphin.png,known,background,5,thrimple,https://raw.githubusercontent.com/adadtur/nvrd-sample/master/known/background/dolphin_5.png,7,2918,dolphin,
178,Group 3,https://raw.githubusercontent.com/adadtur/nvrd-sample/master/modified-shape-texture/checkerboard_tiger.png,modified/shape-texture,remove,20,clentrel,https://raw.githubusercontent.com/adadtur/nvrd-sample/master/modified-shape-texture/remove/checkerboard_tiger_20.png,5,2684,checkerboard_tiger,
178,Group 3,https://raw.githubusercontent.com/adadtur/nvrd-sample/master/modified-shape-shape/drone_dagger.png,modified/shape-shape,add,20,zornett,https://raw.githubusercontent.com/adadtur/nvrd-sample/master/modified-shape-shape/add/drone_dagger_20.png,3,2508,drone_dagger,
178,Group 3,https://raw.githubusercontent.com/adadtur/nvrd-sample/master/known/corkscrew.png,known,texture,5,vorthling,https://raw.githubusercontent.com/adadtur/nvrd-sample/master/known/texture/corkscrew_5.png,6,3087,corkscrew,
178,Group 3,https://raw.githubusercontent.com/adadtur/nvrd-sample/master/known/corkscrew.png,known,color,17,vorthling,https://raw.githubusercontent.com/adadtur/nvrd-sample/master/known/color/corkscrew_17.png,6,2443,corkscrew,
178,Group 3,https://raw.githubusercontent.com/adadtur/nvrd-sample/master/known/rabbit.png,known,color,2,wrivlet,https://raw.githubusercontent.com/adadtur/nvrd-sample/master/known/color/rabbit_2.png,7,2599,rabbit,
178,Group 3,https://raw.githubusercontent.com/adadtur/nvrd-sample/master/known/corkscrew.png,,,,neb,https://raw.githubusercontent.com/adadtur/nvrd-sample/master/known/golden-retriever.png,1,3054,attention_check_4,
178,Group 3,https://raw.githubusercontent.com/adadtur/nvrd-sample/master/modified-shape-texture/bird-feathers_saxophone.png,modified/shape-texture,color,17,plonwick,https://raw.githubusercontent.com/adadtur/nvrd-sample/master/modified-shape-texture/color/bird-feathers_saxophone_17.png,6,3585,bird-feathers_saxophone,
178,Group 3,https://raw.githubusercontent.com/adadtur/nvrd-sample/master/novel/shape_28.png,novel,add,14,frostling,https://raw.githubusercontent.com/adadtur/nvrd-sample/master/novel/add/shape_28_14.png,4,2883,shape_28,
178,Group 3,https://raw.githubusercontent.com/adadtur/nvrd-sample/master/modified-shape-shape/drone_dagger.png,modified/shape-shape,style,11,zornett,https://raw.githubusercontent.com/adadtur/nvrd-sample/master/modified-shape-shape/style/drone_dagger_11.png,5,3478,drone_dagger,
178,Group 3,https://raw.githubusercontent.com/adadtur/nvrd-sample/master/known/horse.png,known,texture,5,skelwick,https://raw.githubusercontent.com/adadtur/nvrd-sample/master/known/texture/horse_5.png,5,2253,horse,
178,Group 3,https://raw.githubusercontent.com/adadtur/nvrd-sample/master/known/horse.png,known,color,19,skelwick,https://raw.githubusercontent.com/adadtur/nvrd-sample/master/known/color/horse_19.png,5,1870,horse,
178,Group 3,https://raw.githubusercontent.com/adadtur/nvrd-sample/master/novel/shape_11.png,novel,texture,19,scradge,https://raw.githubusercontent.com/adadtur/nvrd-sample/master/novel/texture/shape_11_19.png,5,3209,shape_11,
178,Group 3,https://raw.githubusercontent.com/adadtur/nvrd-sample/master/novel/shape_24.png,novel,remove,5,vraxel,https://raw.githubusercontent.com/adadtur/nvrd-sample/master/novel/remove/shape_24_5.png,3,2796,shape_24,
178,Group 3,https://raw.githubusercontent.com/adadtur/nvrd-sample/master/novel/shape_19.png,novel,remove,5,frentish,https://raw.githubusercontent.com/adadtur/nvrd-sample/master/novel/remove/shape_19_5.png,3,2143,shape_19,
178,Group 3,https://raw.githubusercontent.com/adadtur/nvrd-sample/master/known/bee.png,known,background,11,snavish,https://raw.githubusercontent.com/adadtur/nvrd-sample/master/known/background/bee_11.png,7,3921,bee,
178,Group 3,https://raw.githubusercontent.com/adadtur/nvrd-sample/master/modified-shape-shape/crystal_telescope.png,modified/shape-shape,remove,17,drublit,https://raw.githubusercontent.com/adadtur/nvrd-sample/master/modified-shape-shape/remove/crystal_telescope_17.png,1,3097,crystal_telescope,
178,Group 3,https://raw.githubusercontent.com/adadtur/nvrd-sample/master/novel/shape_28.png,novel,shape,2,frostling,https://raw.githubusercontent.com/adadtur/nvrd-sample/master/novel/shape/shape_28_2.png,2,2594,shape_28,
178,Group 3,https://raw.githubusercontent.com/adadtur/nvrd-sample/master/known/bee.png,known,background,19,snavish,https://raw.githubusercontent.com/adadtur/nvrd-sample/master/known/background/bee_19.png,6,2797,bee,
178,Group 3,https://raw.githubusercontent.com/adadtur/nvrd-sample/master/modified-shape-texture/checkerboard_tv-remote.png,modified/shape-texture,background,17,grestle,https://raw.githubusercontent.com/adadtur/nvrd-sample/master/modified-shape-texture/background/checkerboard_tv-remote_17.png,5,2600,checkerboard_tv-remote,
178,Group 3,https://raw.githubusercontent.com/adadtur/nvrd-sample/master/novel/shape_19.png,novel,add,14,frentish,https://raw.githubusercontent.com/adadtur/nvrd-sample/master/novel/add/shape_19_14.png,1,3944,shape_19,
178,Group 3,https://raw.githubusercontent.com/adadtur/nvrd-sample/master/known/dolphin.png,,,,rav,https://raw.githubusercontent.com/adadtur/nvrd-sample/master/known/rabbit.png,1,1984,attention_check_5,
178,Group 3,https://raw.githubusercontent.com/adadtur/nvrd-sample/master/novel/shape_13.png,novel,add,14,wrimble,https://raw.githubusercontent.com/adadtur/nvrd-sample/master/novel/add/shape_13_14.png,3,3444,shape_13,
178,Group 3,https://raw.githubusercontent.com/adadtur/nvrd-sample/master/novel/shape_24.png,novel,color,17,vraxel,https://raw.githubusercontent.com/adadtur/nvrd-sample/master/novel/color/shape_24_17.png,6,2023,shape_24,
178,Group 3,https://raw.githubusercontent.com/adadtur/nvrd-sample/master/modified-shape-texture/checkerboard_tiger.png,modified/shape-texture,style,20,clentrel,https://raw.githubusercontent.com/adadtur/nvrd-sample/master/modified-shape-texture/style/checkerboard_tiger_20.png,5,2351,checkerboard_tiger,
178,Group 3,https://raw.githubusercontent.com/adadtur/nvrd-sample/master/known/bee.png,known,style,14,snavish,https://raw.githubusercontent.com/adadtur/nvrd-sample/master/known/style/bee_14.png,5,2905,bee,
178,Group 3,https://raw.githubusercontent.com/adadtur/nvrd-sample/master/modified-shape-shape/crystal_telescope.png,modified/shape-shape,texture,11,drublit,https://raw.githubusercontent.com/adadtur/nvrd-sample/master/modified-shape-shape/texture/crystal_telescope_11.png,5,1359,crystal_telescope,
178,Group 3,https://raw.githubusercontent.com/adadtur/nvrd-sample/master/modified-shape-texture/checkerboard_tiger.png,modified/shape-texture,color,8,clentrel,https://raw.githubusercontent.com/adadtur/nvrd-sample/master/modified-shape-texture/color/checkerboard_tiger_8.png,6,3859,checkerboard_tiger,
178,Group 3,https://raw.githubusercontent.com/adadtur/nvrd-sample/master/known/rabbit.png,known,background,2,wrivlet,https://raw.githubusercontent.com/adadtur/nvrd-sample/master/known/background/rabbit_2.png,7,3033,rabbit,
178,Group 3,https://raw.githubusercontent.com/adadtur/nvrd-sample/master/known/golden-retriever.png,known,color,11,froatne,https://raw.githubusercontent.com/adadtur/nvrd-sample/master/known/color/golden-retriever_11.png,7,2783,golden-retriever,
178,Group 3,https://raw.githubusercontent.com/adadtur/nvrd-sample/master/novel/shape_24.png,novel,texture,14,vraxel,https://raw.githubusercontent.com/adadtur/nvrd-sample/master/novel/texture/shape_24_14.png,5,3162,shape_24,
178,Group 3,https://raw.githubusercontent.com/adadtur/nvrd-sample/master/novel/shape_24.png,novel,remove,11,vraxel,https://raw.githubusercontent.com/adadtur/nvrd-sample/master/novel/remove/shape_24_11.png,1,3628,shape_24,
178,Group 3,https://raw.githubusercontent.com/adadtur/nvrd-sample/master/novel/shape_13.png,novel,add,19,wrimble,https://raw.githubusercontent.com/adadtur/nvrd-sample/master/novel/add/shape_13_19.png,3,2602,shape_13,
178,Group 3,https://raw.githubusercontent.com/adadtur/nvrd-sample/master/novel/shape_11.png,novel,add,20,scradge,https://raw.githubusercontent.com/adadtur/nvrd-sample/master/novel/add/shape_11_20.png,1,1992,shape_11,
178,Group 3,https://raw.githubusercontent.com/adadtur/nvrd-sample/master/novel/shape_16.png,novel,add,17,sdrindle,https://raw.githubusercontent.com/adadtur/nvrd-sample/master/novel/add/shape_16_17.png,2,2963,shape_16,
178,Group 3,,,,,,,,2116,,
174,Group 3,,,,,,,,,,
174,Group 3,,,,,,,,57318,,
174,Group 3,,,,,,,,90918,,
174,Group 3,,,,,,,7,14345,,
174,Group 3,,,,,,,1,3619,,
174,Group 3,,,,,,,6,4777,,
174,Group 3,,,,,,,,27323,,
174,Group 3,,,,,,,4,8272,,
174,Group 3,,,,,,,,4445,,
174,Group 3,https://raw.githubusercontent.com/adadtur/nvrd-sample/master/modified-shape-shape/bonsai_crystal.png,modified/shape-shape,shape,14,cravish,https://raw.githubusercontent.com/adadtur/nvrd-sample/master/modified-shape-shape/shape/bonsai_crystal_14.png,3,6024,bonsai_crystal,
174,Group 3,https://raw.githubusercontent.com/adadtur/nvrd-sample/master/novel/shape_11.png,novel,texture,19,scradge,https://raw.githubusercontent.com/adadtur/nvrd-sample/master/novel/texture/shape_11_19.png,5,9602,shape_11,
174,Group 3,https://raw.githubusercontent.com/adadtur/nvrd-sample/master/novel/shape_16.png,novel,shape,2,sdrindle,https://raw.githubusercontent.com/adadtur/nvrd-sample/master/novel/shape/shape_16_2.png,2,4739,shape_16,
174,Group 3,https://raw.githubusercontent.com/adadtur/nvrd-sample/master/modified-shape-shape/crystal_telescope.png,modified/shape-shape,remove,17,drublit,https://raw.githubusercontent.com/adadtur/nvrd-sample/master/modified-shape-shape/remove/crystal_telescope_17.png,1,2355,crystal_telescope,
174,Group 3,https://raw.githubusercontent.com/adadtur/nvrd-sample/master/novel/shape_24.png,novel,remove,5,vraxel,https://raw.githubusercontent.com/adadtur/nvrd-sample/master/novel/remove/shape_24_5.png,1,2903,shape_24,
174,Group 3,https://raw.githubusercontent.com/adadtur/nvrd-sample/master/modified-shape-texture/checkerboard_tv-remote.png,modified/shape-texture,style,2,grestle,https://raw.githubusercontent.com/adadtur/nvrd-sample/master/modified-shape-texture/style/checkerboard_tv-remote_2.png,5,11225,checkerboard_tv-remote,
174,Group 3,https://raw.githubusercontent.com/adadtur/nvrd-sample/master/known/rabbit.png,known,style,20,wrivlet,https://raw.githubusercontent.com/adadtur/nvrd-sample/master/known/style/rabbit_20.png,5,824,rabbit,
174,Group 3,https://raw.githubusercontent.com/adadtur/nvrd-sample/master/modified-shape-texture/checkerboard_tv-remote.png,modified/shape-texture,background,17,grestle,https://raw.githubusercontent.com/adadtur/nvrd-sample/master/modified-shape-texture/background/checkerboard_tv-remote_17.png,4,7115,checkerboard_tv-remote,
174,Group 3,https://raw.githubusercontent.com/adadtur/nvrd-sample/master/known/horse.png,known,texture,5,skelwick,https://raw.githubusercontent.com/adadtur/nvrd-sample/master/known/texture/horse_5.png,4,3217,horse,
174,Group 3,https://raw.githubusercontent.com/adadtur/nvrd-sample/master/known/bee.png,known,add,5,snavish,https://raw.githubusercontent.com/adadtur/nvrd-sample/master/known/add/bee_5.png,5,6193,bee,
174,Group 3,https://raw.githubusercontent.com/adadtur/nvrd-sample/master/modified-shape-texture/checkerboard_tiger.png,modified/shape-texture,add,11,clentrel,https://raw.githubusercontent.com/adadtur/nvrd-sample/master/modified-shape-texture/add/checkerboard_tiger_11.png,4,8469,checkerboard_tiger,
174,Group 3,https://raw.githubusercontent.com/adadtur/nvrd-sample/master/modified-shape-texture/bird-feathers_saxophone.png,modified/shape-texture,texture,19,plonwick,https://raw.githubusercontent.com/adadtur/nvrd-sample/master/modified-shape-texture/texture/bird-feathers_saxophone_19.png,5,9609,bird-feathers_saxophone,
174,Group 3,https://raw.githubusercontent.com/adadtur/nvrd-sample/master/novel/shape_19.png,novel,background,2,frentish,https://raw.githubusercontent.com/adadtur/nvrd-sample/master/novel/background/shape_19_2.png,6,7314,shape_19,
174,Group 3,https://raw.githubusercontent.com/adadtur/nvrd-sample/master/novel/shape_24.png,novel,texture,5,vraxel,https://raw.githubusercontent.com/adadtur/nvrd-sample/master/novel/texture/shape_24_5.png,7,9919,shape_24,
174,Group 3,https://raw.githubusercontent.com/adadtur/nvrd-sample/master/known/golden-retriever.png,,,,toma,https://raw.githubusercontent.com/adadtur/nvrd-sample/master/known/corkscrew.png,1,2372,attention_check_1,
174,Group 3,https://raw.githubusercontent.com/adadtur/nvrd-sample/master/modified-shape-texture/checkerboard_tv-remote.png,modified/shape-texture,add,8,grestle,https://raw.githubusercontent.com/adadtur/nvrd-sample/master/modified-shape-texture/add/checkerboard_tv-remote_8.png,4,5666,checkerboard_tv-remote,
174,Group 3,https://raw.githubusercontent.com/adadtur/nvrd-sample/master/novel/shape_19.png,novel,remove,5,frentish,https://raw.githubusercontent.com/adadtur/nvrd-sample/master/novel/remove/shape_19_5.png,3,3036,shape_19,
174,Group 3,https://raw.githubusercontent.com/adadtur/nvrd-sample/master/novel/shape_13.png,novel,remove,14,wrimble,https://raw.githubusercontent.com/adadtur/nvrd-sample/master/novel/remove/shape_13_14.png,2,4721,shape_13,
174,Group 3,https://raw.githubusercontent.com/adadtur/nvrd-sample/master/modified-shape-shape/drone_dagger.png,modified/shape-shape,style,5,zornett,https://raw.githubusercontent.com/adadtur/nvrd-sample/master/modified-shape-shape/style/drone_dagger_5.png,5,6083,drone_dagger,
174,Group 3,https://raw.githubusercontent.com/adadtur/nvrd-sample/master/known/bee.png,known,shape,8,snavish,https://raw.githubusercontent.com/adadtur/nvrd-sample/master/known/shape/bee_8.png,6,9965,bee,
174,Group 3,https://raw.githubusercontent.com/adadtur/nvrd-sample/master/modified-shape-shape/crystal_telescope.png,modified/shape-shape,texture,11,drublit,https://raw.githubusercontent.com/adadtur/nvrd-sample/master/modified-shape-shape/texture/crystal_telescope_11.png,5,8323,crystal_telescope,
174,Group 3,https://raw.githubusercontent.com/adadtur/nvrd-sample/master/modified-shape-texture/checkerboard_tv-remote.png,modified/shape-texture,shape,20,grestle,https://raw.githubusercontent.com/adadtur/nvrd-sample/master/modified-shape-texture/shape/checkerboard_tv-remote_20.png,3,3233,checkerboard_tv-remote,
174,Group 3,https://raw.githubusercontent.com/adadtur/nvrd-sample/master/modified-shape-texture/checkerboard_tv-remote.png,modified/shape-texture,shape,11,grestle,https://raw.githubusercontent.com/adadtur/nvrd-sample/master/modified-shape-texture/shape/checkerboard_tv-remote_11.png,3,2782,checkerboard_tv-remote,
174,Group 3,https://raw.githubusercontent.com/adadtur/nvrd-sample/master/modified-shape-texture/checkerboard_tiger.png,modified/shape-texture,color,8,clentrel,https://raw.githubusercontent.com/adadtur/nvrd-sample/master/modified-shape-texture/color/checkerboard_tiger_8.png,5,7182,checkerboard_tiger,
174,Group 3,https://raw.githubusercontent.com/adadtur/nvrd-sample/master/novel/shape_24.png,novel,remove,11,vraxel,https://raw.githubusercontent.com/adadtur/nvrd-sample/master/novel/remove/shape_24_11.png,1,2026,shape_24,
174,Group 3,https://raw.githubusercontent.com/adadtur/nvrd-sample/master/novel/shape_11.png,novel,remove,5,scradge,https://raw.githubusercontent.com/adadtur/nvrd-sample/master/novel/remove/shape_11_5.png,3,2995,shape_11,
174,Group 3,https://raw.githubusercontent.com/adadtur/nvrd-sample/master/novel/shape_19.png,novel,shape,20,frentish,https://raw.githubusercontent.com/adadtur/nvrd-sample/master/novel/shape/shape_19_20.png,1,2346,shape_19,
174,Group 3,https://raw.githubusercontent.com/adadtur/nvrd-sample/master/novel/shape_28.png,novel,shape,2,frostling,https://raw.githubusercontent.com/adadtur/nvrd-sample/master/novel/shape/shape_28_2.png,2,2981,shape_28,
174,Group 3,https://raw.githubusercontent.com/adadtur/nvrd-sample/master/modified-shape-shape/drone_dagger.png,modified/shape-shape,add,20,zornett,https://raw.githubusercontent.com/adadtur/nvrd-sample/master/modified-shape-shape/add/drone_dagger_20.png,2,3601,drone_dagger,
174,Group 3,https://raw.githubusercontent.com/adadtur/nvrd-sample/master/known/dolphin.png,,,,blick,https://raw.githubusercontent.com/adadtur/nvrd-sample/master/known/rabbit.png,1,2059,attention_check_2,
174,Group 3,https://raw.githubusercontent.com/adadtur/nvrd-sample/master/known/golden-retriever.png,known,style,19,froatne,https://raw.githubusercontent.com/adadtur/nvrd-sample/master/known/style/golden-retriever_19.png,4,4257,golden-retriever,
174,Group 3,https://raw.githubusercontent.com/adadtur/nvrd-sample/master/novel/shape_11.png,novel,add,20,scradge,https://raw.githubusercontent.com/adadtur/nvrd-sample/master/novel/add/shape_11_20.png,2,2152,shape_11,
174,Group 3,https://raw.githubusercontent.com/adadtur/nvrd-sample/master/known/bee.png,known,background,19,snavish,https://raw.githubusercontent.com/adadtur/nvrd-sample/master/known/background/bee_19.png,5,7973,bee,
174,Group 3,https://raw.githubusercontent.com/adadtur/nvrd-sample/master/modified-shape-shape/bonsai_crystal.png,modified/shape-shape,background,5,cravish,https://raw.githubusercontent.com/adadtur/nvrd-sample/master/modified-shape-shape/background/bonsai_crystal_5.png,3,3064,bonsai_crystal,
174,Group 3,https://raw.githubusercontent.com/adadtur/nvrd-sample/master/novel/shape_11.png,novel,shape,5,scradge,https://raw.githubusercontent.com/adadtur/nvrd-sample/master/novel/shape/shape_11_5.png,1,2466,shape_11,
174,Group 3,https://raw.githubusercontent.com/adadtur/nvrd-sample/master/novel/shape_24.png,novel,color,8,vraxel,https://raw.githubusercontent.com/adadtur/nvrd-sample/master/novel/color/shape_24_8.png,5,6773,shape_24,
174,Group 3,https://raw.githubusercontent.com/adadtur/nvrd-sample/master/novel/shape_28.png,novel,texture,2,frostling,https://raw.githubusercontent.com/adadtur/nvrd-sample/master/novel/texture/shape_28_2.png,7,11648,shape_28,
174,Group 3,https://raw.githubusercontent.com/adadtur/nvrd-sample/master/known/rabbit.png,known,color,2,wrivlet,https://raw.githubusercontent.com/adadtur/nvrd-sample/master/known/color/rabbit_2.png,7,7758,rabbit,
174,Group 3,https://raw.githubusercontent.com/adadtur/nvrd-sample/master/novel/shape_16.png,novel,remove,17,sdrindle,https://raw.githubusercontent.com/adadtur/nvrd-sample/master/novel/remove/shape_16_17.png,1,4659,shape_16,
174,Group 3,https://raw.githubusercontent.com/adadtur/nvrd-sample/master/known/rabbit.png,known,texture,11,wrivlet,https://raw.githubusercontent.com/adadtur/nvrd-sample/master/known/texture/rabbit_11.png,4,3168,rabbit,
174,Group 3,https://raw.githubusercontent.com/adadtur/nvrd-sample/master/novel/shape_13.png,novel,texture,11,wrimble,https://raw.githubusercontent.com/adadtur/nvrd-sample/master/novel/texture/shape_13_11.png,4,2558,shape_13,
174,Group 3,https://raw.githubusercontent.com/adadtur/nvrd-sample/master/novel/shape_19.png,novel,shape,5,frentish,https://raw.githubusercontent.com/adadtur/nvrd-sample/master/novel/shape/shape_19_5.png,2,3005,shape_19,
174,Group 3,https://raw.githubusercontent.com/adadtur/nvrd-sample/master/modified-shape-shape/bonsai_crystal.png,modified/shape-shape,texture,14,cravish,https://raw.githubusercontent.com/adadtur/nvrd-sample/master/modified-shape-shape/texture/bonsai_crystal_14.png,5,4324,bonsai_crystal,
174,Group 3,https://raw.githubusercontent.com/adadtur/nvrd-sample/master/modified-shape-texture/checkerboard_tiger.png,modified/shape-texture,style,20,clentrel,https://raw.githubusercontent.com/adadtur/nvrd-sample/master/modified-shape-texture/style/checkerboard_tiger_20.png,4,4033,checkerboard_tiger,
174,Group 3,https://raw.githubusercontent.com/adadtur/nvrd-sample/master/known/rabbit.png,,,,pon,https://raw.githubusercontent.com/adadtur/nvrd-sample/master/known/corkscrew.png,1,6818,attention_check_3,
174,Group 3,https://raw.githubusercontent.com/adadtur/nvrd-sample/master/novel/shape_13.png,novel,add,19,wrimble,https://raw.githubusercontent.com/adadtur/nvrd-sample/master/novel/add/shape_13_19.png,2,3975,shape_13,
174,Group 3,https://raw.githubusercontent.com/adadtur/nvrd-sample/master/known/bee.png,known,background,11,snavish,https://raw.githubusercontent.com/adadtur/nvrd-sample/master/known/background/bee_11.png,6,6291,bee,
174,Group 3,https://raw.githubusercontent.com/adadtur/nvrd-sample/master/novel/shape_24.png,novel,color,17,vraxel,https://raw.githubusercontent.com/adadtur/nvrd-sample/master/novel/color/shape_24_17.png,6,6287,shape_24,
174,Group 3,https://raw.githubusercontent.com/adadtur/nvrd-sample/master/novel/shape_16.png,novel,add,2,sdrindle,https://raw.githubusercontent.com/adadtur/nvrd-sample/master/novel/add/shape_16_2.png,5,5666,shape_16,
174,Group 3,https://raw.githubusercontent.com/adadtur/nvrd-sample/master/novel/shape_16.png,novel,add,17,sdrindle,https://raw.githubusercontent.com/adadtur/nvrd-sample/master/novel/add/shape_16_17.png,1,2732,shape_16,
174,Group 3,https://raw.githubusercontent.com/adadtur/nvrd-sample/master/modified-shape-shape/bonsai_crystal.png,modified/shape-shape,style,14,cravish,https://raw.githubusercontent.com/adadtur/nvrd-sample/master/modified-shape-shape/style/bonsai_crystal_14.png,4,3491,bonsai_crystal,
174,Group 3,https://raw.githubusercontent.com/adadtur/nvrd-sample/master/known/corkscrew.png,known,remove,5,vorthling,https://raw.githubusercontent.com/adadtur/nvrd-sample/master/known/remove/corkscrew_5.png,5,6889,corkscrew,
174,Group 3,https://raw.githubusercontent.com/adadtur/nvrd-sample/master/novel/shape_13.png,novel,background,5,wrimble,https://raw.githubusercontent.com/adadtur/nvrd-sample/master/novel/background/shape_13_5.png,5,6170,shape_13,
174,Group 3,https://raw.githubusercontent.com/adadtur/nvrd-sample/master/novel/shape_24.png,novel,background,2,vraxel,https://raw.githubusercontent.com/adadtur/nvrd-sample/master/novel/background/shape_24_2.png,6,11291,shape_24,
174,Group 3,https://raw.githubusercontent.com/adadtur/nvrd-sample/master/modified-shape-shape/bonsai_crystal.png,modified/shape-shape,style,17,cravish,https://raw.githubusercontent.com/adadtur/nvrd-sample/master/modified-shape-shape/style/bonsai_crystal_17.png,4,5048,bonsai_crystal,
174,Group 3,https://raw.githubusercontent.com/adadtur/nvrd-sample/master/novel/shape_24.png,novel,texture,14,vraxel,https://raw.githubusercontent.com/adadtur/nvrd-sample/master/novel/texture/shape_24_14.png,5,4611,shape_24,
174,Group 3,https://raw.githubusercontent.com/adadtur/nvrd-sample/master/known/bee.png,known,background,17,snavish,https://raw.githubusercontent.com/adadtur/nvrd-sample/master/known/background/bee_17.png,6,4781,bee,
174,Group 3,https://raw.githubusercontent.com/adadtur/nvrd-sample/master/novel/shape_19.png,novel,add,14,frentish,https://raw.githubusercontent.com/adadtur/nvrd-sample/master/novel/add/shape_19_14.png,1,2563,shape_19,
174,Group 3,https://raw.githubusercontent.com/adadtur/nvrd-sample/master/novel/shape_11.png,novel,background,2,scradge,https://raw.githubusercontent.com/adadtur/nvrd-sample/master/novel/background/shape_11_2.png,7,4402,shape_11,
174,Group 3,https://raw.githubusercontent.com/adadtur/nvrd-sample/master/known/corkscrew.png,,,,neb,https://raw.githubusercontent.com/adadtur/nvrd-sample/master/known/golden-retriever.png,1,2238,attention_check_4,
174,Group 3,https://raw.githubusercontent.com/adadtur/nvrd-sample/master/modified-shape-texture/bird-feathers_saxophone.png,modified/shape-texture,color,17,plonwick,https://raw.githubusercontent.com/adadtur/nvrd-sample/master/modified-shape-texture/color/bird-feathers_saxophone_17.png,5,2963,bird-feathers_saxophone,
174,Group 3,https://raw.githubusercontent.com/adadtur/nvrd-sample/master/novel/shape_13.png,novel,add,14,wrimble,https://raw.githubusercontent.com/adadtur/nvrd-sample/master/novel/add/shape_13_14.png,2,4970,shape_13,
174,Group 3,https://raw.githubusercontent.com/adadtur/nvrd-sample/master/known/corkscrew.png,known,color,17,vorthling,https://raw.githubusercontent.com/adadtur/nvrd-sample/master/known/color/corkscrew_17.png,5,8078,corkscrew,
174,Group 3,https://raw.githubusercontent.com/adadtur/nvrd-sample/master/novel/shape_11.png,novel,add,2,scradge,https://raw.githubusercontent.com/adadtur/nvrd-sample/master/novel/add/shape_11_2.png,3,3543,shape_11,
174,Group 3,https://raw.githubusercontent.com/adadtur/nvrd-sample/master/known/bee.png,known,color,20,snavish,https://raw.githubusercontent.com/adadtur/nvrd-sample/master/known/color/bee_20.png,4,3952,bee,
174,Group 3,https://raw.githubusercontent.com/adadtur/nvrd-sample/master/novel/shape_28.png,novel,add,14,frostling,https://raw.githubusercontent.com/adadtur/nvrd-sample/master/novel/add/shape_28_14.png,1,2349,shape_28,
174,Group 3,https://raw.githubusercontent.com/adadtur/nvrd-sample/master/known/horse.png,known,color,14,skelwick,https://raw.githubusercontent.com/adadtur/nvrd-sample/master/known/color/horse_14.png,5,4636,horse,
174,Group 3,https://raw.githubusercontent.com/adadtur/nvrd-sample/master/known/horse.png,known,style,20,skelwick,https://raw.githubusercontent.com/adadtur/nvrd-sample/master/known/style/horse_20.png,4,4681,horse,
174,Group 3,https://raw.githubusercontent.com/adadtur/nvrd-sample/master/known/rabbit.png,known,background,2,wrivlet,https://raw.githubusercontent.com/adadtur/nvrd-sample/master/known/background/rabbit_2.png,6,7607,rabbit,
174,Group 3,https://raw.githubusercontent.com/adadtur/nvrd-sample/master/known/dolphin.png,known,style,14,thrimple,https://raw.githubusercontent.com/adadtur/nvrd-sample/master/known/style/dolphin_14.png,4,6802,dolphin,
174,Group 3,https://raw.githubusercontent.com/adadtur/nvrd-sample/master/modified-shape-shape/crystal_telescope.png,modified/shape-shape,texture,14,drublit,https://raw.githubusercontent.com/adadtur/nvrd-sample/master/modified-shape-shape/texture/crystal_telescope_14.png,5,3379,crystal_telescope,
174,Group 3,https://raw.githubusercontent.com/adadtur/nvrd-sample/master/known/bee.png,known,shape,19,snavish,https://raw.githubusercontent.com/adadtur/nvrd-sample/master/known/shape/bee_19.png,4,9494,bee,
174,Group 3,https://raw.githubusercontent.com/adadtur/nvrd-sample/master/modified-shape-texture/checkerboard_tiger.png,modified/shape-texture,remove,20,clentrel,https://raw.githubusercontent.com/adadtur/nvrd-sample/master/modified-shape-texture/remove/checkerboard_tiger_20.png,3,2641,checkerboard_tiger,
174,Group 3,https://raw.githubusercontent.com/adadtur/nvrd-sample/master/novel/shape_24.png,novel,shape,17,vraxel,https://raw.githubusercontent.com/adadtur/nvrd-sample/master/novel/shape/shape_24_17.png,1,2948,shape_24,
174,Group 3,https://raw.githubusercontent.com/adadtur/nvrd-sample/master/known/dolphin.png,,,,rav,https://raw.githubusercontent.com/adadtur/nvrd-sample/master/known/rabbit.png,1,2350,attention_check_5,
174,Group 3,https://raw.githubusercontent.com/adadtur/nvrd-sample/master/modified-shape-shape/bonsai_crystal.png,modified/shape-shape,color,2,cravish,https://raw.githubusercontent.com/adadtur/nvrd-sample/master/modified-shape-shape/color/bonsai_crystal_2.png,7,11868,bonsai_crystal,
174,Group 3,https://raw.githubusercontent.com/adadtur/nvrd-sample/master/known/golden-retriever.png,known,color,11,froatne,https://raw.githubusercontent.com/adadtur/nvrd-sample/master/known/color/golden-retriever_11.png,5,5377,golden-retriever,
174,Group 3,https://raw.githubusercontent.com/adadtur/nvrd-sample/master/modified-shape-texture/checkerboard_tv-remote.png,modified/shape-texture,shape,17,grestle,https://raw.githubusercontent.com/adadtur/nvrd-sample/master/modified-shape-texture/shape/checkerboard_tv-remote_17.png,2,2499,checkerboard_tv-remote,
174,Group 3,https://raw.githubusercontent.com/adadtur/nvrd-sample/master/novel/shape_28.png,novel,background,20,frostling,https://raw.githubusercontent.com/adadtur/nvrd-sample/master/novel/background/shape_28_20.png,5,7375,shape_28,
174,Group 3,https://raw.githubusercontent.com/adadtur/nvrd-sample/master/known/horse.png,known,color,19,skelwick,https://raw.githubusercontent.com/adadtur/nvrd-sample/master/known/color/horse_19.png,5,3317,horse,
174,Group 3,https://raw.githubusercontent.com/adadtur/nvrd-sample/master/known/dolphin.png,known,background,5,thrimple,https://raw.githubusercontent.com/adadtur/nvrd-sample/master/known/background/dolphin_5.png,5,10546,dolphin,
174,Group 3,https://raw.githubusercontent.com/adadtur/nvrd-sample/master/known/corkscrew.png,known,texture,5,vorthling,https://raw.githubusercontent.com/adadtur/nvrd-sample/master/known/texture/corkscrew_5.png,6,3097,corkscrew,
174,Group 3,https://raw.githubusercontent.com/adadtur/nvrd-sample/master/novel/shape_13.png,novel,color,20,wrimble,https://raw.githubusercontent.com/adadtur/nvrd-sample/master/novel/color/shape_13_20.png,4,2929,shape_13,
174,Group 3,https://raw.githubusercontent.com/adadtur/nvrd-sample/master/modified-shape-shape/drone_dagger.png,modified/shape-shape,style,11,zornett,https://raw.githubusercontent.com/adadtur/nvrd-sample/master/modified-shape-shape/style/drone_dagger_11.png,4,4027,drone_dagger,
174,Group 3,https://raw.githubusercontent.com/adadtur/nvrd-sample/master/modified-shape-shape/bonsai_crystal.png,modified/shape-shape,remove,20,cravish,https://raw.githubusercontent.com/adadtur/nvrd-sample/master/modified-shape-shape/remove/bonsai_crystal_20.png,3,2906,bonsai_crystal,
174,Group 3,https://raw.githubusercontent.com/adadtur/nvrd-sample/master/known/bee.png,known,style,5,snavish,https://raw.githubusercontent.com/adadtur/nvrd-sample/master/known/style/bee_5.png,4,4349,bee,
174,Group 3,https://raw.githubusercontent.com/adadtur/nvrd-sample/master/known/golden-retriever.png,known,remove,5,froatne,https://raw.githubusercontent.com/adadtur/nvrd-sample/master/known/remove/golden-retriever_5.png,4,3115,golden-retriever,
174,Group 3,https://raw.githubusercontent.com/adadtur/nvrd-sample/master/known/bee.png,known,style,14,snavish,https://raw.githubusercontent.com/adadtur/nvrd-sample/master/known/style/bee_14.png,3,7430,bee,
174,Group 3,,,,,,,,27333,,
185,Group 3,,,,,,,,,,
185,Group 3,,,,,,,,21463,,
185,Group 3,,,,,,,,3480,,
185,Group 3,,,,,,,7,4798,,
185,Group 3,,,,,,,1,1813,,
185,Group 3,,,,,,,5,3415,,
185,Group 3,,,,,,,,1964,,
185,Group 3,https://raw.githubusercontent.com/adadtur/nvrd-sample/master/modified-shape-texture/checkerboard_tiger.png,modified/shape-texture,remove,20,clentrel,https://raw.githubusercontent.com/adadtur/nvrd-sample/master/modified-shape-texture/remove/checkerboard_tiger_20.png,6,4967,checkerboard_tiger,
185,Group 3,https://raw.githubusercontent.com/adadtur/nvrd-sample/master/novel/shape_11.png,novel,texture,19,scradge,https://raw.githubusercontent.com/adadtur/nvrd-sample/master/novel/texture/shape_11_19.png,6,5545,shape_11,
185,Group 3,https://raw.githubusercontent.com/adadtur/nvrd-sample/master/modified-shape-shape/bonsai_crystal.png,modified/shape-shape,background,5,cravish,https://raw.githubusercontent.com/adadtur/nvrd-sample/master/modified-shape-shape/background/bonsai_crystal_5.png,7,2732,bonsai_crystal,
185,Group 3,https://raw.githubusercontent.com/adadtur/nvrd-sample/master/modified-shape-texture/checkerboard_tiger.png,modified/shape-texture,add,11,clentrel,https://raw.githubusercontent.com/adadtur/nvrd-sample/master/modified-shape-texture/add/checkerboard_tiger_11.png,7,3384,checkerboard_tiger,
185,Group 3,https://raw.githubusercontent.com/adadtur/nvrd-sample/master/known/horse.png,known,color,14,skelwick,https://raw.githubusercontent.com/adadtur/nvrd-sample/master/known/color/horse_14.png,5,3296,horse,
185,Group 3,https://raw.githubusercontent.com/adadtur/nvrd-sample/master/modified-shape-shape/bonsai_crystal.png,modified/shape-shape,style,17,cravish,https://raw.githubusercontent.com/adadtur/nvrd-sample/master/modified-shape-shape/style/bonsai_crystal_17.png,6,2382,bonsai_crystal,
185,Group 3,https://raw.githubusercontent.com/adadtur/nvrd-sample/master/novel/shape_24.png,novel,remove,11,vraxel,https://raw.githubusercontent.com/adadtur/nvrd-sample/master/novel/remove/shape_24_11.png,1,2449,shape_24,
185,Group 3,https://raw.githubusercontent.com/adadtur/nvrd-sample/master/known/bee.png,known,background,11,snavish,https://raw.githubusercontent.com/adadtur/nvrd-sample/master/known/background/bee_11.png,6,4365,bee,
185,Group 3,https://raw.githubusercontent.com/adadtur/nvrd-sample/master/known/bee.png,known,shape,19,snavish,https://raw.githubusercontent.com/adadtur/nvrd-sample/master/known/shape/bee_19.png,5,3062,bee,
185,Group 3,https://raw.githubusercontent.com/adadtur/nvrd-sample/master/novel/shape_13.png,novel,add,14,wrimble,https://raw.githubusercontent.com/adadtur/nvrd-sample/master/novel/add/shape_13_14.png,5,2281,shape_13,
185,Group 3,https://raw.githubusercontent.com/adadtur/nvrd-sample/master/novel/shape_19.png,novel,shape,20,frentish,https://raw.githubusercontent.com/adadtur/nvrd-sample/master/novel/shape/shape_19_20.png,2,2900,shape_19,
185,Group 3,https://raw.githubusercontent.com/adadtur/nvrd-sample/master/novel/shape_24.png,novel,remove,5,vraxel,https://raw.githubusercontent.com/adadtur/nvrd-sample/master/novel/remove/shape_24_5.png,3,6549,shape_24,
185,Group 3,https://raw.githubusercontent.com/adadtur/nvrd-sample/master/modified-shape-shape/bonsai_crystal.png,modified/shape-shape,shape,14,cravish,https://raw.githubusercontent.com/adadtur/nvrd-sample/master/modified-shape-shape/shape/bonsai_crystal_14.png,5,2013,bonsai_crystal,
185,Group 3,https://raw.githubusercontent.com/adadtur/nvrd-sample/master/known/bee.png,known,style,5,snavish,https://raw.githubusercontent.com/adadtur/nvrd-sample/master/known/style/bee_5.png,5,1714,bee,
185,Group 3,https://raw.githubusercontent.com/adadtur/nvrd-sample/master/known/golden-retriever.png,,,,toma,https://raw.githubusercontent.com/adadtur/nvrd-sample/master/known/corkscrew.png,1,2530,attention_check_1,
185,Group 3,https://raw.githubusercontent.com/adadtur/nvrd-sample/master/modified-shape-shape/crystal_telescope.png,modified/shape-shape,remove,17,drublit,https://raw.githubusercontent.com/adadtur/nvrd-sample/master/modified-shape-shape/remove/crystal_telescope_17.png,1,4098,crystal_telescope,
185,Group 3,https://raw.githubusercontent.com/adadtur/nvrd-sample/master/modified-shape-texture/checkerboard_tv-remote.png,modified/shape-texture,style,2,grestle,https://raw.githubusercontent.com/adadtur/nvrd-sample/master/modified-shape-texture/style/checkerboard_tv-remote_2.png,6,2433,checkerboard_tv-remote,
185,Group 3,https://raw.githubusercontent.com/adadtur/nvrd-sample/master/novel/shape_19.png,novel,remove,5,frentish,https://raw.githubusercontent.com/adadtur/nvrd-sample/master/novel/remove/shape_19_5.png,5,1931,shape_19,
185,Group 3,https://raw.githubusercontent.com/adadtur/nvrd-sample/master/novel/shape_24.png,novel,color,8,vraxel,https://raw.githubusercontent.com/adadtur/nvrd-sample/master/novel/color/shape_24_8.png,7,2800,shape_24,
185,Group 3,https://raw.githubusercontent.com/adadtur/nvrd-sample/master/known/bee.png,known,style,14,snavish,https://raw.githubusercontent.com/adadtur/nvrd-sample/master/known/style/bee_14.png,6,1548,bee,
185,Group 3,https://raw.githubusercontent.com/adadtur/nvrd-sample/master/known/dolphin.png,known,style,14,thrimple,https://raw.githubusercontent.com/adadtur/nvrd-sample/master/known/style/dolphin_14.png,5,1746,dolphin,
185,Group 3,https://raw.githubusercontent.com/adadtur/nvrd-sample/master/known/horse.png,known,texture,5,skelwick,https://raw.githubusercontent.com/adadtur/nvrd-sample/master/known/texture/horse_5.png,5,1449,horse,
185,Group 3,https://raw.githubusercontent.com/adadtur/nvrd-sample/master/novel/shape_28.png,novel,shape,2,frostling,https://raw.githubusercontent.com/adadtur/nvrd-sample/master/novel/shape/shape_28_2.png,5,1833,shape_28,
185,Group 3,https://raw.githubusercontent.com/adadtur/nvrd-sample/master/modified-shape-texture/bird-feathers_saxophone.png,modified/shape-texture,color,17,plonwick,https://raw.githubusercontent.com/adadtur/nvrd-sample/master/modified-shape-texture/color/bird-feathers_saxophone_17.png,6,3782,bird-feathers_saxophone,
185,Group 3,https://raw.githubusercontent.com/adadtur/nvrd-sample/master/novel/shape_28.png,novel,background,20,frostling,https://raw.githubusercontent.com/adadtur/nvrd-sample/master/novel/background/shape_28_20.png,6,1246,shape_28,
185,Group 3,https://raw.githubusercontent.com/adadtur/nvrd-sample/master/modified-shape-shape/bonsai_crystal.png,modified/shape-shape,color,2,cravish,https://raw.githubusercontent.com/adadtur/nvrd-sample/master/modified-shape-shape/color/bonsai_crystal_2.png,7,1631,bonsai_crystal,
185,Group 3,https://raw.githubusercontent.com/adadtur/nvrd-sample/master/modified-shape-texture/checkerboard_tv-remote.png,modified/shape-texture,shape,17,grestle,https://raw.githubusercontent.com/adadtur/nvrd-sample/master/modified-shape-texture/shape/checkerboard_tv-remote_17.png,5,1714,checkerboard_tv-remote,
185,Group 3,https://raw.githubusercontent.com/adadtur/nvrd-sample/master/known/horse.png,known,style,20,skelwick,https://raw.githubusercontent.com/adadtur/nvrd-sample/master/known/style/horse_20.png,5,1315,horse,
185,Group 3,https://raw.githubusercontent.com/adadtur/nvrd-sample/master/known/rabbit.png,known,color,2,wrivlet,https://raw.githubusercontent.com/adadtur/nvrd-sample/master/known/color/rabbit_2.png,7,1632,rabbit,
185,Group 3,https://raw.githubusercontent.com/adadtur/nvrd-sample/master/known/dolphin.png,,,,blick,https://raw.githubusercontent.com/adadtur/nvrd-sample/master/known/rabbit.png,1,1798,attention_check_2,
185,Group 3,https://raw.githubusercontent.com/adadtur/nvrd-sample/master/known/dolphin.png,known,background,5,thrimple,https://raw.githubusercontent.com/adadtur/nvrd-sample/master/known/background/dolphin_5.png,7,2514,dolphin,
185,Group 3,https://raw.githubusercontent.com/adadtur/nvrd-sample/master/known/rabbit.png,known,texture,11,wrivlet,https://raw.githubusercontent.com/adadtur/nvrd-sample/master/known/texture/rabbit_11.png,6,1814,rabbit,
185,Group 3,https://raw.githubusercontent.com/adadtur/nvrd-sample/master/novel/shape_11.png,novel,remove,5,scradge,https://raw.githubusercontent.com/adadtur/nvrd-sample/master/novel/remove/shape_11_5.png,5,1981,shape_11,
185,Group 3,https://raw.githubusercontent.com/adadtur/nvrd-sample/master/known/corkscrew.png,known,texture,5,vorthling,https://raw.githubusercontent.com/adadtur/nvrd-sample/master/known/texture/corkscrew_5.png,6,2099,corkscrew,
185,Group 3,https://raw.githubusercontent.com/adadtur/nvrd-sample/master/known/bee.png,known,color,20,snavish,https://raw.githubusercontent.com/adadtur/nvrd-sample/master/known/color/bee_20.png,6,1565,bee,
185,Group 3,https://raw.githubusercontent.com/adadtur/nvrd-sample/master/novel/shape_24.png,novel,texture,14,vraxel,https://raw.githubusercontent.com/adadtur/nvrd-sample/master/novel/texture/shape_24_14.png,6,1966,shape_24,
185,Group 3,https://raw.githubusercontent.com/adadtur/nvrd-sample/master/known/golden-retriever.png,known,style,19,froatne,https://raw.githubusercontent.com/adadtur/nvrd-sample/master/known/style/golden-retriever_19.png,5,1846,golden-retriever,
185,Group 3,https://raw.githubusercontent.com/adadtur/nvrd-sample/master/modified-shape-shape/crystal_telescope.png,modified/shape-shape,texture,14,drublit,https://raw.githubusercontent.com/adadtur/nvrd-sample/master/modified-shape-shape/texture/crystal_telescope_14.png,5,1448,crystal_telescope,
185,Group 3,https://raw.githubusercontent.com/adadtur/nvrd-sample/master/novel/shape_13.png,novel,background,5,wrimble,https://raw.githubusercontent.com/adadtur/nvrd-sample/master/novel/background/shape_13_5.png,6,1718,shape_13,
185,Group 3,https://raw.githubusercontent.com/adadtur/nvrd-sample/master/modified-shape-shape/drone_dagger.png,modified/shape-shape,style,11,zornett,https://raw.githubusercontent.com/adadtur/nvrd-sample/master/modified-shape-shape/style/drone_dagger_11.png,5,1595,drone_dagger,
185,Group 3,https://raw.githubusercontent.com/adadtur/nvrd-sample/master/novel/shape_28.png,novel,texture,2,frostling,https://raw.githubusercontent.com/adadtur/nvrd-sample/master/novel/texture/shape_28_2.png,7,1700,shape_28,
185,Group 3,https://raw.githubusercontent.com/adadtur/nvrd-sample/master/modified-shape-texture/checkerboard_tiger.png,modified/shape-texture,style,20,clentrel,https://raw.githubusercontent.com/adadtur/nvrd-sample/master/modified-shape-texture/style/checkerboard_tiger_20.png,4,2864,checkerboard_tiger,
185,Group 3,https://raw.githubusercontent.com/adadtur/nvrd-sample/master/novel/shape_11.png,novel,add,2,scradge,https://raw.githubusercontent.com/adadtur/nvrd-sample/master/novel/add/shape_11_2.png,6,1950,shape_11,
185,Group 3,https://raw.githubusercontent.com/adadtur/nvrd-sample/master/novel/shape_16.png,novel,add,17,sdrindle,https://raw.githubusercontent.com/adadtur/nvrd-sample/master/novel/add/shape_16_17.png,4,5629,shape_16,
185,Group 3,https://raw.githubusercontent.com/adadtur/nvrd-sample/master/known/rabbit.png,,,,pon,https://raw.githubusercontent.com/adadtur/nvrd-sample/master/known/corkscrew.png,1,1598,attention_check_3,
185,Group 3,https://raw.githubusercontent.com/adadtur/nvrd-sample/master/known/bee.png,known,background,17,snavish,https://raw.githubusercontent.com/adadtur/nvrd-sample/master/known/background/bee_17.png,5,1750,bee,
185,Group 3,https://raw.githubusercontent.com/adadtur/nvrd-sample/master/novel/shape_24.png,novel,background,2,vraxel,https://raw.githubusercontent.com/adadtur/nvrd-sample/master/novel/background/shape_24_2.png,7,1479,shape_24,
185,Group 3,https://raw.githubusercontent.com/adadtur/nvrd-sample/master/novel/shape_16.png,novel,shape,2,sdrindle,https://raw.githubusercontent.com/adadtur/nvrd-sample/master/novel/shape/shape_16_2.png,6,1814,shape_16,
185,Group 3,https://raw.githubusercontent.com/adadtur/nvrd-sample/master/novel/shape_19.png,novel,shape,5,frentish,https://raw.githubusercontent.com/adadtur/nvrd-sample/master/novel/shape/shape_19_5.png,5,2615,shape_19,
185,Group 3,https://raw.githubusercontent.com/adadtur/nvrd-sample/master/modified-shape-texture/checkerboard_tv-remote.png,modified/shape-texture,add,8,grestle,https://raw.githubusercontent.com/adadtur/nvrd-sample/master/modified-shape-texture/add/checkerboard_tv-remote_8.png,5,1531,checkerboard_tv-remote,
185,Group 3,https://raw.githubusercontent.com/adadtur/nvrd-sample/master/known/rabbit.png,known,style,20,wrivlet,https://raw.githubusercontent.com/adadtur/nvrd-sample/master/known/style/rabbit_20.png,5,2415,rabbit,
185,Group 3,https://raw.githubusercontent.com/adadtur/nvrd-sample/master/known/horse.png,known,color,19,skelwick,https://raw.githubusercontent.com/adadtur/nvrd-sample/master/known/color/horse_19.png,5,1500,horse,
185,Group 3,https://raw.githubusercontent.com/adadtur/nvrd-sample/master/modified-shape-shape/drone_dagger.png,modified/shape-shape,style,5,zornett,https://raw.githubusercontent.com/adadtur/nvrd-sample/master/modified-shape-shape/style/drone_dagger_5.png,5,1663,drone_dagger,
185,Group 3,https://raw.githubusercontent.com/adadtur/nvrd-sample/master/modified-shape-shape/bonsai_crystal.png,modified/shape-shape,texture,14,cravish,https://raw.githubusercontent.com/adadtur/nvrd-sample/master/modified-shape-shape/texture/bonsai_crystal_14.png,6,2183,bonsai_crystal,
185,Group 3,https://raw.githubusercontent.com/adadtur/nvrd-sample/master/novel/shape_24.png,novel,texture,5,vraxel,https://raw.githubusercontent.com/adadtur/nvrd-sample/master/novel/texture/shape_24_5.png,7,1313,shape_24,
185,Group 3,https://raw.githubusercontent.com/adadtur/nvrd-sample/master/modified-shape-texture/checkerboard_tiger.png,modified/shape-texture,color,8,clentrel,https://raw.githubusercontent.com/adadtur/nvrd-sample/master/modified-shape-texture/color/checkerboard_tiger_8.png,6,1432,checkerboard_tiger,
185,Group 3,https://raw.githubusercontent.com/adadtur/nvrd-sample/master/novel/shape_11.png,novel,add,20,scradge,https://raw.githubusercontent.com/adadtur/nvrd-sample/master/novel/add/shape_11_20.png,5,1498,shape_11,
185,Group 3,https://raw.githubusercontent.com/adadtur/nvrd-sample/master/novel/shape_13.png,novel,color,20,wrimble,https://raw.githubusercontent.com/adadtur/nvrd-sample/master/novel/color/shape_13_20.png,5,1647,shape_13,
185,Group 3,https://raw.githubusercontent.com/adadtur/nvrd-sample/master/known/bee.png,known,background,19,snavish,https://raw.githubusercontent.com/adadtur/nvrd-sample/master/known/background/bee_19.png,6,1848,bee,
185,Group 3,https://raw.githubusercontent.com/adadtur/nvrd-sample/master/known/corkscrew.png,,,,neb,https://raw.githubusercontent.com/adadtur/nvrd-sample/master/known/golden-retriever.png,1,3166,attention_check_4,
185,Group 3,https://raw.githubusercontent.com/adadtur/nvrd-sample/master/known/corkscrew.png,known,color,17,vorthling,https://raw.githubusercontent.com/adadtur/nvrd-sample/master/known/color/corkscrew_17.png,5,2048,corkscrew,
185,Group 3,https://raw.githubusercontent.com/adadtur/nvrd-sample/master/modified-shape-shape/bonsai_crystal.png,modified/shape-shape,style,14,cravish,https://raw.githubusercontent.com/adadtur/nvrd-sample/master/modified-shape-shape/style/bonsai_crystal_14.png,5,1132,bonsai_crystal,
185,Group 3,https://raw.githubusercontent.com/adadtur/nvrd-sample/master/novel/shape_19.png,novel,add,14,frentish,https://raw.githubusercontent.com/adadtur/nvrd-sample/master/novel/add/shape_19_14.png,5,1197,shape_19,
185,Group 3,https://raw.githubusercontent.com/adadtur/nvrd-sample/master/novel/shape_24.png,novel,shape,17,vraxel,https://raw.githubusercontent.com/adadtur/nvrd-sample/master/novel/shape/shape_24_17.png,4,2782,shape_24,
185,Group 3,https://raw.githubusercontent.com/adadtur/nvrd-sample/master/known/golden-retriever.png,known,color,11,froatne,https://raw.githubusercontent.com/adadtur/nvrd-sample/master/known/color/golden-retriever_11.png,6,2914,golden-retriever,
185,Group 3,https://raw.githubusercontent.com/adadtur/nvrd-sample/master/novel/shape_13.png,novel,texture,11,wrimble,https://raw.githubusercontent.com/adadtur/nvrd-sample/master/novel/texture/shape_13_11.png,6,1247,shape_13,
185,Group 3,https://raw.githubusercontent.com/adadtur/nvrd-sample/master/known/bee.png,known,add,5,snavish,https://raw.githubusercontent.com/adadtur/nvrd-sample/master/known/add/bee_5.png,7,2414,bee,
185,Group 3,https://raw.githubusercontent.com/adadtur/nvrd-sample/master/modified-shape-shape/drone_dagger.png,modified/shape-shape,add,20,zornett,https://raw.githubusercontent.com/adadtur/nvrd-sample/master/modified-shape-shape/add/drone_dagger_20.png,6,1449,drone_dagger,
185,Group 3,https://raw.githubusercontent.com/adadtur/nvrd-sample/master/novel/shape_11.png,novel,shape,5,scradge,https://raw.githubusercontent.com/adadtur/nvrd-sample/master/novel/shape/shape_11_5.png,5,1448,shape_11,
185,Group 3,https://raw.githubusercontent.com/adadtur/nvrd-sample/master/novel/shape_19.png,novel,background,2,frentish,https://raw.githubusercontent.com/adadtur/nvrd-sample/master/novel/background/shape_19_2.png,7,1683,shape_19,
185,Group 3,https://raw.githubusercontent.com/adadtur/nvrd-sample/master/novel/shape_28.png,novel,add,14,frostling,https://raw.githubusercontent.com/adadtur/nvrd-sample/master/novel/add/shape_28_14.png,5,3998,shape_28,
185,Group 3,https://raw.githubusercontent.com/adadtur/nvrd-sample/master/known/bee.png,known,shape,8,snavish,https://raw.githubusercontent.com/adadtur/nvrd-sample/master/known/shape/bee_8.png,7,1648,bee,
185,Group 3,https://raw.githubusercontent.com/adadtur/nvrd-sample/master/novel/shape_13.png,novel,remove,14,wrimble,https://raw.githubusercontent.com/adadtur/nvrd-sample/master/novel/remove/shape_13_14.png,1,2414,shape_13,
185,Group 3,https://raw.githubusercontent.com/adadtur/nvrd-sample/master/modified-shape-shape/crystal_telescope.png,modified/shape-shape,texture,11,drublit,https://raw.githubusercontent.com/adadtur/nvrd-sample/master/modified-shape-shape/texture/crystal_telescope_11.png,6,2630,crystal_telescope,
185,Group 3,https://raw.githubusercontent.com/adadtur/nvrd-sample/master/known/dolphin.png,,,,rav,https://raw.githubusercontent.com/adadtur/nvrd-sample/master/known/rabbit.png,1,1381,attention_check_5,
185,Group 3,https://raw.githubusercontent.com/adadtur/nvrd-sample/master/modified-shape-texture/checkerboard_tv-remote.png,modified/shape-texture,shape,20,grestle,https://raw.githubusercontent.com/adadtur/nvrd-sample/master/modified-shape-texture/shape/checkerboard_tv-remote_20.png,5,1632,checkerboard_tv-remote,
185,Group 3,https://raw.githubusercontent.com/adadtur/nvrd-sample/master/modified-shape-texture/checkerboard_tv-remote.png,modified/shape-texture,background,17,grestle,https://raw.githubusercontent.com/adadtur/nvrd-sample/master/modified-shape-texture/background/checkerboard_tv-remote_17.png,5,1432,checkerboard_tv-remote,
185,Group 3,https://raw.githubusercontent.com/adadtur/nvrd-sample/master/modified-shape-texture/checkerboard_tv-remote.png,modified/shape-texture,shape,11,grestle,https://raw.githubusercontent.com/adadtur/nvrd-sample/master/modified-shape-texture/shape/checkerboard_tv-remote_11.png,5,3431,checkerboard_tv-remote,
185,Group 3,https://raw.githubusercontent.com/adadtur/nvrd-sample/master/novel/shape_24.png,novel,color,17,vraxel,https://raw.githubusercontent.com/adadtur/nvrd-sample/master/novel/color/shape_24_17.png,7,2300,shape_24,
185,Group 3,https://raw.githubusercontent.com/adadtur/nvrd-sample/master/novel/shape_11.png,novel,background,2,scradge,https://raw.githubusercontent.com/adadtur/nvrd-sample/master/novel/background/shape_11_2.png,5,1312,shape_11,
185,Group 3,https://raw.githubusercontent.com/adadtur/nvrd-sample/master/novel/shape_13.png,novel,add,19,wrimble,https://raw.githubusercontent.com/adadtur/nvrd-sample/master/novel/add/shape_13_19.png,5,1851,shape_13,
185,Group 3,https://raw.githubusercontent.com/adadtur/nvrd-sample/master/novel/shape_16.png,novel,remove,17,sdrindle,https://raw.githubusercontent.com/adadtur/nvrd-sample/master/novel/remove/shape_16_17.png,1,1546,shape_16,
185,Group 3,https://raw.githubusercontent.com/adadtur/nvrd-sample/master/novel/shape_16.png,novel,add,2,sdrindle,https://raw.githubusercontent.com/adadtur/nvrd-sample/master/novel/add/shape_16_2.png,7,1581,shape_16,
185,Group 3,https://raw.githubusercontent.com/adadtur/nvrd-sample/master/known/rabbit.png,known,background,2,wrivlet,https://raw.githubusercontent.com/adadtur/nvrd-sample/master/known/background/rabbit_2.png,7,1331,rabbit,
185,Group 3,https://raw.githubusercontent.com/adadtur/nvrd-sample/master/known/corkscrew.png,known,remove,5,vorthling,https://raw.githubusercontent.com/adadtur/nvrd-sample/master/known/remove/corkscrew_5.png,3,5798,corkscrew,
185,Group 3,https://raw.githubusercontent.com/adadtur/nvrd-sample/master/modified-shape-shape/bonsai_crystal.png,modified/shape-shape,remove,20,cravish,https://raw.githubusercontent.com/adadtur/nvrd-sample/master/modified-shape-shape/remove/bonsai_crystal_20.png,1,4698,bonsai_crystal,
185,Group 3,https://raw.githubusercontent.com/adadtur/nvrd-sample/master/modified-shape-texture/bird-feathers_saxophone.png,modified/shape-texture,texture,19,plonwick,https://raw.githubusercontent.com/adadtur/nvrd-sample/master/modified-shape-texture/texture/bird-feathers_saxophone_19.png,6,2299,bird-feathers_saxophone,
185,Group 3,https://raw.githubusercontent.com/adadtur/nvrd-sample/master/known/golden-retriever.png,known,remove,5,froatne,https://raw.githubusercontent.com/adadtur/nvrd-sample/master/known/remove/golden-retriever_5.png,5,1831,golden-retriever,
185,Group 3,,,,,,,,1889,,
183,Group 1,,,,,,,,,,
183,Group 1,,,,,,,,26227,,
183,Group 1,,,,,,,,21028,,
183,Group 1,,,,,,,5,18061,,
183,Group 1,,,,,,,,6251,,
183,Group 1,,,,,,,7,1298,,
183,Group 1,,,,,,,1,2914,,
183,Group 1,,,,,,,1,5447,,
183,Group 1,,,,,,,,3131,,
183,Group 1,,,,,,,3,1235,,
183,Group 1,,,,,,,,1247,,
183,Group 1,https://raw.githubusercontent.com/adadtur/nvrd-sample/master/novel/shape_16.png,novel,add,8,sdrindle,https://raw.githubusercontent.com/adadtur/nvrd-sample/master/novel/add/shape_16_8.png,2,5381,shape_16,
183,Group 1,https://raw.githubusercontent.com/adadtur/nvrd-sample/master/modified-shape-texture/checkerboard_tv-remote.png,modified/shape-texture,texture,5,grestle,https://raw.githubusercontent.com/adadtur/nvrd-sample/master/modified-shape-texture/texture/checkerboard_tv-remote_5.png,5,6263,checkerboard_tv-remote,
183,Group 1,https://raw.githubusercontent.com/adadtur/nvrd-sample/master/modified-shape-texture/checkerboard_tiger.png,modified/shape-texture,texture,14,clentrel,https://raw.githubusercontent.com/adadtur/nvrd-sample/master/modified-shape-texture/texture/checkerboard_tiger_14.png,5,4499,checkerboard_tiger,
183,Group 1,https://raw.githubusercontent.com/adadtur/nvrd-sample/master/modified-shape-texture/bird-feathers_saxophone.png,modified/shape-texture,background,11,plonwick,https://raw.githubusercontent.com/adadtur/nvrd-sample/master/modified-shape-texture/background/bird-feathers_saxophone_11.png,5,4781,bird-feathers_saxophone,
183,Group 1,https://raw.githubusercontent.com/adadtur/nvrd-sample/master/known/horse.png,known,add,2,skelwick,https://raw.githubusercontent.com/adadtur/nvrd-sample/master/known/add/horse_2.png,5,4462,horse,
183,Group 1,https://raw.githubusercontent.com/adadtur/nvrd-sample/master/known/rabbit.png,known,shape,11,wrivlet,https://raw.githubusercontent.com/adadtur/nvrd-sample/master/known/shape/rabbit_11.png,3,3330,rabbit,
183,Group 1,https://raw.githubusercontent.com/adadtur/nvrd-sample/master/modified-shape-texture/bird-feathers_saxophone.png,modified/shape-texture,add,2,plonwick,https://raw.githubusercontent.com/adadtur/nvrd-sample/master/modified-shape-texture/add/bird-feathers_saxophone_2.png,5,3267,bird-feathers_saxophone,
183,Group 1,https://raw.githubusercontent.com/adadtur/nvrd-sample/master/modified-shape-texture/checkerboard_tv-remote.png,modified/shape-texture,add,17,grestle,https://raw.githubusercontent.com/adadtur/nvrd-sample/master/modified-shape-texture/add/checkerboard_tv-remote_17.png,5,2397,checkerboard_tv-remote,
183,Group 1,https://raw.githubusercontent.com/adadtur/nvrd-sample/master/modified-shape-texture/bird-feathers_saxophone.png,modified/shape-texture,background,8,plonwick,https://raw.githubusercontent.com/adadtur/nvrd-sample/master/modified-shape-texture/background/bird-feathers_saxophone_8.png,5,4981,bird-feathers_saxophone,
183,Group 1,https://raw.githubusercontent.com/adadtur/nvrd-sample/master/novel/shape_13.png,novel,shape,19,wrimble,https://raw.githubusercontent.com/adadtur/nvrd-sample/master/novel/shape/shape_13_19.png,1,4232,shape_13,
183,Group 1,https://raw.githubusercontent.com/adadtur/nvrd-sample/master/novel/shape_11.png,novel,style,2,scradge,https://raw.githubusercontent.com/adadtur/nvrd-sample/master/novel/style/shape_11_2.png,7,5262,shape_11,
183,Group 1,https://raw.githubusercontent.com/adadtur/nvrd-sample/master/novel/shape_11.png,novel,remove,2,scradge,https://raw.githubusercontent.com/adadtur/nvrd-sample/master/novel/remove/shape_11_2.png,5,2982,shape_11,
183,Group 1,https://raw.githubusercontent.com/adadtur/nvrd-sample/master/novel/shape_16.png,novel,shape,5,sdrindle,https://raw.githubusercontent.com/adadtur/nvrd-sample/master/novel/shape/shape_16_5.png,2,4776,shape_16,
183,Group 1,https://raw.githubusercontent.com/adadtur/nvrd-sample/master/modified-shape-shape/crystal_telescope.png,modified/shape-shape,texture,19,drublit,https://raw.githubusercontent.com/adadtur/nvrd-sample/master/modified-shape-shape/texture/crystal_telescope_19.png,3,4781,crystal_telescope,
183,Group 1,https://raw.githubusercontent.com/adadtur/nvrd-sample/master/known/golden-retriever.png,,,,toma,https://raw.githubusercontent.com/adadtur/nvrd-sample/master/known/corkscrew.png,1,1615,attention_check_1,
183,Group 1,https://raw.githubusercontent.com/adadtur/nvrd-sample/master/modified-shape-texture/checkerboard_tiger.png,modified/shape-texture,color,2,clentrel,https://raw.githubusercontent.com/adadtur/nvrd-sample/master/modified-shape-texture/color/checkerboard_tiger_2.png,5,3765,checkerboard_tiger,
183,Group 1,https://raw.githubusercontent.com/adadtur/nvrd-sample/master/novel/shape_13.png,novel,style,20,wrimble,https://raw.githubusercontent.com/adadtur/nvrd-sample/master/novel/style/shape_13_20.png,5,6797,shape_13,
183,Group 1,https://raw.githubusercontent.com/adadtur/nvrd-sample/master/known/horse.png,known,remove,11,skelwick,https://raw.githubusercontent.com/adadtur/nvrd-sample/master/known/remove/horse_11.png,1,4832,horse,
183,Group 1,https://raw.githubusercontent.com/adadtur/nvrd-sample/master/known/rabbit.png,known,texture,14,wrivlet,https://raw.githubusercontent.com/adadtur/nvrd-sample/master/known/texture/rabbit_14.png,5,4095,rabbit,
183,Group 1,https://raw.githubusercontent.com/adadtur/nvrd-sample/master/known/bee.png,known,texture,20,snavish,https://raw.githubusercontent.com/adadtur/nvrd-sample/master/known/texture/bee_20.png,5,3414,bee,
183,Group 1,https://raw.githubusercontent.com/adadtur/nvrd-sample/master/known/bee.png,known,texture,2,snavish,https://raw.githubusercontent.com/adadtur/nvrd-sample/master/known/texture/bee_2.png,7,1747,bee,
183,Group 1,https://raw.githubusercontent.com/adadtur/nvrd-sample/master/novel/shape_16.png,novel,shape,11,sdrindle,https://raw.githubusercontent.com/adadtur/nvrd-sample/master/novel/shape/shape_16_11.png,2,2347,shape_16,
183,Group 1,https://raw.githubusercontent.com/adadtur/nvrd-sample/master/known/horse.png,known,texture,20,skelwick,https://raw.githubusercontent.com/adadtur/nvrd-sample/master/known/texture/horse_20.png,5,9302,horse,
183,Group 1,https://raw.githubusercontent.com/adadtur/nvrd-sample/master/novel/shape_16.png,novel,shape,17,sdrindle,https://raw.githubusercontent.com/adadtur/nvrd-sample/master/novel/shape/shape_16_17.png,2,1728,shape_16,
183,Group 1,https://raw.githubusercontent.com/adadtur/nvrd-sample/master/modified-shape-texture/checkerboard_tiger.png,modified/shape-texture,background,2,clentrel,https://raw.githubusercontent.com/adadtur/nvrd-sample/master/modified-shape-texture/background/checkerboard_tiger_2.png,7,6582,checkerboard_tiger,
183,Group 1,https://raw.githubusercontent.com/adadtur/nvrd-sample/master/known/golden-retriever.png,known,add,14,froatne,https://raw.githubusercontent.com/adadtur/nvrd-sample/master/known/add/golden-retriever_14.png,5,9280,golden-retriever,
183,Group 1,https://raw.githubusercontent.com/adadtur/nvrd-sample/master/novel/shape_28.png,novel,add,19,frostling,https://raw.githubusercontent.com/adadtur/nvrd-sample/master/novel/add/shape_28_19.png,2,3049,shape_28,
183,Group 1,https://raw.githubusercontent.com/adadtur/nvrd-sample/master/known/golden-retriever.png,known,background,2,froatne,https://raw.githubusercontent.com/adadtur/nvrd-sample/master/known/background/golden-retriever_2.png,7,5965,golden-retriever,
183,Group 1,https://raw.githubusercontent.com/adadtur/nvrd-sample/master/modified-shape-shape/bonsai_crystal.png,modified/shape-shape,color,11,cravish,https://raw.githubusercontent.com/adadtur/nvrd-sample/master/modified-shape-shape/color/bonsai_crystal_11.png,5,1781,bonsai_crystal,
183,Group 1,https://raw.githubusercontent.com/adadtur/nvrd-sample/master/known/dolphin.png,,,,blick,https://raw.githubusercontent.com/adadtur/nvrd-sample/master/known/rabbit.png,1,1597,attention_check_2,
183,Group 1,https://raw.githubusercontent.com/adadtur/nvrd-sample/master/modified-shape-shape/drone_dagger.png,modified/shape-shape,background,11,zornett,https://raw.githubusercontent.com/adadtur/nvrd-sample/master/modified-shape-shape/background/drone_dagger_11.png,5,2216,drone_dagger,
183,Group 1,https://raw.githubusercontent.com/adadtur/nvrd-sample/master/novel/shape_24.png,novel,add,2,vraxel,https://raw.githubusercontent.com/adadtur/nvrd-sample/master/novel/add/shape_24_2.png,2,3082,shape_24,
183,Group 1,https://raw.githubusercontent.com/adadtur/nvrd-sample/master/modified-shape-shape/drone_dagger.png,modified/shape-shape,style,20,zornett,https://raw.githubusercontent.com/adadtur/nvrd-sample/master/modified-shape-shape/style/drone_dagger_20.png,5,1748,drone_dagger,
183,Group 1,https://raw.githubusercontent.com/adadtur/nvrd-sample/master/novel/shape_28.png,novel,background,11,frostling,https://raw.githubusercontent.com/adadtur/nvrd-sample/master/novel/background/shape_28_11.png,5,2164,shape_28,
183,Group 1,https://raw.githubusercontent.com/adadtur/nvrd-sample/master/novel/shape_11.png,novel,color,5,scradge,https://raw.githubusercontent.com/adadtur/nvrd-sample/master/novel/color/shape_11_5.png,5,1599,shape_11,
183,Group 1,https://raw.githubusercontent.com/adadtur/nvrd-sample/master/novel/shape_11.png,novel,add,8,scradge,https://raw.githubusercontent.com/adadtur/nvrd-sample/master/novel/add/shape_11_8.png,2,3828,shape_11,
183,Group 1,https://raw.githubusercontent.com/adadtur/nvrd-sample/master/known/dolphin.png,known,background,19,thrimple,https://raw.githubusercontent.com/adadtur/nvrd-sample/master/known/background/dolphin_19.png,5,2166,dolphin,
183,Group 1,https://raw.githubusercontent.com/adadtur/nvrd-sample/master/modified-shape-texture/checkerboard_tv-remote.png,modified/shape-texture,texture,2,grestle,https://raw.githubusercontent.com/adadtur/nvrd-sample/master/modified-shape-texture/texture/checkerboard_tv-remote_2.png,5,4064,checkerboard_tv-remote,
183,Group 1,https://raw.githubusercontent.com/adadtur/nvrd-sample/master/known/dolphin.png,known,color,17,thrimple,https://raw.githubusercontent.com/adadtur/nvrd-sample/master/known/color/dolphin_17.png,5,1915,dolphin,
183,Group 1,https://raw.githubusercontent.com/adadtur/nvrd-sample/master/modified-shape-shape/crystal_telescope.png,modified/shape-shape,color,20,drublit,https://raw.githubusercontent.com/adadtur/nvrd-sample/master/modified-shape-shape/color/crystal_telescope_20.png,5,1648,crystal_telescope,
183,Group 1,https://raw.githubusercontent.com/adadtur/nvrd-sample/master/known/dolphin.png,known,background,17,thrimple,https://raw.githubusercontent.com/adadtur/nvrd-sample/master/known/background/dolphin_17.png,5,3464,dolphin,
183,Group 1,https://raw.githubusercontent.com/adadtur/nvrd-sample/master/novel/shape_24.png,novel,color,19,vraxel,https://raw.githubusercontent.com/adadtur/nvrd-sample/master/novel/color/shape_24_19.png,5,1615,shape_24,
183,Group 1,https://raw.githubusercontent.com/adadtur/nvrd-sample/master/known/golden-retriever.png,known,color,14,froatne,https://raw.githubusercontent.com/adadtur/nvrd-sample/master/known/color/golden-retriever_14.png,5,1246,golden-retriever,
183,Group 1,https://raw.githubusercontent.com/adadtur/nvrd-sample/master/novel/shape_16.png,novel,add,14,sdrindle,https://raw.githubusercontent.com/adadtur/nvrd-sample/master/novel/add/shape_16_14.png,5,2029,shape_16,
183,Group 1,https://raw.githubusercontent.com/adadtur/nvrd-sample/master/known/rabbit.png,,,,pon,https://raw.githubusercontent.com/adadtur/nvrd-sample/master/known/corkscrew.png,1,1281,attention_check_3,
183,Group 1,https://raw.githubusercontent.com/adadtur/nvrd-sample/master/modified-shape-shape/crystal_telescope.png,modified/shape-shape,remove,5,drublit,https://raw.githubusercontent.com/adadtur/nvrd-sample/master/modified-shape-shape/remove/crystal_telescope_5.png,3,8397,crystal_telescope,
183,Group 1,https://raw.githubusercontent.com/adadtur/nvrd-sample/master/known/horse.png,known,shape,17,skelwick,https://raw.githubusercontent.com/adadtur/nvrd-sample/master/known/shape/horse_17.png,3,7131,horse,
183,Group 1,https://raw.githubusercontent.com/adadtur/nvrd-sample/master/novel/shape_24.png,novel,shape,14,vraxel,https://raw.githubusercontent.com/adadtur/nvrd-sample/master/novel/shape/shape_24_14.png,2,1616,shape_24,
183,Group 1,https://raw.githubusercontent.com/adadtur/nvrd-sample/master/novel/shape_11.png,novel,texture,14,scradge,https://raw.githubusercontent.com/adadtur/nvrd-sample/master/novel/texture/shape_11_14.png,5,3214,shape_11,
183,Group 1,https://raw.githubusercontent.com/adadtur/nvrd-sample/master/known/bee.png,known,background,8,snavish,https://raw.githubusercontent.com/adadtur/nvrd-sample/master/known/background/bee_8.png,5,1364,bee,
183,Group 1,https://raw.githubusercontent.com/adadtur/nvrd-sample/master/known/golden-retriever.png,known,shape,19,froatne,https://raw.githubusercontent.com/adadtur/nvrd-sample/master/known/shape/golden-retriever_19.png,2,1815,golden-retriever,
183,Group 1,https://raw.githubusercontent.com/adadtur/nvrd-sample/master/novel/shape_19.png,novel,remove,14,frentish,https://raw.githubusercontent.com/adadtur/nvrd-sample/master/novel/remove/shape_19_14.png,2,1547,shape_19,
183,Group 1,https://raw.githubusercontent.com/adadtur/nvrd-sample/master/novel/shape_11.png,novel,shape,19,scradge,https://raw.githubusercontent.com/adadtur/nvrd-sample/master/novel/shape/shape_11_19.png,2,1382,shape_11,
183,Group 1,https://raw.githubusercontent.com/adadtur/nvrd-sample/master/modified-shape-texture/bird-feathers_saxophone.png,modified/shape-texture,style,17,plonwick,https://raw.githubusercontent.com/adadtur/nvrd-sample/master/modified-shape-texture/style/bird-feathers_saxophone_17.png,2,2132,bird-feathers_saxophone,
183,Group 1,https://raw.githubusercontent.com/adadtur/nvrd-sample/master/novel/shape_16.png,novel,background,2,sdrindle,https://raw.githubusercontent.com/adadtur/nvrd-sample/master/novel/background/shape_16_2.png,5,2064,shape_16,
183,Group 1,https://raw.githubusercontent.com/adadtur/nvrd-sample/master/known/golden-retriever.png,known,background,14,froatne,https://raw.githubusercontent.com/adadtur/nvrd-sample/master/known/background/golden-retriever_14.png,5,1515,golden-retriever,
183,Group 1,https://raw.githubusercontent.com/adadtur/nvrd-sample/master/modified-shape-shape/crystal_telescope.png,modified/shape-shape,add,2,drublit,https://raw.githubusercontent.com/adadtur/nvrd-sample/master/modified-shape-shape/add/crystal_telescope_2.png,5,2464,crystal_telescope,
183,Group 1,https://raw.githubusercontent.com/adadtur/nvrd-sample/master/known/corkscrew.png,known,add,2,vorthling,https://raw.githubusercontent.com/adadtur/nvrd-sample/master/known/add/corkscrew_2.png,5,3197,corkscrew,
183,Group 1,https://raw.githubusercontent.com/adadtur/nvrd-sample/master/modified-shape-shape/crystal_telescope.png,modified/shape-shape,shape,5,drublit,https://raw.githubusercontent.com/adadtur/nvrd-sample/master/modified-shape-shape/shape/crystal_telescope_5.png,2,2080,crystal_telescope,
183,Group 1,https://raw.githubusercontent.com/adadtur/nvrd-sample/master/known/corkscrew.png,,,,neb,https://raw.githubusercontent.com/adadtur/nvrd-sample/master/known/golden-retriever.png,1,1314,attention_check_4,
183,Group 1,https://raw.githubusercontent.com/adadtur/nvrd-sample/master/novel/shape_16.png,novel,background,14,sdrindle,https://raw.githubusercontent.com/adadtur/nvrd-sample/master/novel/background/shape_16_14.png,5,2182,shape_16,
183,Group 1,https://raw.githubusercontent.com/adadtur/nvrd-sample/master/novel/shape_13.png,novel,style,11,wrimble,https://raw.githubusercontent.com/adadtur/nvrd-sample/master/novel/style/shape_13_11.png,5,1899,shape_13,
183,Group 1,https://raw.githubusercontent.com/adadtur/nvrd-sample/master/modified-shape-shape/bonsai_crystal.png,modified/shape-shape,texture,8,cravish,https://raw.githubusercontent.com/adadtur/nvrd-sample/master/modified-shape-shape/texture/bonsai_crystal_8.png,5,1314,bonsai_crystal,
183,Group 1,https://raw.githubusercontent.com/adadtur/nvrd-sample/master/known/dolphin.png,known,remove,5,thrimple,https://raw.githubusercontent.com/adadtur/nvrd-sample/master/known/remove/dolphin_5.png,3,6028,dolphin,
183,Group 1,https://raw.githubusercontent.com/adadtur/nvrd-sample/master/modified-shape-texture/checkerboard_tiger.png,modified/shape-texture,color,19,clentrel,https://raw.githubusercontent.com/adadtur/nvrd-sample/master/modified-shape-texture/color/checkerboard_tiger_19.png,5,1564,checkerboard_tiger,
183,Group 1,https://raw.githubusercontent.com/adadtur/nvrd-sample/master/modified-shape-texture/bird-feathers_saxophone.png,modified/shape-texture,color,2,plonwick,https://raw.githubusercontent.com/adadtur/nvrd-sample/master/modified-shape-texture/color/bird-feathers_saxophone_2.png,5,3965,bird-feathers_saxophone,
183,Group 1,https://raw.githubusercontent.com/adadtur/nvrd-sample/master/novel/shape_11.png,novel,texture,2,scradge,https://raw.githubusercontent.com/adadtur/nvrd-sample/master/novel/texture/shape_11_2.png,5,1330,shape_11,
183,Group 1,https://raw.githubusercontent.com/adadtur/nvrd-sample/master/modified-shape-shape/drone_dagger.png,modified/shape-shape,remove,8,zornett,https://raw.githubusercontent.com/adadtur/nvrd-sample/master/modified-shape-shape/remove/drone_dagger_8.png,3,4398,drone_dagger,
183,Group 1,https://raw.githubusercontent.com/adadtur/nvrd-sample/master/modified-shape-texture/bird-feathers_saxophone.png,modified/shape-texture,style,14,plonwick,https://raw.githubusercontent.com/adadtur/nvrd-sample/master/modified-shape-texture/style/bird-feathers_saxophone_14.png,3,3897,bird-feathers_saxophone,
183,Group 1,https://raw.githubusercontent.com/adadtur/nvrd-sample/master/modified-shape-texture/bird-feathers_saxophone.png,modified/shape-texture,remove,2,plonwick,https://raw.githubusercontent.com/adadtur/nvrd-sample/master/modified-shape-texture/remove/bird-feathers_saxophone_2.png,3,1216,bird-feathers_saxophone,
183,Group 1,https://raw.githubusercontent.com/adadtur/nvrd-sample/master/known/golden-retriever.png,known,shape,11,froatne,https://raw.githubusercontent.com/adadtur/nvrd-sample/master/known/shape/golden-retriever_11.png,2,1609,golden-retriever,
183,Group 1,https://raw.githubusercontent.com/adadtur/nvrd-sample/master/novel/shape_19.png,novel,color,11,frentish,https://raw.githubusercontent.com/adadtur/nvrd-sample/master/novel/color/shape_19_11.png,5,1631,shape_19,
183,Group 1,https://raw.githubusercontent.com/adadtur/nvrd-sample/master/known/horse.png,known,remove,2,skelwick,https://raw.githubusercontent.com/adadtur/nvrd-sample/master/known/remove/horse_2.png,5,5249,horse,
183,Group 1,https://raw.githubusercontent.com/adadtur/nvrd-sample/master/novel/shape_24.png,novel,style,19,vraxel,https://raw.githubusercontent.com/adadtur/nvrd-sample/master/novel/style/shape_24_19.png,4,4566,shape_24,
183,Group 1,https://raw.githubusercontent.com/adadtur/nvrd-sample/master/known/dolphin.png,,,,rav,https://raw.githubusercontent.com/adadtur/nvrd-sample/master/known/rabbit.png,1,1395,attention_check_5,
183,Group 1,https://raw.githubusercontent.com/adadtur/nvrd-sample/master/modified-shape-texture/bird-feathers_saxophone.png,modified/shape-texture,add,20,plonwick,https://raw.githubusercontent.com/adadtur/nvrd-sample/master/modified-shape-texture/add/bird-feathers_saxophone_20.png,5,2114,bird-feathers_saxophone,
183,Group 1,https://raw.githubusercontent.com/adadtur/nvrd-sample/master/modified-shape-shape/crystal_telescope.png,modified/shape-shape,style,17,drublit,https://raw.githubusercontent.com/adadtur/nvrd-sample/master/modified-shape-shape/style/crystal_telescope_17.png,3,2882,crystal_telescope,
183,Group 1,https://raw.githubusercontent.com/adadtur/nvrd-sample/master/novel/shape_24.png,novel,remove,8,vraxel,https://raw.githubusercontent.com/adadtur/nvrd-sample/master/novel/remove/shape_24_8.png,1,1514,shape_24,
183,Group 1,https://raw.githubusercontent.com/adadtur/nvrd-sample/master/known/dolphin.png,known,style,19,thrimple,https://raw.githubusercontent.com/adadtur/nvrd-sample/master/known/style/dolphin_19.png,4,2098,dolphin,
183,Group 1,https://raw.githubusercontent.com/adadtur/nvrd-sample/master/modified-shape-shape/drone_dagger.png,modified/shape-shape,remove,17,zornett,https://raw.githubusercontent.com/adadtur/nvrd-sample/master/modified-shape-shape/remove/drone_dagger_17.png,2,1764,drone_dagger,
183,Group 1,https://raw.githubusercontent.com/adadtur/nvrd-sample/master/modified-shape-texture/checkerboard_tiger.png,modified/shape-texture,style,2,clentrel,https://raw.githubusercontent.com/adadtur/nvrd-sample/master/modified-shape-texture/style/checkerboard_tiger_2.png,5,2546,checkerboard_tiger,
183,Group 1,https://raw.githubusercontent.com/adadtur/nvrd-sample/master/novel/shape_28.png,novel,style,20,frostling,https://raw.githubusercontent.com/adadtur/nvrd-sample/master/novel/style/shape_28_20.png,2,4611,shape_28,
183,Group 1,https://raw.githubusercontent.com/adadtur/nvrd-sample/master/modified-shape-shape/crystal_telescope.png,modified/shape-shape,shape,17,drublit,https://raw.githubusercontent.com/adadtur/nvrd-sample/master/modified-shape-shape/shape/crystal_telescope_17.png,2,1816,crystal_telescope,
183,Group 1,https://raw.githubusercontent.com/adadtur/nvrd-sample/master/modified-shape-shape/crystal_telescope.png,modified/shape-shape,texture,8,drublit,https://raw.githubusercontent.com/adadtur/nvrd-sample/master/modified-shape-shape/texture/crystal_telescope_8.png,5,2097,crystal_telescope,
183,Group 1,https://raw.githubusercontent.com/adadtur/nvrd-sample/master/known/dolphin.png,known,color,20,thrimple,https://raw.githubusercontent.com/adadtur/nvrd-sample/master/known/color/dolphin_20.png,5,1698,dolphin,
183,Group 1,https://raw.githubusercontent.com/adadtur/nvrd-sample/master/novel/shape_16.png,novel,style,8,sdrindle,https://raw.githubusercontent.com/adadtur/nvrd-sample/master/novel/style/shape_16_8.png,3,2247,shape_16,
183,Group 1,https://raw.githubusercontent.com/adadtur/nvrd-sample/master/known/horse.png,known,color,2,skelwick,https://raw.githubusercontent.com/adadtur/nvrd-sample/master/known/color/horse_2.png,5,4648,horse,
183,Group 1,https://raw.githubusercontent.com/adadtur/nvrd-sample/master/novel/shape_13.png,novel,remove,20,wrimble,https://raw.githubusercontent.com/adadtur/nvrd-sample/master/novel/remove/shape_13_20.png,2,2176,shape_13,
183,Group 1,,,,,,,,2577,,
175,Group 1,,,,,,,,,,
175,Group 1,,,,,,,,18518,,
175,Group 1,,,,,,,,41820,,
175,Group 1,,,,,,,7,14635,,
175,Group 1,,,,,,,1,6409,,
175,Group 1,,,,,,,6,10642,,
175,Group 1,,,,,,,,8472,,
175,Group 1,,,,,,,5,7090,,
175,Group 1,,,,,,,,5965,,
175,Group 1,https://raw.githubusercontent.com/adadtur/nvrd-sample/master/modified-shape-texture/checkerboard_tiger.png,modified/shape-texture,background,2,clentrel,https://raw.githubusercontent.com/adadtur/nvrd-sample/master/modified-shape-texture/background/checkerboard_tiger_2.png,7,6113,checkerboard_tiger,
175,Group 1,https://raw.githubusercontent.com/adadtur/nvrd-sample/master/modified-shape-texture/bird-feathers_saxophone.png,modified/shape-texture,add,20,plonwick,https://raw.githubusercontent.com/adadtur/nvrd-sample/master/modified-shape-texture/add/bird-feathers_saxophone_20.png,4,8035,bird-feathers_saxophone,
175,Group 1,https://raw.githubusercontent.com/adadtur/nvrd-sample/master/known/horse.png,known,add,2,skelwick,https://raw.githubusercontent.com/adadtur/nvrd-sample/master/known/add/horse_2.png,5,13789,horse,
175,Group 1,https://raw.githubusercontent.com/adadtur/nvrd-sample/master/modified-shape-shape/bonsai_crystal.png,modified/shape-shape,texture,8,cravish,https://raw.githubusercontent.com/adadtur/nvrd-sample/master/modified-shape-shape/texture/bonsai_crystal_8.png,5,5544,bonsai_crystal,
175,Group 1,https://raw.githubusercontent.com/adadtur/nvrd-sample/master/known/golden-retriever.png,known,add,14,froatne,https://raw.githubusercontent.com/adadtur/nvrd-sample/master/known/add/golden-retriever_14.png,3,8173,golden-retriever,
175,Group 1,https://raw.githubusercontent.com/adadtur/nvrd-sample/master/modified-shape-texture/bird-feathers_saxophone.png,modified/shape-texture,background,11,plonwick,https://raw.githubusercontent.com/adadtur/nvrd-sample/master/modified-shape-texture/background/bird-feathers_saxophone_11.png,6,6964,bird-feathers_saxophone,
175,Group 1,https://raw.githubusercontent.com/adadtur/nvrd-sample/master/known/dolphin.png,known,style,19,thrimple,https://raw.githubusercontent.com/adadtur/nvrd-sample/master/known/style/dolphin_19.png,3,4739,dolphin,
175,Group 1,https://raw.githubusercontent.com/adadtur/nvrd-sample/master/modified-shape-shape/drone_dagger.png,modified/shape-shape,remove,17,zornett,https://raw.githubusercontent.com/adadtur/nvrd-sample/master/modified-shape-shape/remove/drone_dagger_17.png,1,4166,drone_dagger,
175,Group 1,https://raw.githubusercontent.com/adadtur/nvrd-sample/master/novel/shape_24.png,novel,color,19,vraxel,https://raw.githubusercontent.com/adadtur/nvrd-sample/master/novel/color/shape_24_19.png,3,5542,shape_24,
175,Group 1,https://raw.githubusercontent.com/adadtur/nvrd-sample/master/novel/shape_19.png,novel,remove,14,frentish,https://raw.githubusercontent.com/adadtur/nvrd-sample/master/novel/remove/shape_19_14.png,1,5521,shape_19,
175,Group 1,https://raw.githubusercontent.com/adadtur/nvrd-sample/master/novel/shape_11.png,novel,style,2,scradge,https://raw.githubusercontent.com/adadtur/nvrd-sample/master/novel/style/shape_11_2.png,7,4379,shape_11,
175,Group 1,https://raw.githubusercontent.com/adadtur/nvrd-sample/master/modified-shape-shape/crystal_telescope.png,modified/shape-shape,color,20,drublit,https://raw.githubusercontent.com/adadtur/nvrd-sample/master/modified-shape-shape/color/crystal_telescope_20.png,3,2950,crystal_telescope,
175,Group 1,https://raw.githubusercontent.com/adadtur/nvrd-sample/master/modified-shape-shape/crystal_telescope.png,modified/shape-shape,shape,5,drublit,https://raw.githubusercontent.com/adadtur/nvrd-sample/master/modified-shape-shape/shape/crystal_telescope_5.png,4,6495,crystal_telescope,
175,Group 1,https://raw.githubusercontent.com/adadtur/nvrd-sample/master/novel/shape_11.png,novel,color,5,scradge,https://raw.githubusercontent.com/adadtur/nvrd-sample/master/novel/color/shape_11_5.png,4,2848,shape_11,
175,Group 1,https://raw.githubusercontent.com/adadtur/nvrd-sample/master/known/golden-retriever.png,,,,toma,https://raw.githubusercontent.com/adadtur/nvrd-sample/master/known/corkscrew.png,1,2317,attention_check_1,
175,Group 1,https://raw.githubusercontent.com/adadtur/nvrd-sample/master/modified-shape-texture/checkerboard_tv-remote.png,modified/shape-texture,texture,2,grestle,https://raw.githubusercontent.com/adadtur/nvrd-sample/master/modified-shape-texture/texture/checkerboard_tv-remote_2.png,7,3772,checkerboard_tv-remote,
175,Group 1,https://raw.githubusercontent.com/adadtur/nvrd-sample/master/modified-shape-texture/bird-feathers_saxophone.png,modified/shape-texture,style,17,plonwick,https://raw.githubusercontent.com/adadtur/nvrd-sample/master/modified-shape-texture/style/bird-feathers_saxophone_17.png,4,4255,bird-feathers_saxophone,
175,Group 1,https://raw.githubusercontent.com/adadtur/nvrd-sample/master/novel/shape_24.png,novel,remove,8,vraxel,https://raw.githubusercontent.com/adadtur/nvrd-sample/master/novel/remove/shape_24_8.png,1,2820,shape_24,
175,Group 1,https://raw.githubusercontent.com/adadtur/nvrd-sample/master/novel/shape_11.png,novel,texture,14,scradge,https://raw.githubusercontent.com/adadtur/nvrd-sample/master/novel/texture/shape_11_14.png,4,3534,shape_11,
175,Group 1,https://raw.githubusercontent.com/adadtur/nvrd-sample/master/modified-shape-shape/crystal_telescope.png,modified/shape-shape,texture,8,drublit,https://raw.githubusercontent.com/adadtur/nvrd-sample/master/modified-shape-shape/texture/crystal_telescope_8.png,5,5496,crystal_telescope,
175,Group 1,https://raw.githubusercontent.com/adadtur/nvrd-sample/master/novel/shape_16.png,novel,background,2,sdrindle,https://raw.githubusercontent.com/adadtur/nvrd-sample/master/novel/background/shape_16_2.png,6,7241,shape_16,
175,Group 1,https://raw.githubusercontent.com/adadtur/nvrd-sample/master/known/dolphin.png,known,background,19,thrimple,https://raw.githubusercontent.com/adadtur/nvrd-sample/master/known/background/dolphin_19.png,6,5192,dolphin,
175,Group 1,https://raw.githubusercontent.com/adadtur/nvrd-sample/master/modified-shape-shape/crystal_telescope.png,modified/shape-shape,add,2,drublit,https://raw.githubusercontent.com/adadtur/nvrd-sample/master/modified-shape-shape/add/crystal_telescope_2.png,5,6784,crystal_telescope,
175,Group 1,https://raw.githubusercontent.com/adadtur/nvrd-sample/master/novel/shape_28.png,novel,style,20,frostling,https://raw.githubusercontent.com/adadtur/nvrd-sample/master/novel/style/shape_28_20.png,2,5515,shape_28,
175,Group 1,https://raw.githubusercontent.com/adadtur/nvrd-sample/master/novel/shape_24.png,novel,style,19,vraxel,https://raw.githubusercontent.com/adadtur/nvrd-sample/master/novel/style/shape_24_19.png,2,5273,shape_24,
175,Group 1,https://raw.githubusercontent.com/adadtur/nvrd-sample/master/known/dolphin.png,known,background,17,thrimple,https://raw.githubusercontent.com/adadtur/nvrd-sample/master/known/background/dolphin_17.png,6,3463,dolphin,
175,Group 1,https://raw.githubusercontent.com/adadtur/nvrd-sample/master/known/golden-retriever.png,known,shape,11,froatne,https://raw.githubusercontent.com/adadtur/nvrd-sample/master/known/shape/golden-retriever_11.png,3,7944,golden-retriever,
175,Group 1,https://raw.githubusercontent.com/adadtur/nvrd-sample/master/novel/shape_16.png,novel,background,14,sdrindle,https://raw.githubusercontent.com/adadtur/nvrd-sample/master/novel/background/shape_16_14.png,5,3725,shape_16,
175,Group 1,https://raw.githubusercontent.com/adadtur/nvrd-sample/master/novel/shape_11.png,novel,remove,2,scradge,https://raw.githubusercontent.com/adadtur/nvrd-sample/master/novel/remove/shape_11_2.png,4,5921,shape_11,
175,Group 1,https://raw.githubusercontent.com/adadtur/nvrd-sample/master/known/dolphin.png,,,,blick,https://raw.githubusercontent.com/adadtur/nvrd-sample/master/known/rabbit.png,1,2309,attention_check_2,
175,Group 1,https://raw.githubusercontent.com/adadtur/nvrd-sample/master/modified-shape-texture/bird-feathers_saxophone.png,modified/shape-texture,background,8,plonwick,https://raw.githubusercontent.com/adadtur/nvrd-sample/master/modified-shape-texture/background/bird-feathers_saxophone_8.png,5,2144,bird-feathers_saxophone,
175,Group 1,https://raw.githubusercontent.com/adadtur/nvrd-sample/master/novel/shape_28.png,novel,add,19,frostling,https://raw.githubusercontent.com/adadtur/nvrd-sample/master/novel/add/shape_28_19.png,2,4154,shape_28,
175,Group 1,https://raw.githubusercontent.com/adadtur/nvrd-sample/master/modified-shape-shape/crystal_telescope.png,modified/shape-shape,style,17,drublit,https://raw.githubusercontent.com/adadtur/nvrd-sample/master/modified-shape-shape/style/crystal_telescope_17.png,4,3387,crystal_telescope,
175,Group 1,https://raw.githubusercontent.com/adadtur/nvrd-sample/master/known/dolphin.png,known,color,20,thrimple,https://raw.githubusercontent.com/adadtur/nvrd-sample/master/known/color/dolphin_20.png,3,2342,dolphin,
175,Group 1,https://raw.githubusercontent.com/adadtur/nvrd-sample/master/modified-shape-texture/checkerboard_tiger.png,modified/shape-texture,color,2,clentrel,https://raw.githubusercontent.com/adadtur/nvrd-sample/master/modified-shape-texture/color/checkerboard_tiger_2.png,5,2440,checkerboard_tiger,
175,Group 1,https://raw.githubusercontent.com/adadtur/nvrd-sample/master/known/golden-retriever.png,known,background,2,froatne,https://raw.githubusercontent.com/adadtur/nvrd-sample/master/known/background/golden-retriever_2.png,6,4766,golden-retriever,
175,Group 1,https://raw.githubusercontent.com/adadtur/nvrd-sample/master/modified-shape-texture/checkerboard_tiger.png,modified/shape-texture,texture,14,clentrel,https://raw.githubusercontent.com/adadtur/nvrd-sample/master/modified-shape-texture/texture/checkerboard_tiger_14.png,5,2037,checkerboard_tiger,
175,Group 1,https://raw.githubusercontent.com/adadtur/nvrd-sample/master/known/horse.png,known,texture,20,skelwick,https://raw.githubusercontent.com/adadtur/nvrd-sample/master/known/texture/horse_20.png,4,4261,horse,
175,Group 1,https://raw.githubusercontent.com/adadtur/nvrd-sample/master/known/horse.png,known,shape,17,skelwick,https://raw.githubusercontent.com/adadtur/nvrd-sample/master/known/shape/horse_17.png,2,3263,horse,
175,Group 1,https://raw.githubusercontent.com/adadtur/nvrd-sample/master/known/golden-retriever.png,known,shape,19,froatne,https://raw.githubusercontent.com/adadtur/nvrd-sample/master/known/shape/golden-retriever_19.png,2,1707,golden-retriever,
175,Group 1,https://raw.githubusercontent.com/adadtur/nvrd-sample/master/known/golden-retriever.png,known,background,14,froatne,https://raw.githubusercontent.com/adadtur/nvrd-sample/master/known/background/golden-retriever_14.png,6,2804,golden-retriever,
175,Group 1,https://raw.githubusercontent.com/adadtur/nvrd-sample/master/modified-shape-texture/bird-feathers_saxophone.png,modified/shape-texture,color,2,plonwick,https://raw.githubusercontent.com/adadtur/nvrd-sample/master/modified-shape-texture/color/bird-feathers_saxophone_2.png,6,2885,bird-feathers_saxophone,
175,Group 1,https://raw.githubusercontent.com/adadtur/nvrd-sample/master/novel/shape_19.png,novel,color,11,frentish,https://raw.githubusercontent.com/adadtur/nvrd-sample/master/novel/color/shape_19_11.png,4,5531,shape_19,
175,Group 1,https://raw.githubusercontent.com/adadtur/nvrd-sample/master/known/dolphin.png,known,remove,5,thrimple,https://raw.githubusercontent.com/adadtur/nvrd-sample/master/known/remove/dolphin_5.png,2,8624,dolphin,
175,Group 1,https://raw.githubusercontent.com/adadtur/nvrd-sample/master/known/rabbit.png,,,,pon,https://raw.githubusercontent.com/adadtur/nvrd-sample/master/known/corkscrew.png,1,1761,attention_check_3,
175,Group 1,https://raw.githubusercontent.com/adadtur/nvrd-sample/master/novel/shape_24.png,novel,add,2,vraxel,https://raw.githubusercontent.com/adadtur/nvrd-sample/master/novel/add/shape_24_2.png,3,4471,shape_24,
175,Group 1,https://raw.githubusercontent.com/adadtur/nvrd-sample/master/modified-shape-shape/bonsai_crystal.png,modified/shape-shape,color,11,cravish,https://raw.githubusercontent.com/adadtur/nvrd-sample/master/modified-shape-shape/color/bonsai_crystal_11.png,5,5390,bonsai_crystal,
175,Group 1,https://raw.githubusercontent.com/adadtur/nvrd-sample/master/modified-shape-texture/bird-feathers_saxophone.png,modified/shape-texture,remove,2,plonwick,https://raw.githubusercontent.com/adadtur/nvrd-sample/master/modified-shape-texture/remove/bird-feathers_saxophone_2.png,4,3126,bird-feathers_saxophone,
175,Group 1,https://raw.githubusercontent.com/adadtur/nvrd-sample/master/known/dolphin.png,known,color,17,thrimple,https://raw.githubusercontent.com/adadtur/nvrd-sample/master/known/color/dolphin_17.png,4,2500,dolphin,
175,Group 1,https://raw.githubusercontent.com/adadtur/nvrd-sample/master/novel/shape_13.png,novel,remove,20,wrimble,https://raw.githubusercontent.com/adadtur/nvrd-sample/master/novel/remove/shape_13_20.png,1,2075,shape_13,
175,Group 1,https://raw.githubusercontent.com/adadtur/nvrd-sample/master/novel/shape_13.png,novel,style,20,wrimble,https://raw.githubusercontent.com/adadtur/nvrd-sample/master/novel/style/shape_13_20.png,3,4654,shape_13,
175,Group 1,https://raw.githubusercontent.com/adadtur/nvrd-sample/master/modified-shape-shape/crystal_telescope.png,modified/shape-shape,remove,5,drublit,https://raw.githubusercontent.com/adadtur/nvrd-sample/master/modified-shape-shape/remove/crystal_telescope_5.png,1,4903,crystal_telescope,
175,Group 1,https://raw.githubusercontent.com/adadtur/nvrd-sample/master/known/bee.png,known,texture,2,snavish,https://raw.githubusercontent.com/adadtur/nvrd-sample/master/known/texture/bee_2.png,7,5233,bee,
175,Group 1,https://raw.githubusercontent.com/adadtur/nvrd-sample/master/novel/shape_11.png,novel,shape,19,scradge,https://raw.githubusercontent.com/adadtur/nvrd-sample/master/novel/shape/shape_11_19.png,1,2991,shape_11,
175,Group 1,https://raw.githubusercontent.com/adadtur/nvrd-sample/master/novel/shape_24.png,novel,shape,14,vraxel,https://raw.githubusercontent.com/adadtur/nvrd-sample/master/novel/shape/shape_24_14.png,2,2474,shape_24,
175,Group 1,https://raw.githubusercontent.com/adadtur/nvrd-sample/master/modified-shape-texture/bird-feathers_saxophone.png,modified/shape-texture,style,14,plonwick,https://raw.githubusercontent.com/adadtur/nvrd-sample/master/modified-shape-texture/style/bird-feathers_saxophone_14.png,4,3934,bird-feathers_saxophone,
175,Group 1,https://raw.githubusercontent.com/adadtur/nvrd-sample/master/modified-shape-texture/bird-feathers_saxophone.png,modified/shape-texture,add,2,plonwick,https://raw.githubusercontent.com/adadtur/nvrd-sample/master/modified-shape-texture/add/bird-feathers_saxophone_2.png,4,2430,bird-feathers_saxophone,
175,Group 1,https://raw.githubusercontent.com/adadtur/nvrd-sample/master/novel/shape_16.png,novel,add,8,sdrindle,https://raw.githubusercontent.com/adadtur/nvrd-sample/master/novel/add/shape_16_8.png,3,5341,shape_16,
175,Group 1,https://raw.githubusercontent.com/adadtur/nvrd-sample/master/modified-shape-shape/drone_dagger.png,modified/shape-shape,remove,8,zornett,https://raw.githubusercontent.com/adadtur/nvrd-sample/master/modified-shape-shape/remove/drone_dagger_8.png,3,5090,drone_dagger,
175,Group 1,https://raw.githubusercontent.com/adadtur/nvrd-sample/master/known/corkscrew.png,,,,neb,https://raw.githubusercontent.com/adadtur/nvrd-sample/master/known/golden-retriever.png,1,2094,attention_check_4,
175,Group 1,https://raw.githubusercontent.com/adadtur/nvrd-sample/master/known/bee.png,known,texture,20,snavish,https://raw.githubusercontent.com/adadtur/nvrd-sample/master/known/texture/bee_20.png,4,3121,bee,
175,Group 1,https://raw.githubusercontent.com/adadtur/nvrd-sample/master/novel/shape_16.png,novel,shape,5,sdrindle,https://raw.githubusercontent.com/adadtur/nvrd-sample/master/novel/shape/shape_16_5.png,2,2323,shape_16,
175,Group 1,https://raw.githubusercontent.com/adadtur/nvrd-sample/master/known/horse.png,known,remove,2,skelwick,https://raw.githubusercontent.com/adadtur/nvrd-sample/master/known/remove/horse_2.png,5,5707,horse,
175,Group 1,https://raw.githubusercontent.com/adadtur/nvrd-sample/master/novel/shape_16.png,novel,shape,17,sdrindle,https://raw.githubusercontent.com/adadtur/nvrd-sample/master/novel/shape/shape_16_17.png,2,6130,shape_16,
175,Group 1,https://raw.githubusercontent.com/adadtur/nvrd-sample/master/novel/shape_28.png,novel,background,11,frostling,https://raw.githubusercontent.com/adadtur/nvrd-sample/master/novel/background/shape_28_11.png,5,2428,shape_28,
175,Group 1,https://raw.githubusercontent.com/adadtur/nvrd-sample/master/modified-shape-shape/crystal_telescope.png,modified/shape-shape,shape,17,drublit,https://raw.githubusercontent.com/adadtur/nvrd-sample/master/modified-shape-shape/shape/crystal_telescope_17.png,4,5629,crystal_telescope,
175,Group 1,https://raw.githubusercontent.com/adadtur/nvrd-sample/master/modified-shape-texture/checkerboard_tiger.png,modified/shape-texture,color,19,clentrel,https://raw.githubusercontent.com/adadtur/nvrd-sample/master/modified-shape-texture/color/checkerboard_tiger_19.png,5,2689,checkerboard_tiger,
175,Group 1,https://raw.githubusercontent.com/adadtur/nvrd-sample/master/known/rabbit.png,known,shape,11,wrivlet,https://raw.githubusercontent.com/adadtur/nvrd-sample/master/known/shape/rabbit_11.png,4,3497,rabbit,
175,Group 1,https://raw.githubusercontent.com/adadtur/nvrd-sample/master/novel/shape_16.png,novel,style,8,sdrindle,https://raw.githubusercontent.com/adadtur/nvrd-sample/master/novel/style/shape_16_8.png,4,1996,shape_16,
175,Group 1,https://raw.githubusercontent.com/adadtur/nvrd-sample/master/novel/shape_13.png,novel,style,11,wrimble,https://raw.githubusercontent.com/adadtur/nvrd-sample/master/novel/style/shape_13_11.png,4,1868,shape_13,
175,Group 1,https://raw.githubusercontent.com/adadtur/nvrd-sample/master/novel/shape_11.png,novel,add,8,scradge,https://raw.githubusercontent.com/adadtur/nvrd-sample/master/novel/add/shape_11_8.png,4,2567,shape_11,
175,Group 1,https://raw.githubusercontent.com/adadtur/nvrd-sample/master/known/bee.png,known,background,8,snavish,https://raw.githubusercontent.com/adadtur/nvrd-sample/master/known/background/bee_8.png,5,2201,bee,
175,Group 1,https://raw.githubusercontent.com/adadtur/nvrd-sample/master/modified-shape-shape/drone_dagger.png,modified/shape-shape,background,11,zornett,https://raw.githubusercontent.com/adadtur/nvrd-sample/master/modified-shape-shape/background/drone_dagger_11.png,5,1900,drone_dagger,
175,Group 1,https://raw.githubusercontent.com/adadtur/nvrd-sample/master/novel/shape_13.png,novel,shape,19,wrimble,https://raw.githubusercontent.com/adadtur/nvrd-sample/master/novel/shape/shape_13_19.png,1,2941,shape_13,
175,Group 1,https://raw.githubusercontent.com/adadtur/nvrd-sample/master/known/dolphin.png,,,,rav,https://raw.githubusercontent.com/adadtur/nvrd-sample/master/known/rabbit.png,1,1506,attention_check_5,
175,Group 1,https://raw.githubusercontent.com/adadtur/nvrd-sample/master/known/corkscrew.png,known,add,2,vorthling,https://raw.githubusercontent.com/adadtur/nvrd-sample/master/known/add/corkscrew_2.png,5,6979,corkscrew,
175,Group 1,https://raw.githubusercontent.com/adadtur/nvrd-sample/master/novel/shape_16.png,novel,shape,11,sdrindle,https://raw.githubusercontent.com/adadtur/nvrd-sample/master/novel/shape/shape_16_11.png,2,4288,shape_16,
175,Group 1,https://raw.githubusercontent.com/adadtur/nvrd-sample/master/modified-shape-shape/drone_dagger.png,modified/shape-shape,style,20,zornett,https://raw.githubusercontent.com/adadtur/nvrd-sample/master/modified-shape-shape/style/drone_dagger_20.png,4,2477,drone_dagger,
175,Group 1,https://raw.githubusercontent.com/adadtur/nvrd-sample/master/modified-shape-texture/checkerboard_tiger.png,modified/shape-texture,style,2,clentrel,https://raw.githubusercontent.com/adadtur/nvrd-sample/master/modified-shape-texture/style/checkerboard_tiger_2.png,5,3946,checkerboard_tiger,
175,Group 1,https://raw.githubusercontent.com/adadtur/nvrd-sample/master/known/horse.png,known,color,2,skelwick,https://raw.githubusercontent.com/adadtur/nvrd-sample/master/known/color/horse_2.png,6,5845,horse,
175,Group 1,https://raw.githubusercontent.com/adadtur/nvrd-sample/master/modified-shape-shape/crystal_telescope.png,modified/shape-shape,texture,19,drublit,https://raw.githubusercontent.com/adadtur/nvrd-sample/master/modified-shape-shape/texture/crystal_telescope_19.png,5,3144,crystal_telescope,
175,Group 1,https://raw.githubusercontent.com/adadtur/nvrd-sample/master/modified-shape-texture/checkerboard_tv-remote.png,modified/shape-texture,add,17,grestle,https://raw.githubusercontent.com/adadtur/nvrd-sample/master/modified-shape-texture/add/checkerboard_tv-remote_17.png,4,4287,checkerboard_tv-remote,
175,Group 1,https://raw.githubusercontent.com/adadtur/nvrd-sample/master/known/horse.png,known,remove,11,skelwick,https://raw.githubusercontent.com/adadtur/nvrd-sample/master/known/remove/horse_11.png,1,4156,horse,
175,Group 1,https://raw.githubusercontent.com/adadtur/nvrd-sample/master/known/rabbit.png,known,texture,14,wrivlet,https://raw.githubusercontent.com/adadtur/nvrd-sample/master/known/texture/rabbit_14.png,4,3291,rabbit,
175,Group 1,https://raw.githubusercontent.com/adadtur/nvrd-sample/master/novel/shape_16.png,novel,add,14,sdrindle,https://raw.githubusercontent.com/adadtur/nvrd-sample/master/novel/add/shape_16_14.png,3,4984,shape_16,
175,Group 1,https://raw.githubusercontent.com/adadtur/nvrd-sample/master/novel/shape_11.png,novel,texture,2,scradge,https://raw.githubusercontent.com/adadtur/nvrd-sample/master/novel/texture/shape_11_2.png,7,3248,shape_11,
175,Group 1,https://raw.githubusercontent.com/adadtur/nvrd-sample/master/known/golden-retriever.png,known,color,14,froatne,https://raw.githubusercontent.com/adadtur/nvrd-sample/master/known/color/golden-retriever_14.png,5,2123,golden-retriever,
175,Group 1,https://raw.githubusercontent.com/adadtur/nvrd-sample/master/modified-shape-texture/checkerboard_tv-remote.png,modified/shape-texture,texture,5,grestle,https://raw.githubusercontent.com/adadtur/nvrd-sample/master/modified-shape-texture/texture/checkerboard_tv-remote_5.png,6,5951,checkerboard_tv-remote,
175,Group 1,,,,,,,,3433,,
179,Group 1,,,,,,,,,,
179,Group 1,,,,,,,,233105,,
179,Group 1,,,,,,,,6802,,
179,Group 1,,,,,,,7,3133,,
179,Group 1,,,,,,,1,8868,,
179,Group 1,,,,,,,7,3410,,
179,Group 1,,,,,,,,4658,,
179,Group 1,,,,,,,5,1186,,
179,Group 1,,,,,,,,4014,,
179,Group 1,https://raw.githubusercontent.com/adadtur/nvrd-sample/master/novel/shape_16.png,novel,shape,17,sdrindle,https://raw.githubusercontent.com/adadtur/nvrd-sample/master/novel/shape/shape_16_17.png,2,3122,shape_16,
179,Group 1,https://raw.githubusercontent.com/adadtur/nvrd-sample/master/modified-shape-texture/bird-feathers_saxophone.png,modified/shape-texture,style,17,plonwick,https://raw.githubusercontent.com/adadtur/nvrd-sample/master/modified-shape-texture/style/bird-feathers_saxophone_17.png,5,1990,bird-feathers_saxophone,
179,Group 1,https://raw.githubusercontent.com/adadtur/nvrd-sample/master/modified-shape-texture/checkerboard_tiger.png,modified/shape-texture,style,2,clentrel,https://raw.githubusercontent.com/adadtur/nvrd-sample/master/modified-shape-texture/style/checkerboard_tiger_2.png,6,2459,checkerboard_tiger,
179,Group 1,https://raw.githubusercontent.com/adadtur/nvrd-sample/master/known/golden-retriever.png,known,background,14,froatne,https://raw.githubusercontent.com/adadtur/nvrd-sample/master/known/background/golden-retriever_14.png,7,3087,golden-retriever,
179,Group 1,https://raw.githubusercontent.com/adadtur/nvrd-sample/master/modified-shape-texture/bird-feathers_saxophone.png,modified/shape-texture,background,8,plonwick,https://raw.githubusercontent.com/adadtur/nvrd-sample/master/modified-shape-texture/background/bird-feathers_saxophone_8.png,7,2705,bird-feathers_saxophone,
179,Group 1,https://raw.githubusercontent.com/adadtur/nvrd-sample/master/known/horse.png,known,add,2,skelwick,https://raw.githubusercontent.com/adadtur/nvrd-sample/master/known/add/horse_2.png,6,3392,horse,
179,Group 1,https://raw.githubusercontent.com/adadtur/nvrd-sample/master/known/rabbit.png,known,shape,11,wrivlet,https://raw.githubusercontent.com/adadtur/nvrd-sample/master/known/shape/rabbit_11.png,4,5806,rabbit,
179,Group 1,https://raw.githubusercontent.com/adadtur/nvrd-sample/master/modified-shape-shape/crystal_telescope.png,modified/shape-shape,shape,5,drublit,https://raw.githubusercontent.com/adadtur/nvrd-sample/master/modified-shape-shape/shape/crystal_telescope_5.png,5,2108,crystal_telescope,
179,Group 1,https://raw.githubusercontent.com/adadtur/nvrd-sample/master/novel/shape_13.png,novel,remove,20,wrimble,https://raw.githubusercontent.com/adadtur/nvrd-sample/master/novel/remove/shape_13_20.png,1,2554,shape_13,
179,Group 1,https://raw.githubusercontent.com/adadtur/nvrd-sample/master/modified-shape-texture/bird-feathers_saxophone.png,modified/shape-texture,style,14,plonwick,https://raw.githubusercontent.com/adadtur/nvrd-sample/master/modified-shape-texture/style/bird-feathers_saxophone_14.png,5,1617,bird-feathers_saxophone,
179,Group 1,https://raw.githubusercontent.com/adadtur/nvrd-sample/master/novel/shape_24.png,novel,shape,14,vraxel,https://raw.githubusercontent.com/adadtur/nvrd-sample/master/novel/shape/shape_24_14.png,3,3111,shape_24,
179,Group 1,https://raw.githubusercontent.com/adadtur/nvrd-sample/master/modified-shape-shape/crystal_telescope.png,modified/shape-shape,shape,17,drublit,https://raw.githubusercontent.com/adadtur/nvrd-sample/master/modified-shape-shape/shape/crystal_telescope_17.png,3,3987,crystal_telescope,
179,Group 1,https://raw.githubusercontent.com/adadtur/nvrd-sample/master/novel/shape_11.png,novel,color,5,scradge,https://raw.githubusercontent.com/adadtur/nvrd-sample/master/novel/color/shape_11_5.png,6,2610,shape_11,
179,Group 1,https://raw.githubusercontent.com/adadtur/nvrd-sample/master/known/horse.png,known,remove,11,skelwick,https://raw.githubusercontent.com/adadtur/nvrd-sample/master/known/remove/horse_11.png,1,1423,horse,
179,Group 1,https://raw.githubusercontent.com/adadtur/nvrd-sample/master/known/golden-retriever.png,,,,toma,https://raw.githubusercontent.com/adadtur/nvrd-sample/master/known/corkscrew.png,1,1384,attention_check_1,
179,Group 1,https://raw.githubusercontent.com/adadtur/nvrd-sample/master/modified-shape-shape/drone_dagger.png,modified/shape-shape,background,11,zornett,https://raw.githubusercontent.com/adadtur/nvrd-sample/master/modified-shape-shape/background/drone_dagger_11.png,6,2539,drone_dagger,
179,Group 1,https://raw.githubusercontent.com/adadtur/nvrd-sample/master/known/dolphin.png,known,style,19,thrimple,https://raw.githubusercontent.com/adadtur/nvrd-sample/master/known/style/dolphin_19.png,5,2624,dolphin,
179,Group 1,https://raw.githubusercontent.com/adadtur/nvrd-sample/master/modified-shape-texture/checkerboard_tv-remote.png,modified/shape-texture,add,17,grestle,https://raw.githubusercontent.com/adadtur/nvrd-sample/master/modified-shape-texture/add/checkerboard_tv-remote_17.png,2,2919,checkerboard_tv-remote,
179,Group 1,https://raw.githubusercontent.com/adadtur/nvrd-sample/master/known/golden-retriever.png,known,shape,19,froatne,https://raw.githubusercontent.com/adadtur/nvrd-sample/master/known/shape/golden-retriever_19.png,2,8292,golden-retriever,
179,Group 1,https://raw.githubusercontent.com/adadtur/nvrd-sample/master/novel/shape_24.png,novel,remove,8,vraxel,https://raw.githubusercontent.com/adadtur/nvrd-sample/master/novel/remove/shape_24_8.png,1,1535,shape_24,
179,Group 1,https://raw.githubusercontent.com/adadtur/nvrd-sample/master/novel/shape_11.png,novel,texture,2,scradge,https://raw.githubusercontent.com/adadtur/nvrd-sample/master/novel/texture/shape_11_2.png,7,3426,shape_11,
179,Group 1,https://raw.githubusercontent.com/adadtur/nvrd-sample/master/known/dolphin.png,known,color,17,thrimple,https://raw.githubusercontent.com/adadtur/nvrd-sample/master/known/color/dolphin_17.png,6,3808,dolphin,
179,Group 1,https://raw.githubusercontent.com/adadtur/nvrd-sample/master/modified-shape-texture/checkerboard_tv-remote.png,modified/shape-texture,texture,5,grestle,https://raw.githubusercontent.com/adadtur/nvrd-sample/master/modified-shape-texture/texture/checkerboard_tv-remote_5.png,6,2884,checkerboard_tv-remote,
179,Group 1,https://raw.githubusercontent.com/adadtur/nvrd-sample/master/novel/shape_16.png,novel,background,14,sdrindle,https://raw.githubusercontent.com/adadtur/nvrd-sample/master/novel/background/shape_16_14.png,6,2986,shape_16,
179,Group 1,https://raw.githubusercontent.com/adadtur/nvrd-sample/master/modified-shape-texture/bird-feathers_saxophone.png,modified/shape-texture,background,11,plonwick,https://raw.githubusercontent.com/adadtur/nvrd-sample/master/modified-shape-texture/background/bird-feathers_saxophone_11.png,6,2342,bird-feathers_saxophone,
179,Group 1,https://raw.githubusercontent.com/adadtur/nvrd-sample/master/modified-shape-shape/crystal_telescope.png,modified/shape-shape,color,20,drublit,https://raw.githubusercontent.com/adadtur/nvrd-sample/master/modified-shape-shape/color/crystal_telescope_20.png,5,2340,crystal_telescope,
179,Group 1,https://raw.githubusercontent.com/adadtur/nvrd-sample/master/modified-shape-texture/checkerboard_tv-remote.png,modified/shape-texture,texture,2,grestle,https://raw.githubusercontent.com/adadtur/nvrd-sample/master/modified-shape-texture/texture/checkerboard_tv-remote_2.png,7,2394,checkerboard_tv-remote,
179,Group 1,https://raw.githubusercontent.com/adadtur/nvrd-sample/master/known/golden-retriever.png,known,background,2,froatne,https://raw.githubusercontent.com/adadtur/nvrd-sample/master/known/background/golden-retriever_2.png,6,1917,golden-retriever,
179,Group 1,https://raw.githubusercontent.com/adadtur/nvrd-sample/master/novel/shape_28.png,novel,style,20,frostling,https://raw.githubusercontent.com/adadtur/nvrd-sample/master/novel/style/shape_28_20.png,1,2253,shape_28,
179,Group 1,https://raw.githubusercontent.com/adadtur/nvrd-sample/master/known/dolphin.png,,,,blick,https://raw.githubusercontent.com/adadtur/nvrd-sample/master/known/rabbit.png,1,1307,attention_check_2,
179,Group 1,https://raw.githubusercontent.com/adadtur/nvrd-sample/master/known/horse.png,known,shape,17,skelwick,https://raw.githubusercontent.com/adadtur/nvrd-sample/master/known/shape/horse_17.png,2,1955,horse,
179,Group 1,https://raw.githubusercontent.com/adadtur/nvrd-sample/master/novel/shape_19.png,novel,color,11,frentish,https://raw.githubusercontent.com/adadtur/nvrd-sample/master/novel/color/shape_19_11.png,6,20214,shape_19,
179,Group 1,https://raw.githubusercontent.com/adadtur/nvrd-sample/master/novel/shape_11.png,novel,style,2,scradge,https://raw.githubusercontent.com/adadtur/nvrd-sample/master/novel/style/shape_11_2.png,7,1454,shape_11,
179,Group 1,https://raw.githubusercontent.com/adadtur/nvrd-sample/master/novel/shape_16.png,novel,shape,11,sdrindle,https://raw.githubusercontent.com/adadtur/nvrd-sample/master/novel/shape/shape_16_11.png,1,2225,shape_16,
179,Group 1,https://raw.githubusercontent.com/adadtur/nvrd-sample/master/modified-shape-texture/checkerboard_tiger.png,modified/shape-texture,color,19,clentrel,https://raw.githubusercontent.com/adadtur/nvrd-sample/master/modified-shape-texture/color/checkerboard_tiger_19.png,6,3348,checkerboard_tiger,
179,Group 1,https://raw.githubusercontent.com/adadtur/nvrd-sample/master/novel/shape_13.png,novel,style,11,wrimble,https://raw.githubusercontent.com/adadtur/nvrd-sample/master/novel/style/shape_13_11.png,5,1587,shape_13,
179,Group 1,https://raw.githubusercontent.com/adadtur/nvrd-sample/master/known/dolphin.png,known,remove,5,thrimple,https://raw.githubusercontent.com/adadtur/nvrd-sample/master/known/remove/dolphin_5.png,3,3605,dolphin,
179,Group 1,https://raw.githubusercontent.com/adadtur/nvrd-sample/master/known/golden-retriever.png,known,color,14,froatne,https://raw.githubusercontent.com/adadtur/nvrd-sample/master/known/color/golden-retriever_14.png,5,1451,golden-retriever,
179,Group 1,https://raw.githubusercontent.com/adadtur/nvrd-sample/master/modified-shape-texture/bird-feathers_saxophone.png,modified/shape-texture,add,2,plonwick,https://raw.githubusercontent.com/adadtur/nvrd-sample/master/modified-shape-texture/add/bird-feathers_saxophone_2.png,3,1760,bird-feathers_saxophone,
179,Group 1,https://raw.githubusercontent.com/adadtur/nvrd-sample/master/modified-shape-texture/checkerboard_tiger.png,modified/shape-texture,texture,14,clentrel,https://raw.githubusercontent.com/adadtur/nvrd-sample/master/modified-shape-texture/texture/checkerboard_tiger_14.png,4,3837,checkerboard_tiger,
179,Group 1,https://raw.githubusercontent.com/adadtur/nvrd-sample/master/known/horse.png,known,remove,2,skelwick,https://raw.githubusercontent.com/adadtur/nvrd-sample/master/known/remove/horse_2.png,3,3290,horse,
179,Group 1,https://raw.githubusercontent.com/adadtur/nvrd-sample/master/known/dolphin.png,known,background,17,thrimple,https://raw.githubusercontent.com/adadtur/nvrd-sample/master/known/background/dolphin_17.png,6,3346,dolphin,
179,Group 1,https://raw.githubusercontent.com/adadtur/nvrd-sample/master/known/bee.png,known,texture,20,snavish,https://raw.githubusercontent.com/adadtur/nvrd-sample/master/known/texture/bee_20.png,3,4188,bee,
179,Group 1,https://raw.githubusercontent.com/adadtur/nvrd-sample/master/novel/shape_13.png,novel,shape,19,wrimble,https://raw.githubusercontent.com/adadtur/nvrd-sample/master/novel/shape/shape_13_19.png,1,1364,shape_13,
179,Group 1,https://raw.githubusercontent.com/adadtur/nvrd-sample/master/known/rabbit.png,,,,pon,https://raw.githubusercontent.com/adadtur/nvrd-sample/master/known/corkscrew.png,1,1254,attention_check_3,
179,Group 1,https://raw.githubusercontent.com/adadtur/nvrd-sample/master/modified-shape-shape/crystal_telescope.png,modified/shape-shape,texture,19,drublit,https://raw.githubusercontent.com/adadtur/nvrd-sample/master/modified-shape-shape/texture/crystal_telescope_19.png,3,1967,crystal_telescope,
179,Group 1,https://raw.githubusercontent.com/adadtur/nvrd-sample/master/novel/shape_24.png,novel,color,19,vraxel,https://raw.githubusercontent.com/adadtur/nvrd-sample/master/novel/color/shape_24_19.png,5,1583,shape_24,
179,Group 1,https://raw.githubusercontent.com/adadtur/nvrd-sample/master/known/dolphin.png,known,color,20,thrimple,https://raw.githubusercontent.com/adadtur/nvrd-sample/master/known/color/dolphin_20.png,5,1165,dolphin,
179,Group 1,https://raw.githubusercontent.com/adadtur/nvrd-sample/master/novel/shape_11.png,novel,texture,14,scradge,https://raw.githubusercontent.com/adadtur/nvrd-sample/master/novel/texture/shape_11_14.png,3,7591,shape_11,
179,Group 1,https://raw.githubusercontent.com/adadtur/nvrd-sample/master/novel/shape_13.png,novel,style,20,wrimble,https://raw.githubusercontent.com/adadtur/nvrd-sample/master/novel/style/shape_13_20.png,3,2907,shape_13,
179,Group 1,https://raw.githubusercontent.com/adadtur/nvrd-sample/master/novel/shape_11.png,novel,shape,19,scradge,https://raw.githubusercontent.com/adadtur/nvrd-sample/master/novel/shape/shape_11_19.png,1,1323,shape_11,
179,Group 1,https://raw.githubusercontent.com/adadtur/nvrd-sample/master/modified-shape-shape/drone_dagger.png,modified/shape-shape,remove,8,zornett,https://raw.githubusercontent.com/adadtur/nvrd-sample/master/modified-shape-shape/remove/drone_dagger_8.png,1,3918,drone_dagger,
179,Group 1,https://raw.githubusercontent.com/adadtur/nvrd-sample/master/novel/shape_16.png,novel,add,14,sdrindle,https://raw.githubusercontent.com/adadtur/nvrd-sample/master/novel/add/shape_16_14.png,1,2295,shape_16,
179,Group 1,https://raw.githubusercontent.com/adadtur/nvrd-sample/master/modified-shape-shape/drone_dagger.png,modified/shape-shape,style,20,zornett,https://raw.githubusercontent.com/adadtur/nvrd-sample/master/modified-shape-shape/style/drone_dagger_20.png,2,2623,drone_dagger,
179,Group 1,https://raw.githubusercontent.com/adadtur/nvrd-sample/master/modified-shape-shape/bonsai_crystal.png,modified/shape-shape,texture,8,cravish,https://raw.githubusercontent.com/adadtur/nvrd-sample/master/modified-shape-shape/texture/bonsai_crystal_8.png,5,2058,bonsai_crystal,
179,Group 1,https://raw.githubusercontent.com/adadtur/nvrd-sample/master/modified-shape-shape/crystal_telescope.png,modified/shape-shape,texture,8,drublit,https://raw.githubusercontent.com/adadtur/nvrd-sample/master/modified-shape-shape/texture/crystal_telescope_8.png,6,2124,crystal_telescope,
179,Group 1,https://raw.githubusercontent.com/adadtur/nvrd-sample/master/modified-shape-shape/crystal_telescope.png,modified/shape-shape,add,2,drublit,https://raw.githubusercontent.com/adadtur/nvrd-sample/master/modified-shape-shape/add/crystal_telescope_2.png,3,2130,crystal_telescope,
179,Group 1,https://raw.githubusercontent.com/adadtur/nvrd-sample/master/known/bee.png,known,texture,2,snavish,https://raw.githubusercontent.com/adadtur/nvrd-sample/master/known/texture/bee_2.png,7,2932,bee,
179,Group 1,https://raw.githubusercontent.com/adadtur/nvrd-sample/master/novel/shape_16.png,novel,add,8,sdrindle,https://raw.githubusercontent.com/adadtur/nvrd-sample/master/novel/add/shape_16_8.png,3,3626,shape_16,
179,Group 1,https://raw.githubusercontent.com/adadtur/nvrd-sample/master/known/corkscrew.png,,,,neb,https://raw.githubusercontent.com/adadtur/nvrd-sample/master/known/golden-retriever.png,1,1448,attention_check_4,
179,Group 1,https://raw.githubusercontent.com/adadtur/nvrd-sample/master/novel/shape_11.png,novel,remove,2,scradge,https://raw.githubusercontent.com/adadtur/nvrd-sample/master/novel/remove/shape_11_2.png,7,1440,shape_11,
179,Group 1,https://raw.githubusercontent.com/adadtur/nvrd-sample/master/novel/shape_28.png,novel,background,11,frostling,https://raw.githubusercontent.com/adadtur/nvrd-sample/master/novel/background/shape_28_11.png,6,8666,shape_28,
179,Group 1,https://raw.githubusercontent.com/adadtur/nvrd-sample/master/known/bee.png,known,background,8,snavish,https://raw.githubusercontent.com/adadtur/nvrd-sample/master/known/background/bee_8.png,6,1985,bee,
179,Group 1,https://raw.githubusercontent.com/adadtur/nvrd-sample/master/known/dolphin.png,known,background,19,thrimple,https://raw.githubusercontent.com/adadtur/nvrd-sample/master/known/background/dolphin_19.png,6,1309,dolphin,
179,Group 1,https://raw.githubusercontent.com/adadtur/nvrd-sample/master/modified-shape-texture/bird-feathers_saxophone.png,modified/shape-texture,add,20,plonwick,https://raw.githubusercontent.com/adadtur/nvrd-sample/master/modified-shape-texture/add/bird-feathers_saxophone_20.png,2,8389,bird-feathers_saxophone,
179,Group 1,https://raw.githubusercontent.com/adadtur/nvrd-sample/master/known/corkscrew.png,known,add,2,vorthling,https://raw.githubusercontent.com/adadtur/nvrd-sample/master/known/add/corkscrew_2.png,2,1722,corkscrew,
179,Group 1,https://raw.githubusercontent.com/adadtur/nvrd-sample/master/modified-shape-texture/bird-feathers_saxophone.png,modified/shape-texture,color,2,plonwick,https://raw.githubusercontent.com/adadtur/nvrd-sample/master/modified-shape-texture/color/bird-feathers_saxophone_2.png,6,4823,bird-feathers_saxophone,
179,Group 1,https://raw.githubusercontent.com/adadtur/nvrd-sample/master/known/golden-retriever.png,known,shape,11,froatne,https://raw.githubusercontent.com/adadtur/nvrd-sample/master/known/shape/golden-retriever_11.png,1,2000,golden-retriever,
179,Group 1,https://raw.githubusercontent.com/adadtur/nvrd-sample/master/novel/shape_16.png,novel,style,8,sdrindle,https://raw.githubusercontent.com/adadtur/nvrd-sample/master/novel/style/shape_16_8.png,5,4419,shape_16,
179,Group 1,https://raw.githubusercontent.com/adadtur/nvrd-sample/master/modified-shape-shape/crystal_telescope.png,modified/shape-shape,style,17,drublit,https://raw.githubusercontent.com/adadtur/nvrd-sample/master/modified-shape-shape/style/crystal_telescope_17.png,3,1622,crystal_telescope,
179,Group 1,https://raw.githubusercontent.com/adadtur/nvrd-sample/master/novel/shape_16.png,novel,shape,5,sdrindle,https://raw.githubusercontent.com/adadtur/nvrd-sample/master/novel/shape/shape_16_5.png,2,1615,shape_16,
179,Group 1,https://raw.githubusercontent.com/adadtur/nvrd-sample/master/known/horse.png,known,color,2,skelwick,https://raw.githubusercontent.com/adadtur/nvrd-sample/master/known/color/horse_2.png,7,5400,horse,
179,Group 1,https://raw.githubusercontent.com/adadtur/nvrd-sample/master/modified-shape-texture/checkerboard_tiger.png,modified/shape-texture,color,2,clentrel,https://raw.githubusercontent.com/adadtur/nvrd-sample/master/modified-shape-texture/color/checkerboard_tiger_2.png,6,1671,checkerboard_tiger,
179,Group 1,https://raw.githubusercontent.com/adadtur/nvrd-sample/master/modified-shape-shape/crystal_telescope.png,modified/shape-shape,remove,5,drublit,https://raw.githubusercontent.com/adadtur/nvrd-sample/master/modified-shape-shape/remove/crystal_telescope_5.png,1,1977,crystal_telescope,
179,Group 1,https://raw.githubusercontent.com/adadtur/nvrd-sample/master/known/dolphin.png,,,,rav,https://raw.githubusercontent.com/adadtur/nvrd-sample/master/known/rabbit.png,1,1231,attention_check_5,
179,Group 1,https://raw.githubusercontent.com/adadtur/nvrd-sample/master/modified-shape-shape/bonsai_crystal.png,modified/shape-shape,color,11,cravish,https://raw.githubusercontent.com/adadtur/nvrd-sample/master/modified-shape-shape/color/bonsai_crystal_11.png,5,1679,bonsai_crystal,
179,Group 1,https://raw.githubusercontent.com/adadtur/nvrd-sample/master/modified-shape-shape/drone_dagger.png,modified/shape-shape,remove,17,zornett,https://raw.githubusercontent.com/adadtur/nvrd-sample/master/modified-shape-shape/remove/drone_dagger_17.png,1,1223,drone_dagger,
179,Group 1,https://raw.githubusercontent.com/adadtur/nvrd-sample/master/modified-shape-texture/bird-feathers_saxophone.png,modified/shape-texture,remove,2,plonwick,https://raw.githubusercontent.com/adadtur/nvrd-sample/master/modified-shape-texture/remove/bird-feathers_saxophone_2.png,3,4403,bird-feathers_saxophone,
179,Group 1,https://raw.githubusercontent.com/adadtur/nvrd-sample/master/novel/shape_16.png,novel,background,2,sdrindle,https://raw.githubusercontent.com/adadtur/nvrd-sample/master/novel/background/shape_16_2.png,6,1968,shape_16,
179,Group 1,https://raw.githubusercontent.com/adadtur/nvrd-sample/master/novel/shape_11.png,novel,add,8,scradge,https://raw.githubusercontent.com/adadtur/nvrd-sample/master/novel/add/shape_11_8.png,2,2151,shape_11,
179,Group 1,https://raw.githubusercontent.com/adadtur/nvrd-sample/master/known/rabbit.png,known,texture,14,wrivlet,https://raw.githubusercontent.com/adadtur/nvrd-sample/master/known/texture/rabbit_14.png,3,2139,rabbit,
179,Group 1,https://raw.githubusercontent.com/adadtur/nvrd-sample/master/novel/shape_28.png,novel,add,19,frostling,https://raw.githubusercontent.com/adadtur/nvrd-sample/master/novel/add/shape_28_19.png,1,2200,shape_28,
179,Group 1,https://raw.githubusercontent.com/adadtur/nvrd-sample/master/novel/shape_24.png,novel,style,19,vraxel,https://raw.githubusercontent.com/adadtur/nvrd-sample/master/novel/style/shape_24_19.png,3,2299,shape_24,
179,Group 1,https://raw.githubusercontent.com/adadtur/nvrd-sample/master/known/horse.png,known,texture,20,skelwick,https://raw.githubusercontent.com/adadtur/nvrd-sample/master/known/texture/horse_20.png,2,1985,horse,
179,Group 1,https://raw.githubusercontent.com/adadtur/nvrd-sample/master/modified-shape-texture/checkerboard_tiger.png,modified/shape-texture,background,2,clentrel,https://raw.githubusercontent.com/adadtur/nvrd-sample/master/modified-shape-texture/background/checkerboard_tiger_2.png,6,1993,checkerboard_tiger,
179,Group 1,https://raw.githubusercontent.com/adadtur/nvrd-sample/master/known/golden-retriever.png,known,add,14,froatne,https://raw.githubusercontent.com/adadtur/nvrd-sample/master/known/add/golden-retriever_14.png,1,2921,golden-retriever,
179,Group 1,https://raw.githubusercontent.com/adadtur/nvrd-sample/master/novel/shape_19.png,novel,remove,14,frentish,https://raw.githubusercontent.com/adadtur/nvrd-sample/master/novel/remove/shape_19_14.png,1,1688,shape_19,
179,Group 1,https://raw.githubusercontent.com/adadtur/nvrd-sample/master/novel/shape_24.png,novel,add,2,vraxel,https://raw.githubusercontent.com/adadtur/nvrd-sample/master/novel/add/shape_24_2.png,2,3880,shape_24,
179,Group 1,,,,,,,,6041,,
